2018-07-10,21:13:30,143700,1,143700,143770,1,1454,31868
2018-07-10,21:13:31,143710,1,143760,143750,22,1456,31868
2018-07-10,21:13:31,143700,1,143760,143750,22,1456,31868
2018-07-10,21:13:32,143700,1,143760,143750,22,1456,31868
2018-07-10,21:13:34,143680,1,143700,143750,5,1492,31902
2018-07-10,21:13:35,143700,1,143700,143740,1,1492,31902
2018-07-10,21:13:35,143710,1,143700,143740,1,1492,31902
2018-07-10,21:13:36,143710,1,143700,143740,1,1492,31902
2018-07-10,21:13:36,143710,1,143700,143740,1,1492,31902
2018-07-10,21:13:37,143700,1,143710,143740,1,1494,31904
2018-07-10,21:13:39,143700,1,143710,143740,1,1494,31904
2018-07-10,21:13:40,143740,1,143740,143760,1,1496,31904
2018-07-10,21:13:41,143740,1,143740,143760,1,1496,31904
2018-07-10,21:13:42,143700,1,143740,143760,1,1498,31906
2018-07-10,21:13:43,143710,1,143740,143750,1,1498,31906
2018-07-10,21:13:43,143710,1,143740,143760,1,1498,31906
2018-07-10,21:13:44,143710,1,143740,143760,1,1498,31906
2018-07-10,21:13:46,143710,1,143740,143760,1,1498,31906
2018-07-10,21:13:46,143710,1,143740,143760,1,1498,31906
2018-07-10,21:13:48,143710,1,143740,143760,1,1498,31906
2018-07-10,21:13:51,143710,1,143740,143750,1,1498,31906
2018-07-10,21:13:52,143710,1,143740,143750,1,1498,31906
2018-07-10,21:13:54,143710,1,143740,143750,1,1498,31906
2018-07-10,21:13:54,143750,1,143750,143760,1,1500,31906
2018-07-10,21:13:55,143750,1,143750,143770,1,1500,31906
2018-07-10,21:13:55,143750,1,143750,143780,1,1500,31906
2018-07-10,21:13:56,143750,1,143750,143780,1,1500,31906
2018-07-10,21:13:56,143750,1,143750,143780,1,1500,31906
2018-07-10,21:13:59,143750,1,143780,143820,1,1502,31906
2018-07-10,21:14:00,143780,3,143820,143850,2,1506,31904
2018-07-10,21:14:00,143790,1,143790,143850,2,1508,31904
2018-07-10,21:14:01,143820,1,143790,143850,2,1508,31904
2018-07-10,21:14:01,143820,1,143790,143850,2,1508,31904
2018-07-10,21:14:02,143790,1,143820,143850,2,1510,31904
2018-07-10,21:14:02,143790,1,143820,143840,1,1510,31904
2018-07-10,21:14:03,143790,1,143820,143820,2,1510,31904
2018-07-10,21:14:03,143780,2,143820,143820,1,1512,31904
2018-07-10,21:14:04,143780,2,143790,143820,1,1514,31904
2018-07-10,21:14:06,143750,1,143780,143780,2,1518,31904
2018-07-10,21:14:06,143750,1,143780,143780,2,1518,31904
2018-07-10,21:14:09,143750,1,143780,143780,3,1518,31904
2018-07-10,21:14:09,143750,1,143780,143780,3,1518,31904
2018-07-10,21:14:10,143750,1,143780,143780,3,1518,31904
2018-07-10,21:14:11,143750,1,143780,143820,1,1524,31906
2018-07-10,21:14:12,143760,2,143780,143820,1,1524,31906
2018-07-10,21:14:14,143760,1,143760,143820,1,1526,31906
2018-07-10,21:14:15,143760,1,143760,143810,1,1526,31906
2018-07-10,21:14:20,143760,1,143810,143820,1,1528,31908
2018-07-10,21:14:20,143760,1,143810,143810,1,1528,31908
2018-07-10,21:14:21,143760,1,143810,143810,1,1528,31908
2018-07-10,21:14:23,143770,1,143810,143810,1,1528,31908
2018-07-10,21:14:24,143780,1,143810,143810,1,1528,31908
2018-07-10,21:14:27,143780,1,143810,143810,1,1528,31908
2018-07-10,21:14:28,143810,4,143810,143820,1,1530,31908
2018-07-10,21:14:28,143810,3,143810,143850,2,1542,31914
2018-07-10,21:14:29,143820,1,143810,143850,2,1542,31914
2018-07-10,21:14:29,143820,1,143810,143850,2,1542,31914
2018-07-10,21:14:30,143820,1,143810,143850,2,1542,31914
2018-07-10,21:14:31,143820,1,143850,143850,1,1544,31914
2018-07-10,21:14:33,143820,1,143850,143850,2,1544,31914
2018-07-10,21:14:33,143820,1,143850,143850,2,1544,31914
2018-07-10,21:14:34,143810,3,143820,143820,4,1546,31912
2018-07-10,21:14:34,143760,1,143810,143810,3,1554,31916
2018-07-10,21:14:35,143760,1,143810,143810,2,1556,31916
2018-07-10,21:14:35,143760,1,143810,143790,1,1556,31916
2018-07-10,21:14:37,143760,1,143810,143810,2,1556,31916
2018-07-10,21:14:37,143770,1,143810,143810,2,1556,31916
2018-07-10,21:14:38,143770,1,143810,143800,1,1556,31916
2018-07-10,21:14:39,143770,1,143810,143800,1,1556,31916
2018-07-10,21:14:44,143770,1,143810,143810,2,1556,31916
2018-07-10,21:14:45,143770,1,143810,143800,1,1556,31916
2018-07-10,21:14:47,143770,1,143810,143790,1,1556,31916
2018-07-10,21:14:47,143770,1,143810,143810,2,1556,31916
2018-07-10,21:14:48,143770,1,143810,143780,1,1556,31916
2018-07-10,21:14:49,143770,1,143810,143810,2,1556,31916
2018-07-10,21:14:49,143760,1,143770,143810,2,1558,31916
2018-07-10,21:14:50,143760,1,143770,143800,1,1558,31916
2018-07-10,21:14:50,143780,1,143770,143800,1,1558,31916
2018-07-10,21:14:52,143780,1,143770,143800,2,1558,31916
2018-07-10,21:14:53,143760,1,143780,143780,1,1560,31916
2018-07-10,21:14:53,143760,1,143780,143770,1,1560,31916
2018-07-10,21:14:54,143750,1,143760,143770,1,1562,31914
2018-07-10,21:14:54,143710,1,143750,143760,1,1564,31916
2018-07-10,21:14:55,143710,1,143750,143740,1,1564,31916
2018-07-10,21:14:55,143710,1,143740,143730,1,1566,31914
2018-07-10,21:14:56,143740,1,143740,143780,1,1568,31914
2018-07-10,21:14:58,143740,1,143740,143780,1,1568,31914
2018-07-10,21:14:59,143740,1,143740,143780,1,1568,31914
2018-07-10,21:15:00,143740,1,143740,143780,1,1568,31914
2018-07-10,21:15:04,143730,1,143740,143780,1,1568,31914
2018-07-10,21:15:04,143730,1,143740,143770,1,1568,31914
2018-07-10,21:15:06,143730,1,143740,143770,1,1568,31914
2018-07-10,21:15:10,143740,1,143740,143770,1,1568,31914
2018-07-10,21:15:16,143740,1,143740,143770,1,1568,31914
2018-07-10,21:15:18,143740,2,143740,143770,1,1568,31914
2018-07-10,21:15:18,143740,2,143740,143770,1,1568,31914
2018-07-10,21:15:19,143740,2,143740,143770,1,1568,31914
2018-07-10,21:15:20,143740,2,143740,143770,1,1568,31914
2018-07-10,21:15:25,143740,2,143740,143770,1,1568,31914
2018-07-10,21:15:26,143740,3,143740,143770,1,1568,31914
2018-07-10,21:15:27,143740,4,143740,143770,1,1568,31914
2018-07-10,21:15:28,143740,4,143740,143770,1,1568,31914
2018-07-10,21:15:34,143740,4,143740,143770,1,1568,31914
2018-07-10,21:16:00,143740,1,143740,143770,2,1574,31914
2018-07-10,21:16:04,143740,1,143740,143770,2,1574,31914
2018-07-10,21:16:06,143740,1,143740,143770,2,1574,31914
2018-07-10,21:16:09,143740,1,143740,143770,2,1574,31914
2018-07-10,21:16:09,143740,1,143770,143770,1,1576,31914
2018-07-10,21:16:10,143740,1,143770,143790,5,1578,31914
2018-07-10,21:16:14,143740,1,143770,143790,5,1578,31914
2018-07-10,21:16:14,143740,2,143770,143790,5,1578,31914
2018-07-10,21:16:16,143750,2,143770,143790,5,1578,31914
2018-07-10,21:16:16,143750,2,143770,143790,5,1578,31914
2018-07-10,21:16:17,143750,3,143770,143790,5,1578,31914
2018-07-10,21:16:18,143750,3,143770,143790,5,1578,31914
2018-07-10,21:16:21,143750,2,143770,143790,5,1578,31914
2018-07-10,21:16:25,143750,2,143770,143790,5,1578,31914
2018-07-10,21:16:26,143750,2,143770,143790,5,1578,31914
2018-07-10,21:16:26,143750,2,143790,143790,4,1580,31914
2018-07-10,21:16:30,143760,1,143790,143790,4,1580,31914
2018-07-10,21:16:31,143760,1,143790,143790,4,1580,31914
2018-07-10,21:16:32,143750,2,143790,143790,4,1580,31914
2018-07-10,21:16:34,143750,1,143790,143790,4,1580,31914
2018-07-10,21:16:35,143750,1,143790,143780,1,1580,31914
2018-07-10,21:16:38,143750,1,143790,143780,1,1580,31914
2018-07-10,21:16:41,143750,1,143790,143780,1,1580,31914
2018-07-10,21:16:44,143750,1,143790,143780,1,1580,31914
2018-07-10,21:16:47,143750,1,143790,143780,1,1580,31914
2018-07-10,21:16:53,143750,1,143790,143780,1,1580,31914
2018-07-10,21:16:56,143750,1,143790,143780,1,1580,31914
2018-07-10,21:17:14,143750,1,143790,143780,1,1580,31914
2018-07-10,21:17:17,143750,1,143790,143780,1,1580,31914
2018-07-10,21:17:21,143730,3,143750,143780,1,1582,31914
2018-07-10,21:17:22,143730,3,143750,143780,1,1582,31914
2018-07-10,21:17:28,143730,3,143750,143780,1,1582,31914
2018-07-10,21:17:29,143730,3,143750,143780,1,1582,31914
2018-07-10,21:17:30,143740,1,143750,143780,1,1582,31914
2018-07-10,21:17:30,143730,3,143750,143780,1,1582,31914
2018-07-10,21:17:34,143720,1,143730,143780,1,1588,31912
2018-07-10,21:17:35,143720,1,143730,143770,1,1588,31912
2018-07-10,21:17:41,143720,1,143730,143770,1,1588,31912
2018-07-10,21:17:44,143720,1,143730,143770,1,1588,31912
2018-07-10,21:17:45,143720,1,143730,143760,1,1588,31912
2018-07-10,21:17:46,143720,1,143730,143750,1,1588,31912
2018-07-10,21:17:48,143720,1,143730,143750,1,1588,31912
2018-07-10,21:17:48,143720,2,143730,143750,1,1588,31912
2018-07-10,21:17:58,143700,4,143720,143750,1,1592,31914
2018-07-10,21:17:59,143710,1,143720,143750,1,1592,31914
2018-07-10,21:17:59,143710,1,143720,143770,1,1592,31914
2018-07-10,21:18:00,143720,1,143720,143770,1,1592,31914
2018-07-10,21:18:04,143730,1,143720,143770,1,1592,31914
2018-07-10,21:18:05,143730,1,143720,143780,1,1592,31914
2018-07-10,21:18:05,143720,1,143720,143780,1,1592,31914
2018-07-10,21:18:06,143720,1,143790,143790,3,1598,31912
2018-07-10,21:18:06,143730,1,143790,143780,1,1598,31912
2018-07-10,21:18:07,143740,1,143790,143780,1,1598,31912
2018-07-10,21:18:07,143750,1,143790,143780,1,1598,31912
2018-07-10,21:18:08,143750,1,143790,143780,1,1598,31912
2018-07-10,21:18:09,143750,1,143790,143780,1,1598,31912
2018-07-10,21:18:10,143750,1,143790,143780,1,1598,31912
2018-07-10,21:18:11,143750,1,143790,143780,1,1598,31912
2018-07-10,21:18:18,143740,1,143750,143780,1,1600,31912
2018-07-10,21:18:24,143740,1,143750,143780,1,1600,31912
2018-07-10,21:18:26,143740,1,143750,143780,1,1600,31912
2018-07-10,21:18:27,143740,1,143750,143780,1,1600,31912
2018-07-10,21:18:29,143740,1,143750,143780,1,1600,31912
2018-07-10,21:18:33,143740,1,143750,143780,1,1600,31912
2018-07-10,21:18:38,143740,1,143750,143780,1,1600,31912
2018-07-10,21:18:42,143730,1,143740,143780,1,1602,31912
2018-07-10,21:19:01,143710,1,143730,143770,1,1604,31910
2018-07-10,21:19:01,143710,1,143730,143760,2,1604,31910
2018-07-10,21:19:03,143710,1,143760,143760,1,1606,31910
2018-07-10,21:19:05,143760,1,143760,143770,1,1608,31912
2018-07-10,21:19:05,143700,5,143760,143770,1,1610,31914
2018-07-10,21:19:06,143720,1,143760,143770,1,1610,31914
2018-07-10,21:19:06,143730,2,143760,143770,1,1610,31914
2018-07-10,21:19:09,143730,2,143760,143770,1,1610,31914
2018-07-10,21:19:09,143730,2,143760,143770,1,1610,31914
2018-07-10,21:19:10,143730,2,143760,143840,6,1610,31914
2018-07-10,21:19:11,143740,2,143760,143750,2,1610,31914
2018-07-10,21:19:11,143760,4,143750,143840,6,1614,31914
2018-07-10,21:19:12,143770,2,143750,143830,2,1614,31914
2018-07-10,21:19:12,143770,2,143750,143820,1,1614,31914
2018-07-10,21:19:13,143770,2,143750,143820,1,1614,31914
2018-07-10,21:19:13,143770,2,143750,143820,1,1614,31914
2018-07-10,21:19:15,143770,2,143750,143810,1,1614,31914
2018-07-10,21:19:15,143770,2,143750,143810,1,1614,31914
2018-07-10,21:19:17,143770,2,143750,143820,1,1614,31914
2018-07-10,21:19:17,143770,2,143750,143820,1,1614,31914
2018-07-10,21:19:19,143760,1,143770,143820,1,1618,31910
2018-07-10,21:19:20,143760,1,143770,143810,1,1618,31910
2018-07-10,21:19:22,143760,1,143770,143810,1,1618,31910
2018-07-10,21:19:26,143760,1,143770,143810,1,1618,31910
2018-07-10,21:19:29,143760,1,143770,143810,1,1618,31910
2018-07-10,21:19:30,143760,1,143770,143790,1,1618,31910
2018-07-10,21:19:36,143760,1,143770,143790,1,1618,31910
2018-07-10,21:19:38,143760,1,143770,143790,1,1618,31910
2018-07-10,21:19:42,143760,1,143770,143790,1,1618,31910
2018-07-10,21:19:50,143760,1,143770,143790,1,1618,31910
2018-07-10,21:19:53,143760,1,143770,143790,1,1618,31910
2018-07-10,21:19:57,143760,1,143770,143790,1,1618,31910
2018-07-10,21:20:07,143760,1,143770,143810,1,1618,31910
2018-07-10,21:20:08,143760,1,143770,143770,1,1618,31910
2018-07-10,21:20:08,143730,3,143770,143810,1,1622,31906
2018-07-10,21:20:09,143740,1,143770,143800,1,1622,31906
2018-07-10,21:20:10,143740,1,143770,143800,1,1622,31906
2018-07-10,21:20:10,143750,1,143770,143790,1,1622,31906
2018-07-10,21:20:11,143740,1,143750,143790,1,1624,31906
2018-07-10,21:20:11,143740,1,143750,143790,1,1624,31906
2018-07-10,21:20:16,143740,2,143750,143790,1,1624,31906
2018-07-10,21:20:18,143740,2,143750,143790,1,1624,31906
2018-07-10,21:20:26,143740,3,143750,143790,1,1624,31906
2018-07-10,21:20:29,143740,3,143750,143790,1,1624,31906
2018-07-10,21:20:30,143750,1,143750,143790,1,1624,31906
2018-07-10,21:20:31,143750,1,143750,143800,1,1624,31906
2018-07-10,21:20:31,143750,1,143750,143790,1,1624,31906
2018-07-10,21:20:36,143750,1,143750,143790,1,1624,31906
2018-07-10,21:20:41,143750,1,143750,143790,1,1624,31906
2018-07-10,21:20:44,143740,3,143750,143790,1,1626,31908
2018-07-10,21:20:45,143740,3,143750,143780,1,1626,31908
2018-07-10,21:20:46,143740,3,143750,143770,1,1626,31908
2018-07-10,21:20:47,143740,3,143750,143770,1,1626,31908
2018-07-10,21:20:50,143740,3,143750,143770,1,1626,31908
2018-07-10,21:20:56,143740,3,143750,143760,1,1626,31908
2018-07-10,21:20:58,143740,3,143760,143770,1,1628,31906
2018-07-10,21:20:59,143740,3,143760,143770,1,1628,31906
2018-07-10,21:21:01,143740,3,143760,143770,1,1628,31906
2018-07-10,21:21:05,143740,2,143740,143770,1,1630,31906
2018-07-10,21:21:06,143740,2,143740,143770,1,1630,31906
2018-07-10,21:21:07,143740,2,143740,143770,1,1630,31906
2018-07-10,21:21:07,143740,2,143740,143760,1,1630,31906
2018-07-10,21:21:08,143730,2,143740,143760,1,1634,31908
2018-07-10,21:21:08,143710,1,143730,143760,1,1638,31912
2018-07-10,21:21:09,143710,1,143730,143750,2,1638,31912
2018-07-10,21:21:09,143710,1,143730,143740,2,1638,31912
2018-07-10,21:21:11,143710,1,143730,143740,2,1638,31912
2018-07-10,21:21:13,143710,1,143740,143750,16,1642,31912
2018-07-10,21:21:13,143710,2,143740,143750,16,1642,31912
2018-07-10,21:21:14,143710,2,143740,143750,16,1642,31912
2018-07-10,21:21:14,143710,2,143740,143740,1,1642,31912
2018-07-10,21:21:15,143710,2,143740,143740,1,1642,31912
2018-07-10,21:21:15,143710,2,143740,143740,2,1642,31912
2018-07-10,21:21:21,143710,2,143740,143740,2,1642,31912
2018-07-10,21:21:25,143710,2,143740,143740,2,1642,31912
2018-07-10,21:21:26,143710,2,143740,143740,2,1642,31912
2018-07-10,21:21:28,143710,2,143740,143740,3,1642,31912
2018-07-10,21:21:30,143710,2,143740,143740,3,1642,31912
2018-07-10,21:21:30,143700,4,143710,143740,3,1646,31910
2018-07-10,21:21:31,143700,4,143730,143740,3,1648,31910
2018-07-10,21:21:32,143700,1,143700,143740,3,1654,31908
2018-07-10,21:21:33,143650,1,143700,143730,1,1656,31908
2018-07-10,21:21:33,143660,1,143700,143720,1,1656,31908
2018-07-10,21:21:34,143660,1,143700,143710,1,1656,31908
2018-07-10,21:21:34,143660,1,143700,143700,1,1656,31908
2018-07-10,21:21:35,143660,1,143700,143700,1,1656,31908
2018-07-10,21:21:35,143660,1,143700,143700,2,1656,31908
2018-07-10,21:21:37,143660,1,143700,143700,1,1658,31908
2018-07-10,21:21:39,143700,1,143700,143720,1,1660,31908
2018-07-10,21:21:40,143660,1,143700,143730,1,1662,31910
2018-07-10,21:21:44,143660,3,143700,143730,1,1662,31910
2018-07-10,21:21:44,143670,3,143700,143720,1,1662,31910
2018-07-10,21:21:45,143670,3,143700,143720,1,1662,31910
2018-07-10,21:21:45,143670,3,143700,143720,2,1662,31910
2018-07-10,21:21:48,143670,2,143670,143720,2,1664,31912
2018-07-10,21:21:55,143670,1,143670,143720,2,1666,31912
2018-07-10,21:21:56,143670,1,143670,143710,1,1666,31912
2018-07-10,21:21:56,143660,3,143670,143710,1,1666,31912
2018-07-10,21:21:57,143660,3,143670,143670,1,1666,31912
2018-07-10,21:21:57,143660,3,143670,143700,1,1674,31910
2018-07-10,21:22:01,143660,3,143670,143700,1,1674,31910
2018-07-10,21:22:05,143700,1,143670,143710,1,1674,31910
2018-07-10,21:22:05,143660,3,143700,143710,1,1676,31910
2018-07-10,21:22:06,143660,3,143700,143700,1,1676,31910
2018-07-10,21:22:09,143660,3,143700,143710,1,1678,31910
2018-07-10,21:22:19,143660,3,143700,143710,1,1678,31910
2018-07-10,21:22:21,143710,1,143710,143750,15,1680,31910
2018-07-10,21:22:21,143660,2,143710,143740,1,1682,31912
2018-07-10,21:22:22,143670,2,143710,143730,1,1682,31912
2018-07-10,21:22:22,143670,2,143710,143720,1,1682,31912
2018-07-10,21:22:24,143670,2,143710,143720,1,1682,31912
2018-07-10,21:22:25,143670,2,143710,143720,1,1682,31912
2018-07-10,21:22:28,143670,2,143710,143720,1,1682,31912
2018-07-10,21:22:31,143670,2,143710,143720,1,1682,31912
2018-07-10,21:22:36,143680,1,143710,143720,1,1682,31912
2018-07-10,21:22:42,143680,1,143710,143720,1,1682,31912
2018-07-10,21:22:44,143680,1,143710,143720,1,1682,31912
2018-07-10,21:22:45,143690,1,143710,143720,1,1682,31912
2018-07-10,21:22:46,143690,1,143710,143720,1,1682,31912
2018-07-10,21:22:50,143690,1,143710,143700,17,1682,31912
2018-07-10,21:22:50,143680,2,143690,143690,1,1684,31914
2018-07-10,21:22:51,143680,2,143690,143690,1,1684,31914
2018-07-10,21:22:56,143680,2,143690,143690,1,1684,31914
2018-07-10,21:22:56,143680,2,143690,143700,17,1684,31914
2018-07-10,21:22:57,143670,1,143680,143700,17,1688,31918
2018-07-10,21:22:57,143650,1,143670,143690,1,1690,31920
2018-07-10,21:22:58,143650,1,143670,143690,2,1690,31920
2018-07-10,21:22:58,143650,1,143670,143680,2,1690,31920
2018-07-10,21:22:59,143650,1,143670,143680,3,1690,31920
2018-07-10,21:23:04,143650,1,143670,143680,3,1690,31920
2018-07-10,21:23:05,143610,1,143670,143680,3,1690,31920
2018-07-10,21:23:06,143620,1,143670,143670,1,1690,31920
2018-07-10,21:23:06,143620,1,143670,143680,3,1692,31922
2018-07-10,21:23:07,143630,1,143670,143680,3,1692,31922
2018-07-10,21:23:07,143630,1,143670,143670,1,1692,31922
2018-07-10,21:23:09,143630,1,143670,143680,3,1692,31922
2018-07-10,21:23:12,143630,1,143670,143670,1,1692,31922
2018-07-10,21:23:12,143640,1,143670,143670,1,1692,31922
2018-07-10,21:23:13,143640,1,143670,143670,1,1692,31922
2018-07-10,21:23:13,143640,1,143670,143680,3,1692,31922
2018-07-10,21:23:14,143650,1,143670,143680,2,1692,31922
2018-07-10,21:23:15,143650,1,143670,143680,1,1692,31922
2018-07-10,21:23:16,143650,1,143670,143680,1,1692,31922
2018-07-10,21:23:17,143650,1,143670,143690,1,1692,31922
2018-07-10,21:23:18,143650,1,143670,143680,1,1692,31922
2018-07-10,21:23:18,143650,1,143670,143690,1,1692,31922
2018-07-10,21:23:19,143650,1,143670,143690,2,1692,31922
2018-07-10,21:23:19,143650,1,143670,143680,1,1692,31922
2018-07-10,21:23:23,143650,1,143670,143680,1,1692,31922
2018-07-10,21:23:25,143640,1,143650,143650,2,1694,31922
2018-07-10,21:23:25,143630,2,143640,143680,1,1704,31918
2018-07-10,21:23:27,143630,2,143640,143670,1,1704,31918
2018-07-10,21:23:28,143630,2,143640,143660,1,1704,31918
2018-07-10,21:23:30,143630,2,143660,143680,2,1706,31918
2018-07-10,21:23:31,143640,1,143660,143680,2,1706,31918
2018-07-10,21:23:31,143640,1,143660,143670,1,1706,31918
2018-07-10,21:23:32,143640,1,143660,143680,2,1706,31918
2018-07-10,21:23:34,143640,1,143660,143680,2,1706,31918
2018-07-10,21:23:37,143640,1,143660,143670,1,1706,31918
2018-07-10,21:23:37,143630,2,143660,143680,2,1706,31918
2018-07-10,21:23:38,143630,2,143660,143670,1,1706,31918
2018-07-10,21:23:39,143630,2,143660,143680,2,1706,31918
2018-07-10,21:23:49,143640,1,143660,143680,2,1706,31918
2018-07-10,21:23:50,143640,1,143660,143680,2,1706,31918
2018-07-10,21:23:56,143680,3,143680,143690,2,1710,31916
2018-07-10,21:23:56,143680,3,143690,143700,17,1714,31918
2018-07-10,21:23:57,143680,3,143690,143700,17,1714,31918
2018-07-10,21:23:58,143680,3,143690,143700,17,1714,31918
2018-07-10,21:23:59,143640,1,143680,143700,17,1720,31918
2018-07-10,21:23:59,143650,1,143680,143690,2,1720,31918
2018-07-10,21:24:00,143650,1,143680,143690,1,1720,31918
2018-07-10,21:24:00,143650,1,143690,143700,17,1722,31920
2018-07-10,21:24:01,143690,1,143690,143700,17,1722,31920
2018-07-10,21:24:01,143650,1,143700,143700,16,1728,31924
2018-07-10,21:24:02,143650,1,143700,143700,16,1728,31924
2018-07-10,21:24:04,143660,1,143700,143700,16,1728,31924
2018-07-10,21:24:05,143660,1,143700,143700,14,1732,31928
2018-07-10,21:24:06,143660,1,143700,143700,14,1732,31928
2018-07-10,21:24:07,143660,1,143700,143700,14,1732,31928
2018-07-10,21:24:07,143660,1,143700,143700,11,1738,31932
2018-07-10,21:24:08,143670,1,143700,143740,3,1760,31938
2018-07-10,21:24:08,143680,1,143700,143740,3,1760,31938
2018-07-10,21:24:09,143700,2,143700,143740,3,1760,31938
2018-07-10,21:24:09,143700,2,143700,143740,3,1760,31938
2018-07-10,21:24:12,143700,2,143740,143740,1,1764,31942
2018-07-10,21:24:13,143710,1,143740,143750,15,1770,31940
2018-07-10,21:24:14,143710,1,143740,143750,15,1770,31940
2018-07-10,21:24:23,143710,1,143740,143750,15,1770,31940
2018-07-10,21:24:25,143700,3,143710,143750,15,1772,31938
2018-07-10,21:24:29,143700,4,143710,143750,15,1772,31938
2018-07-10,21:24:36,143700,4,143710,143740,1,1772,31938
2018-07-10,21:24:39,143700,4,143710,143740,2,1772,31938
2018-07-10,21:24:41,143700,4,143710,143740,2,1772,31938
2018-07-10,21:24:42,143700,4,143710,143750,15,1772,31938
2018-07-10,21:24:43,143700,4,143710,143740,1,1772,31938
2018-07-10,21:24:46,143700,4,143740,143750,15,1774,31940
2018-07-10,21:24:46,143700,4,143740,143740,1,1774,31940
2018-07-10,21:24:47,143710,1,143740,143740,1,1774,31940
2018-07-10,21:24:47,143710,2,143740,143740,1,1774,31940
2018-07-10,21:24:48,143710,2,143740,143740,1,1774,31940
2018-07-10,21:24:48,143710,2,143740,143740,1,1774,31940
2018-07-10,21:24:55,143710,2,143740,143740,2,1774,31940
2018-07-10,21:24:57,143710,2,143740,143740,2,1774,31940
2018-07-10,21:24:58,143710,2,143740,143730,1,1774,31940
2018-07-10,21:24:58,143710,1,143740,143730,1,1774,31940
2018-07-10,21:25:00,143700,2,143740,143730,1,1774,31940
2018-07-10,21:25:00,143700,2,143740,143730,1,1774,31940
2018-07-10,21:25:03,143700,3,143740,143730,1,1774,31940
2018-07-10,21:25:17,143700,4,143740,143730,1,1774,31940
2018-07-10,21:25:17,143710,1,143740,143730,1,1774,31940
2018-07-10,21:25:21,143710,1,143740,143730,1,1774,31940
2018-07-10,21:25:23,143710,1,143740,143730,1,1774,31940
2018-07-10,21:25:30,143710,1,143740,143730,1,1774,31940
2018-07-10,21:25:31,143710,1,143730,143740,1,1776,31938
2018-07-10,21:25:34,143710,1,143730,143740,1,1776,31938
2018-07-10,21:25:37,143710,1,143730,143740,1,1776,31938
2018-07-10,21:25:37,143710,1,143730,143740,1,1776,31938
2018-07-10,21:25:42,143710,1,143730,143740,1,1776,31938
2018-07-10,21:25:58,143710,1,143730,143740,1,1776,31938
2018-07-10,21:26:06,143700,3,143710,143710,11,1778,31936
2018-07-10,21:26:07,143670,1,143700,143710,11,1784,31940
2018-07-10,21:26:07,143630,4,143700,143710,11,1784,31940
2018-07-10,21:26:08,143640,1,143700,143700,2,1784,31940
2018-07-10,21:26:09,143640,2,143700,143700,2,1784,31940
2018-07-10,21:26:10,143670,1,143700,143700,2,1784,31940
2018-07-10,21:26:10,143650,3,143670,143700,1,1786,31940
2018-07-10,21:26:15,143660,1,143670,143700,1,1786,31940
2018-07-10,21:26:17,143660,1,143670,143700,1,1786,31940
2018-07-10,21:26:17,143660,1,143670,143700,2,1786,31940
2018-07-10,21:26:18,143660,1,143670,143700,3,1786,31940
2018-07-10,21:26:22,143700,2,143700,143710,11,1792,31940
2018-07-10,21:26:23,143660,2,143700,143700,1,1796,31936
2018-07-10,21:26:23,143670,1,143700,143700,1,1796,31936
2018-07-10,21:26:24,143670,1,143700,143700,1,1796,31936
2018-07-10,21:26:25,143670,1,143700,143710,11,1798,31938
2018-07-10,21:26:30,143670,1,143700,143710,11,1798,31938
2018-07-10,21:26:33,143670,1,143700,143710,11,1798,31938
2018-07-10,21:26:35,143670,1,143700,143740,1,1798,31938
2018-07-10,21:26:36,143680,1,143700,143740,1,1798,31938
2018-07-10,21:26:36,143690,1,143700,143740,1,1798,31938
2018-07-10,21:26:43,143690,1,143700,143730,2,1798,31938
2018-07-10,21:26:44,143690,1,143700,143730,2,1798,31938
2018-07-10,21:26:54,143690,1,143700,143730,2,1798,31938
2018-07-10,21:26:55,143690,1,143700,143730,2,1798,31938
2018-07-10,21:26:57,143690,1,143700,143730,2,1798,31938
2018-07-10,21:27:06,143680,1,143690,143730,2,1800,31938
2018-07-10,21:27:06,143680,1,143690,143720,1,1800,31938
2018-07-10,21:27:07,143670,1,143690,143720,1,1800,31938
2018-07-10,21:27:15,143670,2,143690,143720,1,1800,31938
2018-07-10,21:27:16,143680,1,143690,143720,1,1800,31938
2018-07-10,21:27:17,143680,2,143690,143720,1,1800,31938
2018-07-10,21:27:18,143680,2,143720,143730,2,1802,31940
2018-07-10,21:27:18,143690,1,143720,143730,2,1802,31940
2018-07-10,21:27:20,143690,2,143720,143730,2,1802,31940
2018-07-10,21:27:20,143700,1,143720,143730,2,1802,31940
2018-07-10,21:27:33,143700,1,143730,143730,1,1804,31940
2018-07-10,21:27:33,143700,1,143730,143740,1,1806,31940
2018-07-10,21:27:46,143700,1,143730,143740,1,1806,31940
2018-07-10,21:27:47,143700,1,143730,143740,1,1806,31940
2018-07-10,21:27:56,143700,1,143730,143740,1,1806,31940
2018-07-10,21:28:02,143700,1,143730,143740,1,1806,31940
2018-07-10,21:28:08,143700,1,143730,143740,1,1806,31940
2018-07-10,21:28:14,143700,1,143730,143740,1,1806,31940
2018-07-10,21:28:16,143700,2,143730,143740,1,1806,31940
2018-07-10,21:28:22,143700,1,143730,143740,1,1806,31940
2018-07-10,21:28:22,143720,1,143730,143740,1,1806,31940
2018-07-10,21:28:23,143720,1,143730,143740,1,1806,31940
2018-07-10,21:28:28,143700,1,143720,143740,1,1808,31938
2018-07-10,21:28:37,143700,1,143720,143740,1,1808,31938
2018-07-10,21:28:40,143710,1,143720,143740,1,1808,31938
2018-07-10,21:28:56,143710,1,143720,143740,1,1808,31938
2018-07-10,21:29:08,143710,1,143740,143750,17,1810,31938
2018-07-10,21:29:12,143710,1,143740,143750,17,1810,31938
2018-07-10,21:29:16,143710,1,143740,143750,17,1810,31938
2018-07-10,21:29:18,143710,1,143750,143750,16,1812,31940
2018-07-10,21:29:23,143710,1,143750,143750,16,1812,31940
2018-07-10,21:29:23,143710,1,143750,143740,1,1812,31940
2018-07-10,21:29:24,143720,1,143750,143740,1,1812,31940
2018-07-10,21:29:28,143720,1,143740,143750,16,1814,31942
2018-07-10,21:29:31,143720,1,143740,143750,16,1814,31942
2018-07-10,21:29:32,143720,1,143740,143750,16,1814,31942
2018-07-10,21:29:44,143720,1,143740,143750,16,1814,31942
2018-07-10,21:29:46,143720,1,143750,143750,15,1816,31944
2018-07-10,21:29:47,143720,1,143750,143750,7,1832,31954
2018-07-10,21:29:48,143750,5,143750,143840,1,1846,31958
2018-07-10,21:29:48,143760,1,143850,143860,4,1850,31958
2018-07-10,21:29:49,143770,3,143850,143850,1,1852,31958
2018-07-10,21:29:49,143780,2,143850,143850,1,1852,31958
2018-07-10,21:29:50,143790,3,143850,143850,1,1852,31958
2018-07-10,21:29:50,143800,1,143850,143860,4,1852,31958
2018-07-10,21:29:51,143810,1,143850,143860,4,1852,31958
2018-07-10,21:29:52,143830,1,143850,143860,4,1852,31958
2018-07-10,21:29:53,143840,1,143850,143860,4,1852,31958
2018-07-10,21:29:53,143810,1,143840,143860,4,1854,31958
2018-07-10,21:29:58,143810,1,143840,143860,4,1854,31958
2018-07-10,21:30:02,143810,1,143840,143860,4,1854,31958
2018-07-10,21:30:03,143820,1,143840,143850,1,1854,31958
2018-07-10,21:30:03,143820,1,143840,143850,1,1854,31958
2018-07-10,21:30:04,143820,1,143840,143850,1,1854,31958
2018-07-10,21:30:06,143800,1,143820,143820,1,1856,31956
2018-07-10,21:30:07,143750,5,143820,143820,1,1856,31956
2018-07-10,21:30:07,143760,1,143820,143810,1,1856,31956
2018-07-10,21:30:08,143810,3,143810,143820,1,1858,31956
2018-07-10,21:30:08,143810,2,143820,143850,1,1862,31954
2018-07-10,21:30:09,143820,1,143820,143850,1,1862,31954
2018-07-10,21:30:11,143820,1,143820,143850,2,1862,31954
2018-07-10,21:30:11,143810,2,143820,143820,1,1864,31952
2018-07-10,21:30:12,143830,1,143820,143850,2,1870,31946
2018-07-10,21:30:12,143700,1,143830,143830,1,1872,31946
2018-07-10,21:30:13,143770,1,143830,143820,3,1872,31946
2018-07-10,21:30:13,143770,1,143830,143820,3,1872,31946
2018-07-10,21:30:14,143770,1,143830,143820,3,1872,31946
2018-07-10,21:30:14,143770,1,143830,143820,3,1872,31946
2018-07-10,21:30:15,143770,1,143830,143820,3,1872,31946
2018-07-10,21:30:15,143770,1,143830,143820,3,1872,31946
2018-07-10,21:30:16,143770,2,143830,143820,3,1872,31946
2018-07-10,21:30:17,143780,2,143830,143820,3,1872,31946
2018-07-10,21:30:17,143780,2,143830,143820,2,1872,31946
2018-07-10,21:30:18,143790,1,143830,143820,2,1872,31946
2018-07-10,21:30:18,143790,1,143830,143820,2,1872,31946
2018-07-10,21:30:19,143790,1,143830,143820,2,1872,31946
2018-07-10,21:30:21,143790,1,143830,143820,2,1872,31946
2018-07-10,21:30:21,143780,3,143790,143790,5,1874,31944
2018-07-10,21:30:22,143780,2,143790,143790,2,1880,31944
2018-07-10,21:30:22,143780,2,143790,143820,1,1884,31944
2018-07-10,21:30:23,143790,1,143790,143830,1,1884,31944
2018-07-10,21:30:26,143790,2,143790,143830,1,1884,31944
2018-07-10,21:30:26,143790,3,143790,143830,1,1884,31944
2018-07-10,21:30:28,143790,2,143790,143830,1,1886,31944
2018-07-10,21:30:30,143790,2,143790,143830,1,1886,31944
2018-07-10,21:30:32,143790,1,143790,143830,1,1886,31944
2018-07-10,21:30:33,143790,1,143790,143830,1,1886,31944
2018-07-10,21:30:35,143790,1,143790,143830,2,1886,31944
2018-07-10,21:30:35,143790,1,143790,143820,1,1886,31944
2018-07-10,21:30:38,143800,1,143790,143820,1,1886,31944
2018-07-10,21:30:39,143790,1,143800,143800,1,1888,31944
2018-07-10,21:30:39,143780,2,143790,143820,1,1890,31944
2018-07-10,21:30:42,143770,2,143780,143820,1,1894,31944
2018-07-10,21:30:43,143770,2,143780,143820,1,1894,31944
2018-07-10,21:30:43,143770,2,143780,143810,1,1894,31944
2018-07-10,21:30:45,143770,2,143780,143810,1,1894,31944
2018-07-10,21:30:50,143770,2,143780,143810,1,1894,31944
2018-07-10,21:30:51,143710,1,143770,143760,1,1898,31942
2018-07-10,21:30:51,143720,1,143770,143760,1,1898,31942
2018-07-10,21:30:52,143720,1,143770,143770,3,1898,31942
2018-07-10,21:30:52,143720,1,143770,143760,1,1898,31942
2018-07-10,21:30:53,143720,1,143760,143770,3,1900,31942
2018-07-10,21:30:56,143730,1,143770,143770,2,1902,31942
2018-07-10,21:30:57,143730,1,143770,143770,2,1902,31942
2018-07-10,21:31:02,143720,1,143730,143770,2,1904,31940
2018-07-10,21:31:02,143720,1,143770,143810,1,1908,31944
2018-07-10,21:31:03,143730,2,143770,143800,2,1908,31944
2018-07-10,21:31:04,143730,2,143770,143800,2,1908,31944
2018-07-10,21:31:05,143730,2,143770,143790,1,1908,31944
2018-07-10,21:31:08,143740,1,143770,143790,1,1908,31944
2018-07-10,21:31:09,143740,2,143770,143790,1,1908,31944
2018-07-10,21:31:10,143740,2,143770,143790,1,1908,31944
2018-07-10,21:31:10,143740,2,143770,143790,1,1908,31944
2018-07-10,21:31:11,143740,2,143770,143790,1,1908,31944
2018-07-10,21:31:12,143740,1,143770,143790,1,1908,31944
2018-07-10,21:31:14,143740,1,143770,143790,1,1908,31944
2018-07-10,21:31:19,143740,1,143790,143800,2,1910,31946
2018-07-10,21:31:19,143750,1,143790,143800,2,1910,31946
2018-07-10,21:31:22,143750,1,143790,143800,2,1910,31946
2018-07-10,21:31:26,143750,1,143790,143800,2,1910,31946
2018-07-10,21:31:27,143750,2,143790,143800,2,1910,31946
2018-07-10,21:31:31,143750,5,143790,143800,2,1910,31946
2018-07-10,21:31:33,143750,5,143790,143800,3,1910,31946
2018-07-10,21:31:35,143750,5,143790,143790,1,1910,31946
2018-07-10,21:31:36,143750,5,143790,143790,1,1910,31946
2018-07-10,21:31:37,143750,5,143790,143790,1,1910,31946
2018-07-10,21:31:37,143750,5,143790,143790,1,1910,31946
2018-07-10,21:31:44,143750,5,143790,143780,1,1910,31946
2018-07-10,21:31:48,143750,5,143790,143780,1,1910,31946
2018-07-10,21:32:01,143750,5,143790,143780,1,1910,31946
2018-07-10,21:32:01,143750,5,143780,143790,1,1912,31946
2018-07-10,21:32:07,143750,5,143780,143790,1,1912,31946
2018-07-10,21:32:08,143750,5,143780,143780,1,1912,31946
2018-07-10,21:32:08,143750,5,143780,143780,1,1912,31946
2018-07-10,21:32:14,143750,5,143780,143780,1,1912,31946
2018-07-10,21:32:22,143750,5,143780,143780,1,1912,31946
2018-07-10,21:32:36,143750,5,143780,143780,1,1914,31948
2018-07-10,21:32:43,143750,5,143780,143780,1,1914,31948
2018-07-10,21:32:45,143750,5,143780,143780,1,1914,31948
2018-07-10,21:32:46,143750,5,143780,143780,1,1914,31948
2018-07-10,21:32:47,143750,5,143780,143780,2,1914,31948
2018-07-10,21:32:54,143750,2,143780,143780,2,1914,31948
2018-07-10,21:32:54,143750,2,143780,143780,2,1914,31948
2018-07-10,21:32:55,143750,2,143780,143770,1,1914,31948
2018-07-10,21:32:55,143750,2,143780,143790,1,1920,31948
2018-07-10,21:32:58,143750,2,143780,143790,2,1920,31948
2018-07-10,21:33:02,143750,2,143780,143780,1,1920,31948
2018-07-10,21:33:03,143750,3,143780,143780,1,1920,31948
2018-07-10,21:33:07,143750,3,143780,143780,2,1920,31948
2018-07-10,21:33:09,143750,3,143780,143780,1,1922,31950
2018-07-10,21:33:10,143750,3,143780,143780,1,1922,31950
2018-07-10,21:33:12,143750,3,143780,143780,1,1922,31950
2018-07-10,21:33:15,143750,3,143780,143780,1,1922,31950
2018-07-10,21:33:21,143750,2,143750,143780,1,1924,31950
2018-07-10,21:33:21,143750,2,143750,143780,1,1924,31950
2018-07-10,21:33:22,143760,9,143750,143780,1,1924,31950
2018-07-10,21:33:22,143780,1,143780,143790,1,1926,31950
2018-07-10,21:33:23,143780,1,143780,143790,1,1926,31950
2018-07-10,21:33:30,143780,1,143780,143790,1,1926,31950
2018-07-10,21:33:30,143760,9,143780,143790,1,1926,31950
2018-07-10,21:33:32,143760,8,143760,143790,1,1928,31952
2018-07-10,21:33:42,143760,8,143760,143790,2,1928,31952
2018-07-10,21:33:46,143760,8,143760,143790,2,1928,31952
2018-07-10,21:33:49,143760,8,143760,143790,2,1928,31952
2018-07-10,21:33:50,143760,8,143760,143790,2,1928,31952
2018-07-10,21:33:50,143760,7,143760,143790,2,1930,31952
2018-07-10,21:33:51,143760,7,143760,143790,2,1930,31952
2018-07-10,21:33:53,143760,7,143760,143790,2,1930,31952
2018-07-10,21:33:59,143760,7,143790,143800,3,1934,31956
2018-07-10,21:34:11,143760,7,143790,143800,3,1934,31956
2018-07-10,21:34:12,143760,7,143790,143800,3,1934,31956
2018-07-10,21:34:15,143760,7,143790,143800,4,1934,31956
2018-07-10,21:34:15,143760,7,143790,143800,4,1934,31956
2018-07-10,21:34:17,143770,1,143790,143800,4,1934,31956
2018-07-10,21:34:18,143810,1,143800,143830,1,1942,31960
2018-07-10,21:34:18,143770,1,143810,143810,1,1944,31960
2018-07-10,21:34:19,143770,1,143810,143810,1,1944,31960
2018-07-10,21:34:21,143770,1,143810,143810,1,1944,31960
2018-07-10,21:34:21,143770,1,143810,143810,1,1944,31960
2018-07-10,21:34:22,143760,8,143770,143810,1,1946,31960
2018-07-10,21:34:22,143770,1,143770,143810,1,1946,31960
2018-07-10,21:34:23,143770,2,143770,143810,1,1946,31960
2018-07-10,21:34:24,143770,3,143770,143810,1,1946,31960
2018-07-10,21:34:26,143770,3,143770,143830,1,1946,31960
2018-07-10,21:34:27,143780,1,143770,143830,1,1946,31960
2018-07-10,21:34:27,143780,1,143770,143830,1,1946,31960
2018-07-10,21:34:29,143780,1,143770,143830,2,1946,31960
2018-07-10,21:34:30,143780,1,143770,143820,1,1946,31960
2018-07-10,21:34:30,143770,2,143770,143820,1,1946,31960
2018-07-10,21:34:31,143770,2,143770,143820,1,1946,31960
2018-07-10,21:34:36,143770,2,143770,143780,1,1946,31960
2018-07-10,21:34:36,143780,2,143780,143820,1,1948,31960
2018-07-10,21:34:37,143780,2,143780,143820,1,1948,31960
2018-07-10,21:34:39,143780,2,143780,143810,1,1948,31960
2018-07-10,21:34:42,143780,2,143780,143810,1,1948,31960
2018-07-10,21:34:44,143770,2,143780,143810,1,1948,31960
2018-07-10,21:34:51,143770,2,143780,143820,3,1948,31960
2018-07-10,21:34:53,143780,1,143780,143820,2,1948,31960
2018-07-10,21:34:54,143780,1,143780,143810,1,1948,31960
2018-07-10,21:34:55,143770,2,143780,143810,1,1948,31960
2018-07-10,21:34:56,143770,2,143780,143810,2,1948,31960
2018-07-10,21:34:58,143770,2,143810,143810,1,1950,31960
2018-07-10,21:34:59,143780,1,143810,143810,1,1950,31960
2018-07-10,21:35:01,143780,1,143810,143810,2,1950,31960
2018-07-10,21:35:02,143780,1,143810,143810,2,1950,31960
2018-07-10,21:35:06,143780,1,143810,143810,3,1950,31960
2018-07-10,21:35:06,143780,1,143810,143810,2,1952,31960
2018-07-10,21:35:08,143780,1,143810,143810,1,1954,31960
2018-07-10,21:35:09,143780,2,143810,143810,1,1954,31960
2018-07-10,21:35:11,143780,2,143810,143820,1,1956,31958
2018-07-10,21:35:15,143790,1,143820,143830,2,1958,31958
2018-07-10,21:35:17,143790,2,143820,143830,2,1958,31958
2018-07-10,21:35:17,143790,2,143820,143820,1,1958,31958
2018-07-10,21:35:20,143790,1,143820,143820,1,1958,31958
2018-07-10,21:35:27,143780,2,143790,143790,1,1962,31958
2018-07-10,21:35:27,143780,2,143790,143790,1,1962,31958
2018-07-10,21:35:29,143790,1,143790,143820,1,1964,31958
2018-07-10,21:35:30,143800,1,143790,143810,1,1964,31958
2018-07-10,21:35:30,143790,1,143800,143800,1,1966,31958
2018-07-10,21:35:32,143780,1,143800,143800,1,1966,31958
2018-07-10,21:35:34,143800,2,143800,143810,1,1968,31956
2018-07-10,21:35:35,143770,1,143800,143810,1,1972,31952
2018-07-10,21:35:35,143780,1,143800,143810,1,1972,31952
2018-07-10,21:35:38,143780,2,143800,143810,1,1972,31952
2018-07-10,21:35:39,143780,2,143800,143820,1,1972,31952
2018-07-10,21:35:39,143790,1,143800,143820,1,1972,31952
2018-07-10,21:35:41,143790,1,143800,143820,1,1972,31952
2018-07-10,21:35:45,143780,2,143790,143790,3,1974,31952
2018-07-10,21:35:45,143780,2,143790,143790,2,1976,31952
2018-07-10,21:35:46,143780,2,143790,143820,1,1980,31952
2018-07-10,21:35:47,143780,2,143790,143820,1,1980,31952
2018-07-10,21:35:47,143790,1,143790,143820,1,1980,31952
2018-07-10,21:35:51,143790,1,143790,143820,2,1980,31952
2018-07-10,21:35:52,143790,1,143790,143810,1,1980,31952
2018-07-10,21:35:53,143780,2,143790,143810,1,1982,31952
2018-07-10,21:35:54,143780,2,143790,143800,1,1982,31952
2018-07-10,21:35:57,143780,2,143790,143800,2,1982,31952
2018-07-10,21:35:58,143770,1,143780,143800,2,1986,31948
2018-07-10,21:35:58,143760,8,143770,143800,2,1988,31946
2018-07-10,21:36:02,143760,8,143770,143790,1,1988,31946
2018-07-10,21:36:06,143760,8,143770,143790,1,1988,31946
2018-07-10,21:36:10,143760,7,143760,143790,1,1990,31948
2018-07-10,21:36:10,143760,7,143760,143780,1,1990,31948
2018-07-10,21:36:11,143750,1,143760,143780,1,2004,31962
2018-07-10,21:36:11,143700,2,143750,143780,1,2006,31962
2018-07-10,21:36:12,143710,1,143750,143770,1,2006,31962
2018-07-10,21:36:15,143710,1,143750,143770,1,2006,31962
2018-07-10,21:36:15,143720,1,143750,143770,1,2006,31962
2018-07-10,21:36:17,143770,1,143770,143780,1,2008,31964
2018-07-10,21:36:18,143720,1,143770,143770,2,2010,31966
2018-07-10,21:36:18,143700,2,143770,143760,1,2010,31966
2018-07-10,21:36:19,143710,1,143770,143760,1,2010,31966
2018-07-10,21:36:19,143710,1,143770,143760,1,2010,31966
2018-07-10,21:36:21,143710,1,143770,143760,1,2010,31966
2018-07-10,21:36:23,143710,1,143770,143760,1,2010,31966
2018-07-10,21:36:24,143710,1,143770,143760,2,2010,31966
2018-07-10,21:36:26,143710,1,143770,143760,2,2010,31966
2018-07-10,21:36:26,143710,1,143770,143750,1,2010,31966
2018-07-10,21:36:28,143710,1,143770,143750,1,2010,31966
2018-07-10,21:36:28,143700,3,143710,143750,1,2012,31966
2018-07-10,21:36:29,143720,1,143710,143750,1,2012,31966
2018-07-10,21:36:31,143720,1,143710,143750,1,2012,31966
2018-07-10,21:36:32,143720,1,143710,143750,1,2012,31966
2018-07-10,21:36:48,143720,1,143710,143750,1,2012,31966
2018-07-10,21:36:48,143720,1,143710,143750,1,2012,31966
2018-07-10,21:36:50,143730,1,143710,143750,1,2012,31966
2018-07-10,21:36:55,143720,1,143710,143750,1,2012,31966
2018-07-10,21:36:56,143730,1,143710,143750,1,2012,31966
2018-07-10,21:36:59,143720,1,143730,143750,1,2014,31966
2018-07-10,21:37:05,143720,1,143730,143750,1,2014,31966
2018-07-10,21:37:09,143720,1,143730,143750,1,2014,31966
2018-07-10,21:37:16,143720,1,143750,143760,3,2016,31966
2018-07-10,21:37:16,143720,1,143750,143750,1,2016,31966
2018-07-10,21:37:20,143720,1,143750,143750,2,2016,31966
2018-07-10,21:37:27,143730,1,143750,143750,2,2016,31966
2018-07-10,21:37:32,143730,1,143750,143750,2,2016,31966
2018-07-10,21:37:46,143730,1,143750,143760,3,2020,31966
2018-07-10,21:37:53,143730,1,143750,143760,3,2020,31966
2018-07-10,21:37:55,143730,1,143750,143760,3,2020,31966
2018-07-10,21:37:57,143730,1,143750,143760,3,2020,31966
2018-07-10,21:37:58,143730,1,143760,143760,1,2024,31964
2018-07-10,21:37:58,143740,1,143760,143770,5,2026,31964
2018-07-10,21:38:09,143740,1,143760,143760,1,2026,31964
2018-07-10,21:38:09,143740,1,143760,143770,5,2028,31966
2018-07-10,21:38:15,143740,1,143760,143770,5,2028,31966
2018-07-10,21:38:16,143740,1,143760,143770,5,2028,31966
2018-07-10,21:38:38,143740,1,143760,143770,5,2028,31966
2018-07-10,21:38:41,143740,1,143760,143770,5,2028,31966
2018-07-10,21:38:49,143740,1,143760,143770,5,2028,31966
2018-07-10,21:38:55,143740,1,143770,143770,4,2030,31964
2018-07-10,21:39:05,143740,1,143770,143770,4,2030,31964
2018-07-10,21:39:12,143700,2,143740,143770,4,2032,31964
2018-07-10,21:39:12,143710,1,143740,143760,1,2032,31964
2018-07-10,21:39:26,143710,1,143740,143760,3,2032,31964
2018-07-10,21:39:27,143720,1,143740,143760,3,2032,31964
2018-07-10,21:39:27,143720,1,143740,143760,2,2032,31964
2018-07-10,21:39:35,143720,1,143760,143760,1,2034,31964
2018-07-10,21:39:37,143720,1,143760,143760,1,2034,31964
2018-07-10,21:39:58,143710,1,143720,143720,1,2036,31962
2018-07-10,21:39:58,143720,3,143720,143760,1,2038,31962
2018-07-10,21:40:06,143720,1,143720,143760,1,2038,31962
2018-07-10,21:40:07,143720,1,143720,143750,1,2038,31962
2018-07-10,21:40:09,143730,1,143720,143750,1,2038,31962
2018-07-10,21:40:15,143730,1,143720,143750,1,2038,31962
2018-07-10,21:40:16,143730,2,143720,143750,1,2038,31962
2018-07-10,21:40:17,143750,1,143720,143760,1,2038,31962
2018-07-10,21:40:17,143730,2,143760,143770,4,2040,31960
2018-07-10,21:40:19,143730,2,143760,143770,4,2040,31960
2018-07-10,21:40:22,143740,1,143760,143770,4,2040,31960
2018-07-10,21:40:26,143740,2,143760,143770,4,2040,31960
2018-07-10,21:40:32,143740,2,143760,143760,2,2040,31960
2018-07-10,21:40:34,143740,1,143760,143760,2,2040,31960
2018-07-10,21:40:35,143730,2,143740,143760,2,2042,31962
2018-07-10,21:40:39,143730,1,143730,143760,2,2044,31964
2018-07-10,21:40:39,143710,1,143730,143750,1,2046,31966
2018-07-10,21:40:50,143710,1,143730,143750,1,2046,31966
2018-07-10,21:40:50,143710,2,143730,143750,1,2046,31966
2018-07-10,21:40:56,143710,2,143730,143750,1,2046,31966
2018-07-10,21:40:57,143730,1,143730,143750,1,2046,31966
2018-07-10,21:40:57,143730,1,143730,143760,2,2046,31966
2018-07-10,21:41:09,143730,1,143730,143760,2,2046,31966
2018-07-10,21:41:12,143740,1,143730,143760,2,2046,31966
2018-07-10,21:41:14,143710,2,143740,143760,2,2048,31966
2018-07-10,21:41:21,143720,1,143740,143760,2,2048,31966
2018-07-10,21:41:22,143720,2,143740,143760,2,2048,31966
2018-07-10,21:41:23,143720,2,143740,143770,4,2048,31966
2018-07-10,21:41:40,143720,2,143770,143770,3,2050,31968
2018-07-10,21:41:48,143720,2,143770,143770,3,2050,31968
2018-07-10,21:41:50,143730,1,143770,143770,3,2050,31968
2018-07-10,21:41:51,143730,1,143770,143770,3,2050,31968
2018-07-10,21:41:57,143730,1,143770,143770,3,2050,31968
2018-07-10,21:41:58,143720,2,143770,143770,3,2050,31968
2018-07-10,21:42:00,143730,1,143770,143770,3,2050,31968
2018-07-10,21:42:10,143730,1,143770,143770,3,2050,31968
2018-07-10,21:42:19,143720,2,143770,143770,3,2050,31968
2018-07-10,21:42:21,143730,1,143770,143770,3,2050,31968
2018-07-10,21:42:25,143720,2,143730,143770,3,2052,31968
2018-07-10,21:42:26,143720,2,143730,143760,1,2052,31968
2018-07-10,21:42:38,143720,2,143730,143760,1,2052,31968
2018-07-10,21:42:47,143720,2,143730,143750,1,2052,31968
2018-07-10,21:42:55,143720,2,143730,143760,2,2052,31968
2018-07-10,21:42:57,143720,1,143720,143760,2,2054,31968
2018-07-10,21:42:59,143720,1,143720,143760,1,2054,31968
2018-07-10,21:43:01,143720,2,143720,143760,1,2054,31968
2018-07-10,21:43:02,143720,1,143720,143760,1,2054,31968
2018-07-10,21:43:03,143720,1,143720,143750,1,2054,31968
2018-07-10,21:43:06,143720,1,143720,143750,1,2054,31968
2018-07-10,21:43:28,143720,1,143720,143750,1,2054,31968
2018-07-10,21:43:32,143710,1,143720,143750,1,2056,31970
2018-07-10,21:43:33,143700,1,143720,143740,1,2056,31970
2018-07-10,21:43:34,143700,1,143720,143740,1,2056,31970
2018-07-10,21:43:38,143700,3,143720,143740,1,2056,31970
2018-07-10,21:43:42,143700,3,143720,143740,1,2056,31970
2018-07-10,21:43:44,143700,3,143720,143740,2,2056,31970
2018-07-10,21:43:48,143700,3,143720,143740,2,2056,31970
2018-07-10,21:43:49,143700,3,143720,143740,2,2056,31970
2018-07-10,21:43:52,143710,1,143720,143730,1,2056,31970
2018-07-10,21:43:58,143710,1,143720,143740,2,2056,31970
2018-07-10,21:44:05,143710,1,143720,143740,2,2056,31970
2018-07-10,21:44:05,143710,1,143720,143730,1,2056,31970
2018-07-10,21:44:11,143730,1,143730,143740,2,2058,31972
2018-07-10,21:44:12,143740,1,143740,143760,1,2060,31974
2018-07-10,21:44:12,143730,1,143740,143760,1,2062,31974
2018-07-10,21:44:13,143730,1,143740,143760,1,2062,31974
2018-07-10,21:44:13,143730,1,143740,143760,1,2062,31974
2018-07-10,21:44:14,143730,1,143740,143740,1,2062,31974
2018-07-10,21:44:15,143730,1,143740,143760,1,2064,31974
2018-07-10,21:44:20,143730,1,143740,143750,1,2064,31974
2018-07-10,21:44:23,143730,1,143740,143750,1,2064,31974
2018-07-10,21:44:29,143730,1,143740,143750,1,2064,31974
2018-07-10,21:44:33,143710,1,143730,143750,1,2066,31976
2018-07-10,21:44:40,143710,1,143730,143740,1,2066,31976
2018-07-10,21:44:52,143720,1,143730,143740,1,2066,31976
2018-07-10,21:44:54,143720,1,143730,143730,1,2066,31976
2018-07-10,21:44:55,143720,1,143730,143730,1,2066,31976
2018-07-10,21:44:57,143720,1,143730,143730,1,2066,31976
2018-07-10,21:44:57,143720,1,143730,143750,1,2068,31976
2018-07-10,21:44:58,143730,1,143730,143750,1,2068,31976
2018-07-10,21:45:02,143730,1,143730,143760,1,2068,31976
2018-07-10,21:45:02,143740,1,143730,143760,1,2068,31976
2018-07-10,21:45:18,143740,1,143760,143770,3,2070,31978
2018-07-10,21:45:18,143750,1,143760,143770,3,2070,31978
2018-07-10,21:45:29,143710,1,143750,143750,1,2072,31980
2018-07-10,21:45:30,143710,1,143750,143750,1,2072,31980
2018-07-10,21:45:33,143710,1,143750,143750,1,2072,31980
2018-07-10,21:45:51,143710,1,143750,143770,3,2074,31980
2018-07-10,21:45:52,143720,2,143750,143770,3,2074,31980
2018-07-10,21:45:52,143730,1,143750,143770,3,2074,31980
2018-07-10,21:45:57,143720,2,143730,143770,3,2076,31980
2018-07-10,21:45:57,143720,2,143730,143760,1,2076,31980
2018-07-10,21:45:58,143720,1,143730,143760,1,2076,31980
2018-07-10,21:46:01,143720,1,143730,143750,1,2076,31980
2018-07-10,21:46:01,143710,1,143730,143750,3,2076,31980
2018-07-10,21:46:03,143710,1,143730,143740,1,2076,31980
2018-07-10,21:46:05,143710,1,143730,143750,3,2076,31980
2018-07-10,21:46:06,143710,2,143730,143750,3,2076,31980
2018-07-10,21:46:11,143710,2,143730,143750,3,2076,31980
2018-07-10,21:46:18,143710,2,143730,143750,2,2076,31980
2018-07-10,21:46:21,143720,1,143730,143750,2,2076,31980
2018-07-10,21:46:22,143720,1,143730,143750,2,2076,31980
2018-07-10,21:46:24,143720,1,143730,143750,2,2076,31980
2018-07-10,21:46:26,143720,1,143730,143750,2,2076,31980
2018-07-10,21:46:28,143720,1,143730,143750,2,2076,31980
2018-07-10,21:46:31,143720,1,143730,143750,2,2076,31980
2018-07-10,21:46:41,143720,1,143750,143760,1,2080,31984
2018-07-10,21:46:42,143730,1,143750,143760,1,2080,31984
2018-07-10,21:46:44,143730,2,143750,143760,1,2080,31984
2018-07-10,21:46:44,143730,2,143750,143770,3,2080,31984
2018-07-10,21:46:47,143740,1,143750,143770,3,2080,31984
2018-07-10,21:46:53,143730,2,143750,143770,3,2080,31984
2018-07-10,21:46:53,143730,2,143750,143760,1,2080,31984
2018-07-10,21:46:55,143730,2,143750,143760,1,2080,31984
2018-07-10,21:46:55,143740,1,143750,143760,1,2080,31984
2018-07-10,21:46:57,143730,1,143750,143760,1,2080,31984
2018-07-10,21:46:59,143730,1,143760,143770,3,2082,31982
2018-07-10,21:47:01,143740,1,143760,143770,3,2082,31982
2018-07-10,21:47:04,143740,2,143760,143770,3,2082,31982
2018-07-10,21:47:05,143740,2,143760,143760,2,2082,31982
2018-07-10,21:47:17,143740,1,143760,143760,2,2082,31982
2018-07-10,21:47:17,143740,1,143760,143830,2,2086,31986
2018-07-10,21:47:18,143750,1,143760,143820,1,2086,31986
2018-07-10,21:47:18,143760,1,143760,143810,1,2086,31986
2018-07-10,21:47:20,143760,1,143760,143810,1,2086,31986
2018-07-10,21:47:21,143760,1,143760,143810,1,2086,31986
2018-07-10,21:47:22,143760,1,143760,143810,1,2086,31986
2018-07-10,21:47:23,143760,2,143760,143810,1,2086,31986
2018-07-10,21:47:34,143760,2,143810,143820,1,2088,31986
2018-07-10,21:47:35,143770,2,143820,143830,2,2090,31986
2018-07-10,21:47:35,143780,1,143830,143840,1,2094,31986
2018-07-10,21:47:36,143790,1,143840,143850,1,2096,31988
2018-07-10,21:47:36,143800,1,143850,143860,4,2098,31990
2018-07-10,21:47:37,143810,1,143850,143860,4,2098,31990
2018-07-10,21:47:37,143810,1,143850,143860,4,2098,31990
2018-07-10,21:47:42,143810,1,143850,143860,4,2098,31990
2018-07-10,21:47:44,143810,1,143850,143850,2,2098,31990
2018-07-10,21:47:44,143800,1,143850,143850,2,2098,31990
2018-07-10,21:47:49,143800,1,143850,143850,2,2098,31990
2018-07-10,21:47:50,143800,1,143850,143850,1,2100,31992
2018-07-10,21:47:56,143800,1,143850,143850,1,2100,31992
2018-07-10,21:48:06,143800,1,143850,143850,1,2100,31992
2018-07-10,21:48:06,143780,1,143800,143850,2,2102,31992
2018-07-10,21:48:07,143780,1,143800,143840,2,2102,31992
2018-07-10,21:48:07,143780,1,143800,143830,1,2102,31992
2018-07-10,21:48:08,143780,1,143800,143830,1,2102,31992
2018-07-10,21:48:09,143780,1,143800,143830,1,2102,31992
2018-07-10,21:48:13,143790,1,143800,143830,1,2102,31992
2018-07-10,21:48:13,143790,1,143800,143840,1,2102,31992
2018-07-10,21:48:14,143800,1,143800,143840,1,2102,31992
2018-07-10,21:48:18,143800,1,143800,143840,1,2102,31992
2018-07-10,21:48:18,143800,1,143800,143840,1,2102,31992
2018-07-10,21:48:23,143810,3,143800,143840,1,2102,31992
2018-07-10,21:48:23,143810,3,143800,143850,2,2102,31992
2018-07-10,21:48:24,143810,3,143800,143850,2,2102,31992
2018-07-10,21:48:26,143810,3,143800,143850,2,2102,31992
2018-07-10,21:48:29,143810,3,143800,143850,3,2102,31992
2018-07-10,21:48:30,143810,3,143800,143850,3,2102,31992
2018-07-10,21:48:34,143810,3,143800,143850,3,2102,31992
2018-07-10,21:48:36,143810,3,143800,143850,3,2102,31992
2018-07-10,21:48:38,143810,3,143800,143840,1,2102,31992
2018-07-10,21:48:45,143810,3,143800,143850,3,2102,31992
2018-07-10,21:48:46,143810,3,143800,143840,1,2102,31992
2018-07-10,21:48:47,143810,3,143800,143840,2,2102,31992
2018-07-10,21:48:47,143850,40,143850,143860,4,2110,32000
2018-07-10,21:48:48,143860,4,143860,143900,2,2118,32004
2018-07-10,21:48:48,143870,1,143910,143910,1,2124,32000
2018-07-10,21:48:49,143860,5,143870,143920,1,2128,31998
2018-07-10,21:48:49,143870,1,143870,143920,1,2128,31998
2018-07-10,21:48:50,143870,1,143870,143900,3,2128,31998
2018-07-10,21:48:55,143870,1,143870,143900,3,2128,31998
2018-07-10,21:48:56,143880,3,143870,143900,3,2128,31998
2018-07-10,21:48:56,143880,3,143900,143920,1,2134,31998
2018-07-10,21:48:57,143880,3,143900,143920,2,2134,31998
2018-07-10,21:48:58,143880,2,143880,143920,2,2136,32000
2018-07-10,21:49:01,143880,1,143880,143920,2,2138,32000
2018-07-10,21:49:02,143870,1,143880,143910,1,2140,32000
2018-07-10,21:49:02,143870,1,143900,143910,1,2144,32004
2018-07-10,21:49:03,143870,1,143900,143880,2,2146,32004
2018-07-10,21:49:03,143880,2,143880,143910,1,2160,32012
2018-07-10,21:49:05,143880,2,143880,143910,1,2160,32012
2018-07-10,21:49:09,143880,1,143910,143920,2,2162,32012
2018-07-10,21:49:09,143870,1,143920,143920,1,2164,32014
2018-07-10,21:49:10,143870,1,143920,143920,1,2164,32014
2018-07-10,21:49:10,143880,1,143920,143920,1,2164,32014
2018-07-10,21:49:11,143860,3,143920,143950,1,2168,32014
2018-07-10,21:49:11,143870,1,143920,143940,1,2168,32014
2018-07-10,21:49:12,143870,1,143920,143930,1,2168,32014
2018-07-10,21:49:12,143870,1,143920,143920,1,2168,32014
2018-07-10,21:49:14,143910,1,143920,143920,1,2168,32014
2018-07-10,21:49:14,143870,1,143910,143910,4,2170,32012
2018-07-10,21:49:15,143860,1,143910,143910,4,2170,32012
2018-07-10,21:49:15,143860,1,143910,143900,1,2170,32012
2018-07-10,21:49:16,143870,1,143900,143900,1,2172,32014
2018-07-10,21:49:16,143860,2,143900,143910,3,2176,32016
2018-07-10,21:49:17,143870,1,143910,143910,2,2178,32016
2018-07-10,21:49:17,143860,3,143910,143900,1,2182,32014
2018-07-10,21:49:18,143870,1,143910,143900,1,2182,32014
2018-07-10,21:49:19,143870,1,143910,143900,1,2182,32014
2018-07-10,21:49:20,143860,2,143900,143910,1,2188,32014
2018-07-10,21:49:21,143870,2,143900,143910,1,2188,32014
2018-07-10,21:49:21,143870,1,143910,143930,1,2192,32014
2018-07-10,21:49:22,143880,1,143910,143930,1,2192,32014
2018-07-10,21:49:22,143870,2,143880,143930,1,2194,32016
2018-07-10,21:49:23,143870,2,143880,143920,6,2194,32016
2018-07-10,21:49:23,143870,2,143880,143910,1,2194,32016
2018-07-10,21:49:24,143860,2,143870,143900,1,2198,32014
2018-07-10,21:49:24,143860,2,143870,143900,1,2198,32014
2018-07-10,21:49:25,143810,3,143860,143900,1,2202,32012
2018-07-10,21:49:25,143820,2,143860,143890,2,2202,32012
2018-07-10,21:49:26,143830,1,143880,143880,1,2204,32012
2018-07-10,21:49:26,143830,1,143880,143880,1,2204,32012
2018-07-10,21:49:27,143830,1,143880,143890,2,2206,32010
2018-07-10,21:49:27,143840,1,143890,143910,2,2212,32006
2018-07-10,21:49:28,143850,2,143890,143900,1,2212,32006
2018-07-10,21:49:28,143860,1,143910,143920,6,2218,32008
2018-07-10,21:49:29,143870,1,143920,143920,5,2220,32010
2018-07-10,21:49:29,143870,1,143920,143920,5,2220,32010
2018-07-10,21:49:30,143870,1,143920,143920,5,2220,32010
2018-07-10,21:49:30,143850,2,143860,143920,5,2224,32010
2018-07-10,21:49:31,143860,1,143860,143910,2,2224,32010
2018-07-10,21:49:31,143860,2,143870,143910,2,2226,32010
2018-07-10,21:49:32,143860,3,143870,143900,1,2226,32010
2018-07-10,21:49:32,143860,3,143870,143890,1,2226,32010
2018-07-10,21:49:33,143860,3,143870,143890,1,2226,32010
2018-07-10,21:49:35,143850,2,143860,143890,1,2232,32006
2018-07-10,21:49:35,143850,1,143860,143890,1,2232,32006
2018-07-10,21:49:36,143850,1,143860,143890,2,2232,32006
2018-07-10,21:49:36,143830,2,143860,143880,1,2232,32006
2018-07-10,21:49:37,143830,2,143870,143880,1,2234,32006
2018-07-10,21:49:37,143840,1,143870,143880,1,2234,32006
2018-07-10,21:49:40,143840,1,143870,143880,1,2234,32006
2018-07-10,21:49:43,143840,1,143870,143890,1,2234,32006
2018-07-10,21:49:47,143840,1,143870,143890,2,2234,32006
2018-07-10,21:49:48,143850,1,143870,143890,2,2234,32006
2018-07-10,21:49:49,143850,3,143870,143890,2,2234,32006
2018-07-10,21:49:50,143850,3,143870,143890,2,2234,32006
2018-07-10,21:49:51,143890,38,143890,143900,2,2238,32010
2018-07-10,21:49:52,143900,1,143910,143920,5,2246,32014
2018-07-10,21:49:52,143890,38,143920,143950,1,2268,32022
2018-07-10,21:49:53,143900,2,143950,143970,1,2270,32020
2018-07-10,21:49:53,143910,2,143970,143980,3,2272,32020
2018-07-10,21:49:54,143910,2,143980,143980,2,2276,32018
2018-07-10,21:49:54,143920,3,143980,143970,2,2276,32018
2018-07-10,21:49:55,143910,2,143920,143970,2,2282,32016
2018-07-10,21:49:56,143900,2,143910,143960,1,2286,32018
2018-07-10,21:49:56,143890,38,143900,143910,1,2290,32020
2018-07-10,21:49:57,143910,3,143910,143950,1,2296,32020
2018-07-10,21:49:57,143910,2,143940,143980,2,2298,32020
2018-07-10,21:49:58,143920,1,143940,143970,3,2298,32020
2018-07-10,21:49:58,143920,1,143940,143960,1,2298,32020
2018-07-10,21:49:59,143920,1,143940,143950,1,2298,32020
2018-07-10,21:49:59,143910,3,143950,143960,1,2302,32022
2018-07-10,21:50:00,143910,3,143950,143960,1,2302,32022
2018-07-10,21:50:00,143910,3,143950,143940,1,2302,32022
2018-07-10,21:50:01,143910,2,143940,143960,1,2306,32024
2018-07-10,21:50:01,143900,1,143910,143960,2,2310,32022
2018-07-10,21:50:02,143900,1,143910,143950,1,2310,32022
2018-07-10,21:50:02,143900,1,143910,143950,1,2312,32024
2018-07-10,21:50:03,143900,1,143910,143950,2,2312,32024
2018-07-10,21:50:04,143890,38,143900,143900,1,2314,32026
2018-07-10,21:50:05,143910,1,143900,143940,1,2330,32036
2018-07-10,21:50:05,143910,1,143910,143940,1,2334,32038
2018-07-10,21:50:06,143910,1,143940,143950,1,2336,32040
2018-07-10,21:50:07,143910,1,143940,143950,1,2336,32040
2018-07-10,21:50:08,143920,1,143940,143950,1,2336,32040
2018-07-10,21:50:08,143920,1,143940,143950,1,2336,32040
2018-07-10,21:50:09,143920,1,143940,143930,2,2336,32040
2018-07-10,21:50:09,143910,1,143920,143930,2,2338,32040
2018-07-10,21:50:10,143910,1,143920,143930,2,2338,32040
2018-07-10,21:50:10,143900,1,143910,143910,1,2340,32040
2018-07-10,21:50:11,143890,38,143900,143930,2,2352,32036
2018-07-10,21:50:11,143890,38,143900,143900,1,2352,32036
2018-07-10,21:50:12,143890,38,143900,143930,2,2354,32036
2018-07-10,21:50:13,143890,38,143900,143920,1,2354,32036
2018-07-10,21:50:15,143890,37,143890,143920,1,2356,32036
2018-07-10,21:50:15,143890,21,143890,143920,1,2388,32056
2018-07-10,21:50:16,143890,9,143910,143920,1,2414,32080
2018-07-10,21:50:16,143890,8,143890,143910,1,2416,32082
2018-07-10,21:50:17,143890,5,143890,143910,1,2422,32082
2018-07-10,21:50:17,143880,4,143890,143910,1,2432,32090
2018-07-10,21:50:18,143880,4,143890,143910,1,2432,32090
2018-07-10,21:50:18,143880,4,143890,143910,1,2432,32090
2018-07-10,21:50:19,143880,4,143890,143910,1,2432,32090
2018-07-10,21:50:22,143880,4,143890,143910,1,2432,32090
2018-07-10,21:50:22,143880,4,143890,143910,1,2432,32090
2018-07-10,21:50:24,143880,3,143890,143910,1,2432,32090
2018-07-10,21:50:24,143880,3,143890,143910,1,2432,32090
2018-07-10,21:50:29,143880,3,143890,143910,1,2432,32090
2018-07-10,21:50:30,143880,3,143890,143910,1,2432,32090
2018-07-10,21:50:32,143880,3,143890,143910,1,2432,32090
2018-07-10,21:50:34,143880,8,143890,143910,1,2432,32090
2018-07-10,21:50:34,143880,8,143890,143920,1,2432,32090
2018-07-10,21:50:35,143890,1,143890,143910,2,2432,32090
2018-07-10,21:50:35,143890,1,143890,143910,2,2432,32090
2018-07-10,21:50:36,143890,2,143910,143920,1,2436,32090
2018-07-10,21:50:39,143900,1,143910,143920,1,2436,32090
2018-07-10,21:50:40,143900,1,143920,143930,2,2438,32090
2018-07-10,21:50:41,143900,1,143920,143980,1,2438,32090
2018-07-10,21:50:42,143940,1,143920,143970,1,2438,32090
2018-07-10,21:50:42,143910,2,143940,143970,1,2440,32090
2018-07-10,21:50:43,143910,1,143910,143960,1,2442,32092
2018-07-10,21:50:43,143910,1,143910,143950,1,2442,32092
2018-07-10,21:50:44,143900,1,143910,143950,1,2442,32092
2018-07-10,21:50:45,143900,1,143910,143950,1,2442,32092
2018-07-10,21:50:46,143900,1,143910,143940,1,2442,32092
2018-07-10,21:50:47,143900,1,143910,143940,1,2442,32092
2018-07-10,21:50:47,143910,1,143910,143940,1,2442,32092
2018-07-10,21:50:48,143910,1,143910,143930,3,2442,32092
2018-07-10,21:50:48,143900,1,143910,143930,3,2444,32092
2018-07-10,21:50:49,143900,1,143910,143920,1,2444,32092
2018-07-10,21:50:49,143890,2,143900,143910,3,2446,32094
2018-07-10,21:50:50,143910,1,143890,143920,1,2450,32094
2018-07-10,21:50:50,143880,2,143910,143910,1,2452,32092
2018-07-10,21:50:51,143880,2,143910,143910,1,2452,32092
2018-07-10,21:50:54,143880,1,143910,143920,1,2456,32094
2018-07-10,21:50:54,143860,1,143920,143940,1,2460,32096
2018-07-10,21:50:55,143870,1,143920,143930,1,2460,32096
2018-07-10,21:50:57,143870,1,143920,143930,1,2460,32096
2018-07-10,21:50:57,143880,1,143920,143920,1,2460,32096
2018-07-10,21:50:58,143880,1,143920,143920,1,2460,32096
2018-07-10,21:51:06,143880,1,143920,143920,1,2460,32096
2018-07-10,21:51:08,143880,1,143920,143920,1,2460,32096
2018-07-10,21:51:10,143880,1,143920,143920,1,2460,32096
2018-07-10,21:51:12,143880,1,143920,143920,1,2460,32096
2018-07-10,21:51:12,143870,2,143880,143880,1,2462,32098
2018-07-10,21:51:13,143870,2,143880,143920,1,2464,32098
2018-07-10,21:51:13,143870,2,143880,143920,1,2464,32098
2018-07-10,21:51:14,143870,2,143880,143920,1,2464,32098
2018-07-10,21:51:21,143870,2,143880,143920,1,2464,32098
2018-07-10,21:51:21,143870,2,143880,143920,1,2464,32098
2018-07-10,21:51:22,143870,2,143880,143920,1,2464,32098
2018-07-10,21:51:22,143870,1,143870,143920,1,2466,32096
2018-07-10,21:51:23,143870,1,143870,143910,1,2466,32096
2018-07-10,21:51:23,143870,1,143870,143900,1,2466,32096
2018-07-10,21:51:34,143860,1,143870,143870,1,2468,32096
2018-07-10,21:51:35,143860,1,143870,143900,1,2470,32094
2018-07-10,21:51:37,143860,1,143870,143900,1,2470,32094
2018-07-10,21:51:39,143860,1,143900,143910,1,2472,32094
2018-07-10,21:51:40,143860,1,143900,143900,1,2472,32094
2018-07-10,21:51:47,143860,2,143900,143900,1,2472,32094
2018-07-10,21:51:51,143850,2,143860,143900,1,2476,32092
2018-07-10,21:51:51,143850,1,143850,143900,1,2478,32094
2018-07-10,21:51:52,143850,1,143850,143890,1,2478,32094
2018-07-10,21:51:56,143850,1,143850,143890,1,2478,32094
2018-07-10,21:51:57,143850,1,143890,143900,1,2480,32096
2018-07-10,21:51:58,143860,1,143890,143900,1,2480,32096
2018-07-10,21:51:59,143850,1,143860,143900,1,2482,32096
2018-07-10,21:52:01,143860,1,143860,143900,1,2482,32096
2018-07-10,21:52:04,143850,1,143860,143900,1,2482,32096
2018-07-10,21:52:05,143850,1,143860,143890,1,2482,32096
2018-07-10,21:52:06,143850,1,143860,143890,1,2482,32096
2018-07-10,21:52:08,143850,1,143860,143890,1,2482,32096
2018-07-10,21:52:08,143850,1,143860,143890,1,2482,32096
2018-07-10,21:52:10,143850,1,143860,143890,1,2482,32096
2018-07-10,21:52:15,143850,1,143860,143890,1,2482,32096
2018-07-10,21:52:16,143860,1,143860,143890,1,2482,32096
2018-07-10,21:52:19,143870,2,143860,143890,1,2482,32096
2018-07-10,21:52:20,143870,2,143860,143900,2,2482,32096
2018-07-10,21:52:21,143870,2,143860,143900,2,2482,32096
2018-07-10,21:52:21,143870,2,143860,143900,2,2482,32096
2018-07-10,21:52:22,143870,1,143870,143900,2,2484,32096
2018-07-10,21:52:24,143870,1,143870,143900,2,2484,32096
2018-07-10,21:52:28,143870,1,143870,143900,2,2484,32096
2018-07-10,21:52:31,143870,1,143870,143900,2,2484,32096
2018-07-10,21:52:32,143870,1,143870,143900,2,2484,32096
2018-07-10,21:52:43,143870,1,143870,143900,2,2484,32096
2018-07-10,21:52:44,143860,2,143870,143900,2,2486,32096
2018-07-10,21:52:44,143860,2,143870,143890,1,2486,32096
2018-07-10,21:52:47,143860,4,143870,143890,1,2486,32096
2018-07-10,21:53:08,143860,4,143870,143890,1,2486,32096
2018-07-10,21:53:11,143860,3,143870,143890,1,2486,32096
2018-07-10,21:53:12,143860,3,143870,143900,2,2486,32096
2018-07-10,21:53:13,143870,1,143870,143900,2,2486,32096
2018-07-10,21:53:15,143870,1,143870,143890,1,2486,32096
2018-07-10,21:53:16,143870,2,143870,143890,1,2486,32096
2018-07-10,21:53:17,143870,1,143870,143890,1,2486,32096
2018-07-10,21:53:21,143870,1,143870,143890,1,2486,32096
2018-07-10,21:53:31,143860,3,143870,143890,1,2486,32096
2018-07-10,21:53:32,143860,3,143870,143870,1,2486,32096
2018-07-10,21:53:32,143860,3,143870,143890,1,2488,32096
2018-07-10,21:53:33,143860,3,143870,143890,1,2488,32096
2018-07-10,21:53:34,143860,3,143870,143890,1,2488,32096
2018-07-10,21:53:37,143870,1,143870,143890,1,2488,32096
2018-07-10,21:53:41,143860,3,143870,143890,1,2490,32098
2018-07-10,21:53:43,143870,1,143870,143890,1,2490,32098
2018-07-10,21:53:45,143860,2,143870,143890,1,2490,32098
2018-07-10,21:53:47,143860,2,143870,143890,1,2490,32098
2018-07-10,21:53:48,143860,2,143870,143890,1,2490,32098
2018-07-10,21:53:48,143870,1,143870,143890,1,2490,32098
2018-07-10,21:53:52,143860,2,143870,143890,1,2492,32098
2018-07-10,21:53:52,143870,3,143870,143890,1,2492,32098
2018-07-10,21:53:55,143870,3,143870,143890,1,2492,32098
2018-07-10,21:53:58,143880,1,143870,143890,1,2492,32098
2018-07-10,21:54:01,143880,1,143870,143890,1,2492,32098
2018-07-10,21:54:11,143880,1,143870,143890,1,2492,32098
2018-07-10,21:54:12,143870,4,143890,143900,2,2496,32100
2018-07-10,21:54:13,143870,4,143890,143900,2,2496,32100
2018-07-10,21:54:14,143880,1,143890,143900,2,2496,32100
2018-07-10,21:54:15,143880,1,143890,143900,2,2496,32100
2018-07-10,21:54:15,143870,4,143900,143900,1,2502,32104
2018-07-10,21:54:16,143900,1,143900,143910,2,2506,32106
2018-07-10,21:54:16,143870,3,143900,143900,1,2510,32110
2018-07-10,21:54:17,143870,2,143880,143910,2,2514,32114
2018-07-10,21:54:17,143870,2,143880,143910,2,2514,32114
2018-07-10,21:54:18,143890,1,143880,143910,2,2514,32114
2018-07-10,21:54:18,143890,1,143880,143910,2,2514,32114
2018-07-10,21:54:19,143880,1,143910,143930,1,2518,32112
2018-07-10,21:54:20,143880,1,143910,143920,1,2518,32112
2018-07-10,21:54:21,143910,2,143910,143920,1,2518,32112
2018-07-10,21:54:24,143920,1,143920,143930,1,2520,32112
2018-07-10,21:54:24,143920,1,143930,143940,1,2522,32112
2018-07-10,21:54:25,143920,1,143940,143950,2,2524,32114
2018-07-10,21:54:27,143920,2,143950,143950,1,2526,32114
2018-07-10,21:54:27,143930,1,143950,143940,1,2532,32112
2018-07-10,21:54:28,143940,1,143940,143980,1,2534,32110
2018-07-10,21:54:29,143950,1,143940,143980,1,2534,32110
2018-07-10,21:54:29,143950,1,143940,143960,1,2534,32110
2018-07-10,21:54:30,143940,1,143950,143950,2,2536,32110
2018-07-10,21:54:31,143920,2,143940,143950,2,2538,32108
2018-07-10,21:54:32,143920,2,143940,143950,3,2538,32108
2018-07-10,21:54:33,143920,2,143940,143950,3,2538,32108
2018-07-10,21:54:34,143920,2,143940,143940,2,2538,32108
2018-07-10,21:54:34,143930,2,143940,143940,1,2540,32108
2018-07-10,21:54:35,143930,2,143940,143950,1,2542,32110
2018-07-10,21:54:38,143930,2,143950,143960,1,2544,32108
2018-07-10,21:54:38,143940,1,143950,143960,1,2544,32108
2018-07-10,21:54:39,143930,2,143940,143960,1,2546,32108
2018-07-10,21:54:41,143930,2,143940,143960,2,2546,32108
2018-07-10,21:54:42,143930,2,143940,143960,2,2546,32108
2018-07-10,21:54:43,143930,2,143940,143940,1,2546,32108
2018-07-10,21:54:43,143930,2,143940,143940,1,2546,32108
2018-07-10,21:54:45,143920,1,143930,143950,1,2552,32106
2018-07-10,21:54:46,143920,1,143930,143950,1,2552,32106
2018-07-10,21:54:46,143920,1,143930,143960,2,2552,32106
2018-07-10,21:54:47,143930,1,143930,143960,2,2552,32106
2018-07-10,21:54:47,143930,1,143930,143960,2,2552,32106
2018-07-10,21:54:49,143930,1,143960,143960,1,2554,32106
2018-07-10,21:54:49,143940,1,143960,143960,1,2554,32106
2018-07-10,21:54:50,143940,1,143960,143960,1,2554,32106
2018-07-10,21:54:51,143940,1,143960,143950,1,2554,32106
2018-07-10,21:54:51,143940,1,143950,143960,1,2556,32106
2018-07-10,21:54:53,143940,1,143950,143960,1,2556,32106
2018-07-10,21:54:54,143940,1,143950,143960,2,2556,32106
2018-07-10,21:54:55,143940,1,143950,143960,2,2556,32106
2018-07-10,21:54:55,143930,1,143940,143960,2,2558,32106
2018-07-10,21:54:58,143930,1,143940,143960,2,2558,32106
2018-07-10,21:55:04,143930,1,143940,143960,2,2558,32106
2018-07-10,21:55:04,143930,1,143940,143960,2,2558,32106
2018-07-10,21:55:10,143920,1,143930,143960,2,2560,32106
2018-07-10,21:55:11,143910,2,143920,143950,1,2562,32108
2018-07-10,21:55:15,143870,2,143910,143950,1,2566,32108
2018-07-10,21:55:16,143880,1,143910,143940,1,2566,32108
2018-07-10,21:55:16,143880,1,143910,143940,1,2566,32108
2018-07-10,21:55:17,143890,1,143910,143940,3,2566,32108
2018-07-10,21:55:17,143890,1,143910,143930,1,2566,32108
2018-07-10,21:55:18,143880,1,143910,143930,1,2566,32108
2018-07-10,21:55:19,143880,1,143910,143930,1,2566,32108
2018-07-10,21:55:19,143870,2,143880,143930,1,2568,32110
2018-07-10,21:55:20,143870,2,143880,143920,1,2568,32110
2018-07-10,21:55:25,143870,1,143870,143920,1,2570,32112
2018-07-10,21:55:25,143870,1,143870,143910,1,2570,32112
2018-07-10,21:55:29,143870,4,143870,143910,1,2570,32112
2018-07-10,21:55:30,143870,4,143870,143920,1,2570,32112
2018-07-10,21:55:32,143880,1,143870,143920,1,2570,32112
2018-07-10,21:55:32,143880,1,143870,143930,1,2570,32112
2018-07-10,21:55:34,143880,1,143870,143920,1,2570,32112
2018-07-10,21:55:41,143880,1,143870,143920,1,2570,32112
2018-07-10,21:55:42,143880,1,143870,143930,1,2570,32112
2018-07-10,21:55:48,143880,1,143870,143930,1,2570,32112
2018-07-10,21:55:49,143880,1,143870,143930,1,2570,32112
2018-07-10,21:55:50,143880,1,143870,143930,1,2570,32112
2018-07-10,21:55:52,143880,1,143870,143930,1,2570,32112
2018-07-10,21:55:59,143870,5,143870,143930,1,2570,32112
2018-07-10,21:55:59,143870,5,143870,143920,1,2570,32112
2018-07-10,21:56:00,143870,5,143870,143910,1,2570,32112
2018-07-10,21:56:00,143880,1,143870,143910,1,2570,32112
2018-07-10,21:56:01,143880,1,143870,143910,1,2570,32112
2018-07-10,21:56:02,143870,5,143870,143910,1,2570,32112
2018-07-10,21:56:02,143870,5,143870,143930,1,2570,32112
2018-07-10,21:56:03,143880,1,143870,143930,1,2570,32112
2018-07-10,21:56:04,143880,1,143870,143930,1,2570,32112
2018-07-10,21:56:04,143880,1,143870,143920,1,2570,32112
2018-07-10,21:56:05,143870,5,143870,143920,1,2570,32112
2018-07-10,21:56:10,143870,5,143870,143930,1,2570,32112
2018-07-10,21:56:10,143880,1,143870,143930,1,2570,32112
2018-07-10,21:56:11,143880,2,143870,143930,1,2570,32112
2018-07-10,21:56:13,143880,2,143870,143920,1,2570,32112
2018-07-10,21:56:13,143880,1,143870,143920,1,2570,32112
2018-07-10,21:56:14,143880,2,143870,143910,1,2570,32112
2018-07-10,21:56:15,143880,2,143870,143910,1,2570,32112
2018-07-10,21:56:16,143880,3,143870,143910,1,2570,32112
2018-07-10,21:56:16,143880,3,143870,143930,1,2572,32112
2018-07-10,21:56:20,143880,3,143870,143930,1,2572,32112
2018-07-10,21:56:25,143880,3,143930,143950,1,2574,32112
2018-07-10,21:56:25,143890,2,143930,143950,1,2574,32112
2018-07-10,21:56:27,143890,2,143930,143940,1,2574,32112
2018-07-10,21:56:29,143890,2,143930,143950,1,2574,32112
2018-07-10,21:56:31,143890,2,143930,143940,1,2574,32112
2018-07-10,21:56:31,143880,3,143890,143940,1,2578,32110
2018-07-10,21:56:32,143880,3,143890,143930,2,2578,32110
2018-07-10,21:56:32,143880,3,143890,143920,1,2578,32110
2018-07-10,21:56:33,143880,3,143890,143910,1,2578,32110
2018-07-10,21:56:33,143880,3,143890,143910,1,2578,32110
2018-07-10,21:56:35,143880,3,143890,143910,1,2578,32110
2018-07-10,21:56:46,143880,6,143890,143910,1,2578,32110
2018-07-10,21:56:47,143910,2,143910,143920,1,2580,32110
2018-07-10,21:56:47,143910,1,143910,143950,1,2584,32112
2018-07-10,21:56:48,143880,6,143910,143950,1,2586,32112
2018-07-10,21:56:48,143890,1,143910,143940,1,2586,32112
2018-07-10,21:56:49,143890,1,143910,143940,1,2586,32112
2018-07-10,21:56:49,143890,2,143910,143940,1,2586,32112
2018-07-10,21:56:50,143890,2,143910,143940,2,2586,32112
2018-07-10,21:56:51,143890,2,143910,143900,1,2586,32112
2018-07-10,21:56:51,143890,1,143900,143930,2,2588,32112
2018-07-10,21:56:52,143890,1,143900,143920,1,2588,32112
2018-07-10,21:56:53,143890,1,143900,143920,1,2588,32112
2018-07-10,21:56:54,143890,1,143900,143920,1,2588,32112
2018-07-10,21:56:56,143890,2,143900,143920,1,2588,32112
2018-07-10,21:57:02,143890,2,143900,143920,1,2588,32112
2018-07-10,21:57:10,143890,2,143900,143920,1,2588,32112
2018-07-10,21:57:15,143890,1,143900,143920,1,2588,32112
2018-07-10,21:57:15,143890,1,143900,143920,1,2588,32112
2018-07-10,21:57:34,143890,1,143900,143920,1,2588,32112
2018-07-10,21:57:35,143890,1,143900,143920,1,2588,32112
2018-07-10,21:57:36,143890,1,143900,143920,1,2588,32112
2018-07-10,21:57:41,143890,1,143900,143920,1,2588,32112
2018-07-10,21:57:51,143890,1,143900,143920,1,2588,32112
2018-07-10,21:58:21,143890,1,143900,143920,1,2588,32112
2018-07-10,21:58:32,143890,1,143900,143920,1,2588,32112
2018-07-10,21:58:33,143880,7,143890,143920,1,2590,32114
2018-07-10,21:58:34,143880,7,143890,143920,1,2590,32114
2018-07-10,21:58:42,143890,1,143890,143920,1,2590,32114
2018-07-10,21:58:44,143880,7,143890,143920,1,2592,32114
2018-07-10,21:58:47,143880,7,143890,143910,1,2592,32114
2018-07-10,21:58:52,143880,7,143890,143920,1,2592,32114
2018-07-10,21:58:53,143900,1,143890,143920,1,2592,32114
2018-07-10,21:58:53,143880,7,143900,143900,1,2594,32114
2018-07-10,21:58:54,143880,7,143900,143900,1,2594,32114
2018-07-10,21:58:56,143880,7,143900,143900,1,2594,32114
2018-07-10,21:58:57,143880,7,143900,143900,1,2594,32114
2018-07-10,21:58:58,143880,7,143900,143910,1,2596,32112
2018-07-10,21:59:00,143880,7,143900,143910,1,2596,32112
2018-07-10,21:59:00,143880,7,143900,143900,1,2596,32112
2018-07-10,21:59:03,143880,7,143900,143910,1,2596,32112
2018-07-10,21:59:04,143880,6,143880,143910,1,2598,32110
2018-07-10,21:59:06,143880,6,143910,143920,1,2600,32110
2018-07-10,21:59:09,143920,4,143920,143930,1,2602,32108
2018-07-10,21:59:10,143920,2,143920,143940,1,2606,32108
2018-07-10,21:59:10,143880,6,143920,143940,1,2610,32108
2018-07-10,21:59:11,143890,1,143920,143930,1,2610,32108
2018-07-10,21:59:11,143890,1,143920,143940,1,2610,32108
2018-07-10,21:59:14,143890,2,143920,143940,1,2610,32108
2018-07-10,21:59:17,143890,2,143920,143930,1,2610,32108
2018-07-10,21:59:18,143890,1,143920,143930,1,2610,32108
2018-07-10,21:59:26,143880,6,143890,143930,1,2612,32106
2018-07-10,21:59:27,143880,6,143890,143920,1,2612,32106
2018-07-10,21:59:29,143880,6,143890,143920,1,2612,32106
2018-07-10,21:59:32,143880,6,143890,143890,2,2612,32106
2018-07-10,21:59:33,143880,6,143890,143920,1,2616,32102
2018-07-10,21:59:34,143880,6,143890,143910,1,2616,32102
2018-07-10,21:59:43,143880,6,143890,143910,1,2616,32102
2018-07-10,21:59:52,143880,6,143890,143900,1,2616,32102
2018-07-10,21:59:55,143880,6,143890,143900,1,2616,32102
2018-07-10,21:59:59,143880,6,143900,143910,1,2618,32100
2018-07-10,22:00:27,143880,6,143900,143910,1,2618,32100
2018-07-10,22:00:27,143880,6,143900,143890,3,2618,32100
2018-07-10,22:00:28,143860,2,143880,143890,3,2630,32098
2018-07-10,22:00:28,143860,2,143880,143910,1,2630,32098
2018-07-10,22:00:29,143860,2,143880,143870,3,2630,32098
2018-07-10,22:00:29,143850,1,143860,143870,3,2636,32100
2018-07-10,22:00:30,143830,1,143850,143910,1,2638,32100
2018-07-10,22:00:30,143810,4,143830,143830,1,2642,32102
2018-07-10,22:00:31,143830,2,143830,143910,1,2644,32102
2018-07-10,22:00:31,143840,1,143830,143900,1,2644,32102
2018-07-10,22:00:34,143850,1,143830,143900,1,2644,32102
2018-07-10,22:00:35,143850,2,143830,143900,1,2644,32102
2018-07-10,22:00:39,143850,2,143830,143900,1,2644,32102
2018-07-10,22:00:41,143850,1,143830,143900,1,2644,32102
2018-07-10,22:00:41,143850,1,143830,143890,1,2644,32102
2018-07-10,22:00:42,143840,1,143830,143880,1,2644,32102
2018-07-10,22:00:42,143830,1,143830,143880,1,2644,32102
2018-07-10,22:00:43,143840,1,143830,143850,1,2644,32102
2018-07-10,22:00:43,143850,2,143850,143880,1,2646,32100
2018-07-10,22:00:44,143850,2,143850,143880,1,2646,32100
2018-07-10,22:00:45,143850,2,143850,143880,1,2646,32100
2018-07-10,22:00:47,143850,1,143850,143880,1,2648,32100
2018-07-10,22:00:48,143850,1,143850,143880,1,2648,32100
2018-07-10,22:00:48,143850,1,143850,143880,2,2648,32100
2018-07-10,22:00:49,143850,1,143850,143870,1,2648,32100
2018-07-10,22:00:49,143850,1,143850,143870,1,2648,32100
2018-07-10,22:00:50,143850,1,143850,143870,2,2648,32100
2018-07-10,22:00:50,143850,1,143850,143870,5,2648,32100
2018-07-10,22:00:51,143830,1,143850,143870,5,2650,32100
2018-07-10,22:00:51,143830,1,143850,143860,1,2650,32100
2018-07-10,22:00:52,143830,1,143850,143860,1,2650,32100
2018-07-10,22:00:52,143830,1,143850,143860,2,2650,32100
2018-07-10,22:00:54,143830,1,143850,143860,2,2650,32100
2018-07-10,22:00:55,143830,1,143850,143860,2,2650,32100
2018-07-10,22:01:01,143830,1,143850,143860,2,2650,32100
2018-07-10,22:01:02,143830,1,143850,143860,2,2650,32100
2018-07-10,22:01:09,143830,1,143850,143860,2,2650,32100
2018-07-10,22:01:20,143830,1,143850,143860,2,2650,32100
2018-07-10,22:01:23,143830,1,143860,143860,1,2652,32102
2018-07-10,22:01:23,143850,3,143860,143860,1,2652,32102
2018-07-10,22:01:24,143850,3,143860,143870,3,2654,32104
2018-07-10,22:01:26,143850,3,143860,143870,3,2654,32104
2018-07-10,22:01:31,143850,3,143860,143870,3,2654,32104
2018-07-10,22:01:40,143850,4,143860,143870,3,2654,32104
2018-07-10,22:01:50,143850,4,143860,143870,3,2654,32104
2018-07-10,22:01:54,143850,4,143860,143870,3,2654,32104
2018-07-10,22:01:56,143850,4,143870,143880,2,2660,32104
2018-07-10,22:01:57,143860,1,143880,143890,1,2662,32106
2018-07-10,22:01:57,143860,1,143880,143890,1,2662,32106
2018-07-10,22:01:59,143860,1,143890,143910,1,2664,32106
2018-07-10,22:02:00,143870,1,143890,143910,1,2664,32106
2018-07-10,22:02:11,143870,1,143890,143910,1,2664,32106
2018-07-10,22:02:15,143870,1,143890,143910,2,2664,32106
2018-07-10,22:02:16,143870,1,143890,143900,1,2664,32106
2018-07-10,22:02:18,143860,1,143890,143900,1,2664,32106
2018-07-10,22:02:26,143860,2,143890,143900,1,2664,32106
2018-07-10,22:02:34,143870,1,143890,143900,1,2664,32106
2018-07-10,22:02:35,143870,1,143890,143910,2,2664,32106
2018-07-10,22:02:35,143870,1,143890,143900,1,2664,32106
2018-07-10,22:02:48,143870,1,143890,143900,1,2664,32106
2018-07-10,22:02:49,143860,2,143870,143870,2,2666,32108
2018-07-10,22:02:49,143860,1,143870,143900,1,2670,32112
2018-07-10,22:03:03,143860,1,143870,143900,1,2670,32112
2018-07-10,22:03:07,143860,1,143870,143900,1,2670,32112
2018-07-10,22:03:26,143850,3,143860,143900,1,2672,32110
2018-07-10,22:03:28,143850,3,143860,143890,1,2672,32110
2018-07-10,22:03:28,143850,3,143860,143890,2,2672,32110
2018-07-10,22:03:29,143850,3,143860,143880,1,2672,32110
2018-07-10,22:03:31,143850,3,143860,143880,1,2672,32110
2018-07-10,22:03:36,143850,1,143850,143880,1,2676,32110
2018-07-10,22:03:37,143830,1,143850,143880,1,2678,32112
2018-07-10,22:03:40,143830,1,143850,143880,1,2678,32112
2018-07-10,22:03:42,143830,1,143850,143870,1,2678,32112
2018-07-10,22:04:05,143830,1,143850,143870,1,2678,32112
2018-07-10,22:04:10,143810,1,143830,143870,1,2680,32110
2018-07-10,22:04:10,143810,1,143830,143860,1,2680,32110
2018-07-10,22:04:11,143810,1,143830,143850,1,2680,32110
2018-07-10,22:04:11,143810,1,143830,143850,1,2680,32110
2018-07-10,22:04:13,143800,12,143810,143850,1,2682,32108
2018-07-10,22:04:14,143810,1,143810,143850,1,2682,32108
2018-07-10,22:04:27,143810,1,143810,143850,1,2682,32108
2018-07-10,22:04:28,143810,1,143810,143850,1,2682,32108
2018-07-10,22:04:29,143810,1,143810,143850,1,2682,32108
2018-07-10,22:04:33,143810,1,143810,143840,1,2682,32108
2018-07-10,22:04:34,143810,2,143810,143840,1,2682,32108
2018-07-10,22:04:35,143810,2,143840,143850,1,2684,32110
2018-07-10,22:04:43,143810,2,143840,143850,1,2684,32110
2018-07-10,22:04:45,143810,2,143840,143850,1,2684,32110
2018-07-10,22:04:47,143810,2,143840,143850,1,2684,32110
2018-07-10,22:05:13,143810,4,143840,143850,1,2684,32110
2018-07-10,22:05:14,143810,4,143840,143820,1,2684,32110
2018-07-10,22:05:14,143820,2,143820,143860,1,2686,32110
2018-07-10,22:05:15,143820,2,143820,143890,2,2686,32110
2018-07-10,22:05:15,143830,1,143820,143880,1,2686,32110
2018-07-10,22:05:22,143830,1,143820,143880,1,2686,32110
2018-07-10,22:05:31,143830,1,143820,143880,1,2686,32110
2018-07-10,22:05:31,143830,1,143820,143870,1,2686,32110
2018-07-10,22:05:32,143820,1,143820,143860,1,2686,32110
2018-07-10,22:05:34,143820,1,143820,143860,1,2686,32110
2018-07-10,22:05:36,143820,1,143820,143860,2,2686,32110
2018-07-10,22:05:37,143820,1,143820,143850,1,2686,32110
2018-07-10,22:05:38,143820,1,143820,143850,1,2686,32110
2018-07-10,22:05:41,143820,1,143820,143850,2,2686,32110
2018-07-10,22:05:46,143820,1,143820,143850,1,2686,32110
2018-07-10,22:05:49,143820,1,143820,143850,2,2686,32110
2018-07-10,22:05:50,143820,1,143820,143840,4,2686,32110
2018-07-10,22:05:50,143810,4,143820,143820,1,2688,32110
2018-07-10,22:05:51,143810,3,143820,143840,4,2690,32110
2018-07-10,22:05:51,143810,3,143820,143840,4,2690,32110
2018-07-10,22:05:54,143810,3,143820,143840,5,2690,32110
2018-07-10,22:05:56,143810,3,143820,143840,4,2690,32110
2018-07-10,22:06:04,143810,3,143820,143840,5,2690,32110
2018-07-10,22:06:12,143810,3,143820,143830,1,2690,32110
2018-07-10,22:06:18,143810,3,143820,143830,1,2690,32110
2018-07-10,22:06:19,143810,3,143830,143840,4,2692,32110
2018-07-10,22:06:21,143820,1,143830,143840,4,2692,32110
2018-07-10,22:06:23,143820,1,143830,143840,4,2692,32110
2018-07-10,22:06:29,143810,3,143820,143820,2,2694,32110
2018-07-10,22:06:39,143810,3,143820,143840,4,2698,32106
2018-07-10,22:06:40,143820,1,143820,143840,4,2698,32106
2018-07-10,22:06:46,143820,1,143820,143840,4,2698,32106
2018-07-10,22:06:52,143820,2,143820,143840,4,2698,32106
2018-07-10,22:06:53,143820,2,143820,143840,4,2698,32106
2018-07-10,22:06:54,143820,2,143820,143840,4,2698,32106
2018-07-10,22:06:54,143820,2,143820,143840,4,2698,32106
2018-07-10,22:07:01,143820,2,143820,143840,4,2698,32106
2018-07-10,22:07:01,143820,3,143820,143840,4,2698,32106
2018-07-10,22:07:03,143820,3,143820,143850,1,2698,32106
2018-07-10,22:07:03,143820,3,143820,143860,1,2698,32106
2018-07-10,22:07:06,143840,1,143820,143860,1,2698,32106
2018-07-10,22:07:06,143840,1,143820,143860,1,2698,32106
2018-07-10,22:07:11,143820,3,143840,143840,1,2700,32108
2018-07-10,22:07:11,143840,2,143840,143860,1,2702,32108
2018-07-10,22:07:14,143840,2,143840,143860,1,2702,32108
2018-07-10,22:07:15,143840,2,143840,143860,1,2702,32108
2018-07-10,22:07:18,143840,2,143840,143860,1,2702,32108
2018-07-10,22:07:18,143840,2,143840,143860,1,2702,32108
2018-07-10,22:07:19,143850,1,143840,143860,1,2702,32108
2018-07-10,22:07:19,143850,1,143840,143890,1,2702,32108
2018-07-10,22:07:20,143850,1,143840,143880,1,2702,32108
2018-07-10,22:07:27,143850,1,143840,143880,1,2702,32108
2018-07-10,22:07:28,143850,1,143840,143880,1,2702,32108
2018-07-10,22:07:39,143820,1,143850,143880,1,2704,32108
2018-07-10,22:07:40,143820,1,143850,143870,1,2704,32108
2018-07-10,22:07:40,143820,1,143850,143830,1,2704,32108
2018-07-10,22:07:41,143830,2,143830,143860,1,2706,32108
2018-07-10,22:07:41,143830,2,143830,143860,1,2706,32108
2018-07-10,22:07:49,143820,1,143830,143860,1,2706,32108
2018-07-10,22:07:50,143820,1,143830,143850,1,2706,32108
2018-07-10,22:07:57,143820,1,143830,143850,1,2706,32108
2018-07-10,22:08:02,143820,1,143830,143850,1,2706,32108
2018-07-10,22:08:09,143820,1,143830,143840,1,2706,32108
2018-07-10,22:08:11,143820,1,143830,143840,1,2706,32108
2018-07-10,22:08:25,143820,1,143840,143860,1,2708,32108
2018-07-10,22:08:31,143830,1,143840,143860,1,2708,32108
2018-07-10,22:08:36,143820,1,143840,143860,1,2708,32108
2018-07-10,22:08:37,143820,1,143840,143860,1,2708,32108
2018-07-10,22:08:40,143830,1,143840,143860,1,2708,32108
2018-07-10,22:08:40,143830,1,143840,143870,1,2708,32108
2018-07-10,22:08:43,143830,1,143840,143870,1,2708,32108
2018-07-10,22:08:47,143840,1,143840,143870,1,2708,32108
2018-07-10,22:08:47,143840,1,143840,143860,1,2708,32108
2018-07-10,22:08:53,143840,1,143840,143860,1,2708,32108
2018-07-10,22:08:53,143840,1,143840,143860,1,2708,32108
2018-07-10,22:09:02,143840,1,143840,143860,1,2708,32108
2018-07-10,22:09:32,143820,1,143840,143860,1,2710,32108
2018-07-10,22:09:40,143820,1,143860,143870,1,2712,32106
2018-07-10,22:09:41,143870,5,143870,143890,1,2714,32104
2018-07-10,22:09:41,143870,4,143870,143890,1,2714,32104
2018-07-10,22:09:44,143870,4,143890,143910,2,2716,32104
2018-07-10,22:09:45,143910,3,143910,143950,1,2720,32104
2018-07-10,22:09:45,143820,1,143940,143940,1,2726,32110
2018-07-10,22:09:46,143830,3,143940,143920,11,2728,32112
2018-07-10,22:09:46,143830,3,143940,143910,3,2728,32112
2018-07-10,22:09:47,143840,1,143940,143900,2,2728,32112
2018-07-10,22:09:47,143840,1,143940,143890,1,2728,32112
2018-07-10,22:09:48,143840,1,143940,143890,1,2728,32112
2018-07-10,22:09:48,143840,1,143900,143900,2,2730,32114
2018-07-10,22:09:49,143850,1,143900,143900,2,2730,32114
2018-07-10,22:09:49,143850,2,143900,143900,2,2730,32114
2018-07-10,22:09:51,143850,2,143900,143900,1,2732,32116
2018-07-10,22:09:55,143850,2,143900,143900,1,2732,32116
2018-07-10,22:09:56,143850,1,143850,143900,1,2734,32116
2018-07-10,22:10:00,143850,1,143850,143890,1,2734,32116
2018-07-10,22:10:00,143850,1,143850,143880,1,2734,32116
2018-07-10,22:10:01,143850,1,143850,143880,1,2734,32116
2018-07-10,22:10:02,143840,1,143850,143880,1,2734,32116
2018-07-10,22:10:02,143860,1,143850,143880,1,2734,32116
2018-07-10,22:10:03,143860,1,143850,143880,1,2734,32116
2018-07-10,22:10:04,143860,1,143880,143910,2,2736,32116
2018-07-10,22:10:05,143860,1,143910,143930,1,2740,32118
2018-07-10,22:10:06,143870,2,143910,143930,1,2740,32118
2018-07-10,22:10:07,143870,2,143910,143930,1,2740,32118
2018-07-10,22:10:07,143870,2,143910,143920,1,2740,32118
2018-07-10,22:10:09,143870,2,143910,143920,1,2740,32118
2018-07-10,22:10:11,143870,2,143910,143920,1,2740,32118
2018-07-10,22:10:21,143870,2,143910,143920,1,2740,32118
2018-07-10,22:10:21,143880,1,143910,143920,1,2740,32118
2018-07-10,22:10:22,143890,1,143920,143950,1,2742,32120
2018-07-10,22:10:22,143900,1,143920,143950,1,2742,32120
2018-07-10,22:10:23,143910,1,143920,143950,1,2742,32120
2018-07-10,22:10:25,143910,1,143920,143950,1,2742,32120
2018-07-10,22:10:26,143910,1,143920,143940,1,2742,32120
2018-07-10,22:10:27,143910,1,143920,143940,1,2742,32120
2018-07-10,22:10:34,143910,1,143920,143940,1,2742,32120
2018-07-10,22:10:36,143940,2,143940,143950,1,2744,32122
2018-07-10,22:10:36,143910,1,143950,143980,1,2750,32126
2018-07-10,22:10:37,143920,1,143950,143970,1,2750,32126
2018-07-10,22:10:37,143930,1,143950,143970,1,2750,32126
2018-07-10,22:10:39,143940,1,143950,143970,1,2750,32126
2018-07-10,22:10:40,143930,1,143950,143970,1,2750,32126
2018-07-10,22:10:41,143930,1,143950,143970,1,2750,32126
2018-07-10,22:10:52,143930,1,143950,143970,1,2750,32126
2018-07-10,22:10:53,143930,1,143950,143970,1,2750,32126
2018-07-10,22:10:56,143930,1,143970,143980,1,2752,32126
2018-07-10,22:10:56,143940,1,143970,143980,1,2752,32126
2018-07-10,22:10:57,143950,1,143970,143980,1,2752,32126
2018-07-10,22:10:57,143950,1,143970,143980,1,2752,32126
2018-07-10,22:10:59,143950,1,143970,143980,1,2752,32126
2018-07-10,22:11:00,143980,7,143980,143990,1,2754,32126
2018-07-10,22:11:01,143990,1,143990,144000,23,2760,32126
2018-07-10,22:11:01,143980,7,144000,144000,20,2770,32128
2018-07-10,22:11:02,144000,3,144000,144040,30,2812,32138
2018-07-10,22:11:02,144010,1,144000,144040,30,2812,32138
2018-07-10,22:11:03,144010,1,144000,144030,1,2812,32138
2018-07-10,22:11:03,144000,3,144010,144030,1,2814,32136
2018-07-10,22:11:04,143980,7,144000,144020,1,2820,32134
2018-07-10,22:11:05,143980,7,144000,144010,2,2820,32134
2018-07-10,22:11:05,143980,7,144000,144010,2,2820,32134
2018-07-10,22:11:06,143980,7,144000,144010,2,2820,32134
2018-07-10,22:11:06,143980,7,144010,144010,1,2822,32134
2018-07-10,22:11:08,143980,7,144010,144000,1,2822,32134
2018-07-10,22:11:08,143980,5,143980,144000,1,2826,32134
2018-07-10,22:11:09,143970,1,143980,143980,5,2838,32126
2018-07-10,22:11:09,143880,1,143970,143970,3,2840,32126
2018-07-10,22:11:10,143890,2,143970,143970,3,2844,32128
2018-07-10,22:11:10,143900,4,143970,143960,1,2844,32128
2018-07-10,22:11:11,143910,3,143960,143970,2,2846,32126
2018-07-10,22:11:11,143920,8,143970,144000,1,2850,32122
2018-07-10,22:11:12,143930,1,143970,144000,1,2850,32122
2018-07-10,22:11:12,143940,1,143970,144000,1,2850,32122
2018-07-10,22:11:13,143950,1,143970,144000,1,2850,32122
2018-07-10,22:11:13,143960,2,143970,144000,1,2850,32122
2018-07-10,22:11:14,143970,2,143970,144000,1,2850,32122
2018-07-10,22:11:14,143970,2,143970,144000,1,2850,32122
2018-07-10,22:11:15,143970,2,143970,143990,3,2850,32122
2018-07-10,22:11:15,143960,2,143970,143990,3,2854,32122
2018-07-10,22:11:16,143960,1,143970,143990,3,2854,32122
2018-07-10,22:11:16,143960,1,143970,143990,3,2854,32122
2018-07-10,22:11:17,143960,1,143970,144000,1,2854,32122
2018-07-10,22:11:17,143970,1,143970,143990,3,2854,32122
2018-07-10,22:11:18,143960,1,143970,144000,1,2854,32122
2018-07-10,22:11:18,143970,1,143970,144000,1,2854,32122
2018-07-10,22:11:20,143970,1,143970,144000,1,2854,32122
2018-07-10,22:11:21,143970,1,143970,144000,3,2854,32122
2018-07-10,22:11:21,143960,1,143970,144000,2,2854,32122
2018-07-10,22:11:22,143960,1,143970,143970,1,2854,32122
2018-07-10,22:11:22,143910,1,143960,143970,1,2856,32122
2018-07-10,22:11:23,143940,2,143960,143970,1,2858,32124
2018-07-10,22:11:24,143940,2,143960,143970,1,2858,32124
2018-07-10,22:11:25,143940,2,143960,143970,1,2858,32124
2018-07-10,22:11:27,143940,2,143960,143970,1,2858,32124
2018-07-10,22:11:28,143940,2,143970,144000,3,2860,32124
2018-07-10,22:11:29,143950,2,143970,144000,3,2860,32124
2018-07-10,22:11:32,143950,2,143970,144000,3,2860,32124
2018-07-10,22:11:33,143950,2,144000,143990,1,2862,32126
2018-07-10,22:11:37,143950,2,144000,143990,2,2862,32126
2018-07-10,22:11:37,143950,2,144000,143990,2,2862,32126
2018-07-10,22:11:38,143950,2,144000,143970,1,2862,32126
2018-07-10,22:11:39,143950,2,143970,143990,2,2864,32126
2018-07-10,22:11:42,143950,2,143970,143990,2,2864,32126
2018-07-10,22:11:43,143950,2,143970,143990,1,2864,32126
2018-07-10,22:11:43,143960,1,143970,143990,1,2864,32126
2018-07-10,22:11:45,143960,1,143990,144000,1,2866,32126
2018-07-10,22:11:45,143970,1,143990,144000,1,2866,32126
2018-07-10,22:11:46,143970,1,144000,144040,30,2868,32128
2018-07-10,22:11:46,143970,1,144000,144030,2,2868,32128
2018-07-10,22:11:47,143970,1,144000,144030,3,2868,32128
2018-07-10,22:11:47,143970,1,144000,144020,1,2868,32128
2018-07-10,22:11:48,144010,1,144000,144020,2,2868,32128
2018-07-10,22:11:48,143970,1,144010,144000,2,2870,32128
2018-07-10,22:11:49,143940,1,144010,144020,2,2878,32134
2018-07-10,22:11:49,143950,2,144010,144020,2,2878,32134
2018-07-10,22:11:50,143960,2,144010,144020,2,2878,32134
2018-07-10,22:11:50,143970,3,144010,144020,2,2878,32134
2018-07-10,22:11:55,143970,3,144020,144030,2,2882,32138
2018-07-10,22:11:55,143970,3,144020,144030,2,2882,32138
2018-07-10,22:11:56,143980,1,144030,144030,1,2884,32140
2018-07-10,22:11:56,143990,2,144030,144030,1,2884,32140
2018-07-10,22:11:57,143990,2,144030,144030,1,2884,32140
2018-07-10,22:11:57,144000,1,144030,144030,1,2884,32140
2018-07-10,22:11:58,144000,1,144030,144030,1,2884,32140
2018-07-10,22:11:58,144000,1,144030,144040,30,2886,32142
2018-07-10,22:11:59,144010,1,144030,144040,30,2886,32142
2018-07-10,22:11:59,144010,1,144030,144040,30,2886,32142
2018-07-10,22:12:00,144010,1,144040,144040,29,2888,32140
2018-07-10,22:12:00,144010,1,144040,144040,28,2890,32138
2018-07-10,22:12:01,144010,1,144040,144040,24,2898,32138
2018-07-10,22:12:02,144010,1,144040,144040,24,2898,32138
2018-07-10,22:12:02,144030,3,144040,144040,22,2902,32134
2018-07-10,22:12:03,144040,3,144040,144090,1,2950,32110
2018-07-10,22:12:03,144060,1,144040,144090,1,2950,32110
2018-07-10,22:12:04,144050,2,144060,144090,1,2956,32106
2018-07-10,22:12:04,144040,7,144050,144090,1,2960,32106
2018-07-10,22:12:05,144040,7,144050,144090,1,2962,32104
2018-07-10,22:12:06,144040,3,144050,144090,1,2962,32104
2018-07-10,22:12:06,144050,3,144040,144080,1,2970,32110
2018-07-10,22:12:07,144030,3,144050,144080,1,2976,32114
2018-07-10,22:12:07,144050,1,144050,144080,1,2976,32114
2018-07-10,22:12:08,144030,3,144050,144080,1,2978,32114
2018-07-10,22:12:08,144030,3,144050,144070,1,2978,32114
2018-07-10,22:12:09,144040,1,144050,144070,1,2978,32114
2018-07-10,22:12:10,144040,1,144050,144070,1,2978,32114
2018-07-10,22:12:11,144040,6,144050,144070,1,2978,32114
2018-07-10,22:12:12,144040,4,144040,144070,1,2982,32116
2018-07-10,22:12:13,144040,2,144040,144070,1,2986,32120
2018-07-10,22:12:13,144030,3,144040,144040,2,2990,32122
2018-07-10,22:12:14,143980,1,144030,144030,1,2996,32128
2018-07-10,22:12:14,143980,1,144030,144040,2,2998,32130
2018-07-10,22:12:15,143990,2,144030,144040,2,2998,32130
2018-07-10,22:12:18,143990,2,144030,144040,2,2998,32130
2018-07-10,22:12:19,143990,1,143990,144060,1,3002,32130
2018-07-10,22:12:19,144000,2,143990,144050,1,3002,32130
2018-07-10,22:12:20,144000,2,143990,144030,1,3002,32130
2018-07-10,22:12:20,144000,2,143990,144030,1,3002,32130
2018-07-10,22:12:22,144000,2,143990,144030,1,3002,32130
2018-07-10,22:12:24,144000,2,143990,144030,1,3002,32130
2018-07-10,22:12:26,144000,2,143990,144030,1,3002,32130
2018-07-10,22:12:28,144000,2,143990,144030,1,3002,32130
2018-07-10,22:12:29,144000,2,143990,144030,1,3002,32130
2018-07-10,22:12:32,144000,2,143990,144030,1,3002,32130
2018-07-10,22:12:32,144000,2,144030,144050,1,3004,32132
2018-07-10,22:12:35,144000,2,144030,144050,1,3004,32132
2018-07-10,22:12:38,144000,2,144030,144030,1,3004,32132
2018-07-10,22:12:39,144000,2,144030,144030,1,3004,32132
2018-07-10,22:12:41,144000,2,144030,144030,1,3004,32132
2018-07-10,22:12:43,144000,2,144030,144030,1,3004,32132
2018-07-10,22:12:46,144000,2,144030,144040,1,3006,32134
2018-07-10,22:12:47,144000,2,144030,144040,1,3006,32134
2018-07-10,22:12:47,144000,2,144030,144040,1,3006,32134
2018-07-10,22:12:48,144000,2,144030,144040,1,3006,32134
2018-07-10,22:12:50,144000,2,144030,144040,1,3006,32134
2018-07-10,22:12:53,144000,2,144030,144020,1,3006,32134
2018-07-10,22:12:56,144000,2,144030,144020,1,3006,32134
2018-07-10,22:12:58,144000,2,144020,144050,2,3008,32134
2018-07-10,22:12:59,144000,2,144020,144040,1,3008,32134
2018-07-10,22:13:01,144000,2,144020,144030,1,3008,32134
2018-07-10,22:13:04,144000,1,144000,144030,1,3010,32136
2018-07-10,22:13:05,143980,1,144000,144030,1,3012,32136
2018-07-10,22:13:05,143980,1,144000,144020,1,3012,32136
2018-07-10,22:13:06,143980,2,144000,144010,1,3012,32136
2018-07-10,22:13:06,143980,2,144000,144010,1,3012,32136
2018-07-10,22:13:07,143980,2,144000,144010,1,3012,32136
2018-07-10,22:13:08,143980,2,144000,144010,1,3012,32136
2018-07-10,22:13:09,143980,2,144000,144010,1,3012,32136
2018-07-10,22:13:10,143940,1,143980,144010,1,3016,32134
2018-07-10,22:13:10,143940,1,143980,144000,2,3016,32134
2018-07-10,22:13:11,143940,1,143980,143990,1,3016,32134
2018-07-10,22:13:11,143940,1,143980,143990,1,3016,32134
2018-07-10,22:13:13,143940,1,143980,143990,1,3016,32134
2018-07-10,22:13:13,143940,1,143980,143990,1,3016,32134
2018-07-10,22:13:15,143950,1,143980,143990,1,3016,32134
2018-07-10,22:13:16,143950,1,143980,143990,1,3016,32134
2018-07-10,22:13:19,143950,2,143980,143990,1,3016,32134
2018-07-10,22:13:19,143950,2,143980,143980,1,3016,32134
2018-07-10,22:13:21,143950,1,143980,143980,1,3016,32134
2018-07-10,22:13:22,143950,1,143980,143980,1,3016,32134
2018-07-10,22:13:24,143950,1,143980,143980,1,3016,32134
2018-07-10,22:13:25,143950,2,143980,143980,1,3016,32134
2018-07-10,22:13:25,143950,2,143980,143980,1,3016,32134
2018-07-10,22:13:26,143950,4,143980,143980,1,3016,32134
2018-07-10,22:13:26,143960,1,143980,144000,1,3018,32134
2018-07-10,22:13:27,143960,1,143980,144020,2,3018,32134
2018-07-10,22:13:27,143970,1,143980,144020,1,3018,32134
2018-07-10,22:13:28,143970,1,143980,144030,2,3018,32134
2018-07-10,22:13:28,143970,1,143980,144020,1,3018,32134
2018-07-10,22:13:29,143970,1,143980,144020,1,3018,32134
2018-07-10,22:13:34,143980,1,143980,144020,1,3018,32134
2018-07-10,22:13:34,143970,1,143980,144020,1,3020,32134
2018-07-10,22:13:36,143970,1,143980,144010,1,3020,32134
2018-07-10,22:13:37,143950,4,143980,144000,1,3020,32134
2018-07-10,22:13:39,143960,1,143980,144000,1,3020,32134
2018-07-10,22:13:41,143960,1,143980,144000,2,3020,32134
2018-07-10,22:13:41,143950,4,143990,144000,2,3022,32136
2018-07-10,22:13:44,143950,4,143990,143990,1,3022,32136
2018-07-10,22:13:44,143950,4,143990,143990,2,3022,32136
2018-07-10,22:13:52,143950,4,143990,143990,1,3024,32136
2018-07-10,22:13:53,143950,4,143990,143990,1,3024,32136
2018-07-10,22:13:54,143960,1,143990,144000,2,3026,32136
2018-07-10,22:13:58,143960,1,143990,144000,2,3026,32136
2018-07-10,22:13:59,143960,1,143990,144000,2,3026,32136
2018-07-10,22:14:00,143950,4,143990,144000,2,3026,32136
2018-07-10,22:14:02,143960,1,143990,144000,2,3026,32136
2018-07-10,22:14:06,143960,1,143990,143990,1,3026,32136
2018-07-10,22:14:07,143960,1,143990,143990,1,3026,32136
2018-07-10,22:14:08,143950,4,143990,143990,1,3026,32136
2018-07-10,22:14:08,143950,4,143990,144000,2,3028,32138
2018-07-10,22:14:10,143960,1,143990,144000,2,3028,32138
2018-07-10,22:14:13,143960,1,143990,144000,2,3028,32138
2018-07-10,22:14:15,143950,4,143990,144000,2,3028,32138
2018-07-10,22:14:16,143960,1,143990,144000,2,3028,32138
2018-07-10,22:14:31,143950,4,143960,144000,2,3030,32136
2018-07-10,22:14:32,143950,4,143960,143990,1,3030,32136
2018-07-10,22:14:34,143960,1,143960,143990,1,3030,32136
2018-07-10,22:14:38,143950,4,143960,143960,3,3032,32136
2018-07-10,22:14:38,143950,4,143960,143960,3,3032,32136
2018-07-10,22:14:42,143950,5,143960,143960,3,3032,32136
2018-07-10,22:14:42,143960,1,143960,143990,1,3038,32142
2018-07-10,22:14:43,143960,2,143960,143990,1,3038,32142
2018-07-10,22:14:44,143960,3,143960,143990,1,3038,32142
2018-07-10,22:14:49,143960,3,143960,143990,1,3038,32142
2018-07-10,22:14:50,143960,2,143960,143990,1,3040,32142
2018-07-10,22:14:57,143960,2,143990,144000,1,3042,32140
2018-07-10,22:15:01,143960,3,143990,144000,1,3042,32140
2018-07-10,22:15:04,143960,3,143990,143990,1,3042,32140
2018-07-10,22:15:04,143960,3,143990,143980,1,3042,32140
2018-07-10,22:15:07,143960,3,143990,143980,1,3042,32140
2018-07-10,22:15:13,143960,3,143990,143980,1,3042,32140
2018-07-10,22:15:13,143960,3,143990,143970,3,3042,32140
2018-07-10,22:15:14,143950,4,143960,143970,3,3048,32142
2018-07-10,22:15:14,143940,1,143950,143950,4,3056,32136
2018-07-10,22:15:15,143930,1,143940,143940,3,3058,32134
2018-07-10,22:15:15,143920,1,143930,143950,4,3060,32132
2018-07-10,22:15:16,143900,3,143920,143920,2,3062,32132
2018-07-10,22:15:16,143900,3,143920,143950,4,3062,32132
2018-07-10,22:15:17,143900,3,143940,143950,4,3068,32130
2018-07-10,22:15:18,143860,2,143900,143950,4,3074,32130
2018-07-10,22:15:19,143870,2,143900,143940,3,3074,32130
2018-07-10,22:15:19,143860,2,143870,143930,1,3080,32132
2018-07-10,22:15:20,143870,1,143860,143920,2,3084,32136
2018-07-10,22:15:20,143890,2,143860,143910,1,3084,32136
2018-07-10,22:15:21,143890,2,143860,143910,1,3084,32136
2018-07-10,22:15:22,143890,2,143860,143910,1,3084,32136
2018-07-10,22:15:24,143890,2,143860,143910,1,3084,32136
2018-07-10,22:15:24,143890,2,143860,143910,1,3084,32136
2018-07-10,22:15:25,143890,2,143860,143910,1,3084,32136
2018-07-10,22:15:27,143870,1,143910,143920,1,3086,32136
2018-07-10,22:15:28,143880,2,143910,143920,1,3086,32136
2018-07-10,22:15:28,143910,1,143910,143920,1,3086,32136
2018-07-10,22:15:29,143910,1,143920,143930,1,3088,32134
2018-07-10,22:15:29,143910,1,143920,143940,2,3088,32134
2018-07-10,22:15:30,143910,1,143920,143920,1,3088,32134
2018-07-10,22:15:30,143910,1,143920,143940,2,3090,32134
2018-07-10,22:15:31,143910,1,143920,143940,2,3090,32134
2018-07-10,22:15:33,143910,1,143920,143940,3,3090,32134
2018-07-10,22:15:33,143910,1,143920,143940,3,3090,32134
2018-07-10,22:15:34,143910,1,143920,143940,3,3090,32134
2018-07-10,22:15:34,143910,1,143920,143930,1,3090,32134
2018-07-10,22:15:35,143910,1,143920,143930,1,3090,32134
2018-07-10,22:15:35,143910,1,143920,143930,1,3090,32134
2018-07-10,22:15:37,143910,1,143920,143930,1,3090,32134
2018-07-10,22:15:44,143910,1,143920,143930,1,3090,32134
2018-07-10,22:15:53,143910,1,143920,143930,1,3090,32134
2018-07-10,22:15:55,143910,1,143920,143930,1,3090,32134
2018-07-10,22:15:56,143910,1,143920,143930,1,3090,32134
2018-07-10,22:15:57,143920,1,143920,143930,1,3090,32134
2018-07-10,22:15:58,143910,1,143920,143930,1,3092,32134
2018-07-10,22:16:03,143870,2,143910,143910,1,3094,32136
2018-07-10,22:16:03,143880,1,143910,143910,1,3094,32136
2018-07-10,22:16:04,143890,1,143910,143910,2,3094,32136
2018-07-10,22:16:05,143890,1,143910,143910,2,3094,32136
2018-07-10,22:16:10,143890,1,143910,143910,2,3094,32136
2018-07-10,22:16:13,143890,1,143910,143910,2,3094,32136
2018-07-10,22:16:14,143880,1,143910,143910,2,3094,32136
2018-07-10,22:16:16,143900,2,143910,143910,2,3094,32136
2018-07-10,22:16:17,143900,2,143910,143930,1,3098,32134
2018-07-10,22:16:18,143900,2,143910,143930,1,3098,32134
2018-07-10,22:16:30,143910,1,143910,143930,1,3098,32134
2018-07-10,22:16:32,143910,3,143910,143930,1,3098,32134
2018-07-10,22:16:34,143910,4,143910,143930,1,3098,32134
2018-07-10,22:16:34,143910,4,143930,143940,2,3100,32132
2018-07-10,22:16:35,143910,4,143930,143960,2,3100,32132
2018-07-10,22:16:36,143910,2,143930,143960,2,3100,32132
2018-07-10,22:16:37,143910,2,143930,143950,1,3100,32132
2018-07-10,22:16:39,143910,2,143930,143950,1,3100,32132
2018-07-10,22:16:42,143910,2,143930,143950,1,3100,32132
2018-07-10,22:16:44,143910,5,143930,143950,1,3100,32132
2018-07-10,22:16:48,143910,5,143930,143950,1,3100,32132
2018-07-10,22:16:49,143910,5,143930,143950,1,3100,32132
2018-07-10,22:16:56,143910,5,143930,143950,1,3100,32132
2018-07-10,22:16:56,143910,5,143930,143920,2,3100,32132
2018-07-10,22:16:57,143910,5,143920,143950,1,3104,32136
2018-07-10,22:16:59,143910,4,143920,143950,1,3104,32136
2018-07-10,22:17:01,143910,4,143920,143940,1,3104,32136
2018-07-10,22:17:05,143910,4,143920,143950,1,3104,32136
2018-07-10,22:17:09,143910,4,143920,143950,1,3104,32136
2018-07-10,22:17:11,143910,4,143920,143950,1,3104,32136
2018-07-10,22:17:42,143910,4,143920,143940,1,3104,32136
2018-07-10,22:17:42,143910,4,143920,143920,1,3104,32136
2018-07-10,22:17:45,143910,4,143920,143920,2,3104,32136
2018-07-10,22:17:46,143880,1,143910,143910,2,3112,32138
2018-07-10,22:17:46,143870,1,143910,143910,2,3112,32138
2018-07-10,22:17:47,143860,2,143870,143910,2,3114,32140
2018-07-10,22:17:47,143860,2,143870,143900,1,3114,32140
2018-07-10,22:17:48,143860,2,143870,143900,1,3114,32140
2018-07-10,22:17:50,143870,1,143870,143900,1,3114,32140
2018-07-10,22:17:54,143860,2,143870,143870,1,3116,32140
2018-07-10,22:17:54,143880,1,143870,143900,1,3118,32140
2018-07-10,22:17:57,143880,1,143870,143900,1,3118,32140
2018-07-10,22:17:59,143880,1,143870,143900,1,3118,32140
2018-07-10,22:17:59,143880,1,143870,143900,1,3118,32140
2018-07-10,22:18:00,143870,1,143870,143900,1,3118,32140
2018-07-10,22:18:01,143870,1,143870,143900,2,3118,32140
2018-07-10,22:18:05,143870,1,143870,143900,2,3118,32140
2018-07-10,22:18:07,143870,1,143870,143900,2,3118,32140
2018-07-10,22:18:11,143870,1,143870,143900,2,3118,32140
2018-07-10,22:18:11,143870,1,143870,143900,2,3118,32140
2018-07-10,22:18:13,143870,2,143870,143900,2,3118,32140
2018-07-10,22:18:15,143900,8,143900,143920,1,3122,32142
2018-07-10,22:18:16,143920,1,143920,143940,1,3124,32142
2018-07-10,22:18:16,143900,8,143920,143920,1,3126,32140
2018-07-10,22:18:17,143900,8,143920,143940,1,3128,32138
2018-07-10,22:18:17,143910,1,143920,143940,1,3128,32138
2018-07-10,22:18:18,143910,2,143920,143940,1,3128,32138
2018-07-10,22:18:20,143910,2,143920,143940,1,3128,32138
2018-07-10,22:18:21,143910,2,143920,143930,1,3128,32138
2018-07-10,22:18:21,143910,3,143920,143930,1,3128,32138
2018-07-10,22:18:22,143910,3,143930,143940,1,3130,32136
2018-07-10,22:18:22,143910,2,143930,143940,1,3130,32136
2018-07-10,22:18:38,143910,2,143930,143940,1,3130,32136
2018-07-10,22:18:39,143910,2,143930,143920,2,3130,32136
2018-07-10,22:18:39,143910,1,143930,143920,2,3130,32136
2018-07-10,22:18:40,143900,8,143910,143940,1,3132,32136
2018-07-10,22:18:40,143900,8,143910,143910,1,3134,32136
2018-07-10,22:18:41,143900,7,143900,143940,1,3138,32138
2018-07-10,22:18:41,143900,7,143900,143930,1,3138,32138
2018-07-10,22:18:43,143910,1,143900,143930,1,3138,32138
2018-07-10,22:18:43,143900,7,143910,143930,1,3140,32138
2018-07-10,22:18:44,143900,7,143910,143920,1,3140,32138
2018-07-10,22:18:51,143900,7,143910,143920,1,3140,32138
2018-07-10,22:18:53,143900,7,143920,143940,1,3142,32138
2018-07-10,22:18:55,143900,7,143920,143930,1,3142,32138
2018-07-10,22:18:56,143900,7,143920,143930,1,3142,32138
2018-07-10,22:18:57,143900,7,143930,143940,1,3144,32140
2018-07-10,22:18:59,143910,1,143930,143940,1,3144,32140
2018-07-10,22:19:00,143910,1,143930,143940,1,3144,32140
2018-07-10,22:19:03,143910,1,143930,143940,1,3144,32140
2018-07-10,22:19:08,143900,7,143930,143940,1,3144,32140
2018-07-10,22:19:09,143910,1,143930,143940,1,3144,32140
2018-07-10,22:19:18,143920,1,143930,143940,1,3144,32140
2018-07-10,22:19:19,143910,1,143920,143940,1,3146,32140
2018-07-10,22:19:19,143900,7,143920,143940,1,3146,32140
2018-07-10,22:19:20,143910,1,143940,143950,2,3148,32140
2018-07-10,22:19:20,143910,2,143940,143940,1,3148,32140
2018-07-10,22:19:23,143910,2,143940,143950,2,3150,32142
2018-07-10,22:19:23,143920,1,143940,143950,2,3150,32142
2018-07-10,22:19:24,143920,2,143940,143950,2,3150,32142
2018-07-10,22:19:25,143920,1,143940,143950,2,3150,32142
2018-07-10,22:19:27,143920,1,143940,143950,2,3150,32142
2018-07-10,22:19:27,143920,1,143940,143950,2,3150,32142
2018-07-10,22:19:33,143920,1,143940,143950,2,3150,32142
2018-07-10,22:19:33,143920,1,143940,143950,2,3150,32142
2018-07-10,22:19:36,143920,1,143940,143950,2,3150,32142
2018-07-10,22:19:40,143920,1,143940,143950,2,3150,32142
2018-07-10,22:19:41,143920,1,143940,143950,2,3150,32142
2018-07-10,22:19:47,143920,1,143940,143950,2,3150,32142
2018-07-10,22:19:54,143920,1,143940,143950,2,3150,32142
2018-07-10,22:19:54,143920,1,143940,143940,1,3150,32142
2018-07-10,22:19:55,143910,3,143940,143940,1,3150,32142
2018-07-10,22:19:56,143910,2,143940,143940,1,3150,32142
2018-07-10,22:19:58,143920,1,143940,143940,1,3150,32142
2018-07-10,22:20:02,143920,1,143940,143950,2,3150,32142
2018-07-10,22:20:09,143920,1,143940,143950,2,3150,32142
2018-07-10,22:20:10,143910,1,143920,143950,2,3152,32142
2018-07-10,22:20:12,143910,1,143920,143940,1,3152,32142
2018-07-10,22:20:15,143910,1,143920,143940,1,3152,32142
2018-07-10,22:20:19,143910,1,143920,143940,1,3152,32142
2018-07-10,22:20:19,143910,1,143920,143940,2,3152,32142
2018-07-10,22:20:20,143910,1,143920,143940,2,3152,32142
2018-07-10,22:20:22,143900,7,143920,143940,2,3152,32142
2018-07-10,22:20:23,143900,7,143920,143940,2,3152,32142
2018-07-10,22:20:26,143910,1,143920,143940,2,3152,32142
2018-07-10,22:20:27,143910,1,143920,143940,2,3152,32142
2018-07-10,22:20:30,143900,7,143920,143940,2,3152,32142
2018-07-10,22:20:31,143910,1,143920,143940,2,3152,32142
2018-07-10,22:20:32,143910,2,143920,143940,2,3152,32142
2018-07-10,22:20:34,143910,2,143920,143940,1,3152,32142
2018-07-10,22:20:36,143910,1,143920,143940,1,3152,32142
2018-07-10,22:20:36,143910,1,143920,143930,1,3152,32142
2018-07-10,22:20:37,143900,7,143920,143930,1,3152,32142
2018-07-10,22:20:38,143910,1,143920,143930,1,3152,32142
2018-07-10,22:20:43,143910,1,143920,143930,1,3152,32142
2018-07-10,22:20:45,143900,7,143920,143930,1,3152,32142
2018-07-10,22:20:46,143900,7,143930,143940,1,3154,32142
2018-07-10,22:20:46,143910,1,143930,143940,1,3154,32142
2018-07-10,22:20:48,143910,2,143930,143940,1,3154,32142
2018-07-10,22:21:12,143910,1,143930,143940,1,3154,32142
2018-07-10,22:21:15,143910,1,143930,143950,2,3154,32142
2018-07-10,22:21:19,143910,2,143930,143950,2,3154,32142
2018-07-10,22:21:21,143920,1,143930,143950,2,3154,32142
2018-07-10,22:21:23,143910,2,143930,143950,2,3154,32142
2018-07-10,22:21:25,143910,1,143930,143950,2,3154,32142
2018-07-10,22:21:28,143920,1,143930,143950,2,3154,32142
2018-07-10,22:21:33,143910,1,143930,143950,2,3154,32142
2018-07-10,22:21:45,143910,1,143930,143950,2,3154,32142
2018-07-10,22:21:47,143910,1,143930,143950,2,3154,32142
2018-07-10,22:21:48,143910,1,143930,143950,2,3154,32142
2018-07-10,22:21:49,143910,1,143930,143950,2,3154,32142
2018-07-10,22:22:14,143910,1,143930,143950,2,3154,32142
2018-07-10,22:22:20,143910,1,143950,143950,1,3156,32142
2018-07-10,22:22:46,143910,3,143950,143950,1,3156,32142
2018-07-10,22:22:46,143910,3,143920,143950,1,3158,32144
2018-07-10,22:22:52,143920,1,143920,143950,1,3158,32144
2018-07-10,22:22:53,143920,1,143920,143950,2,3158,32144
2018-07-10,22:22:55,143920,1,143920,143950,2,3158,32144
2018-07-10,22:22:56,143920,2,143920,143950,2,3158,32144
2018-07-10,22:22:58,143920,2,143920,143950,2,3158,32144
2018-07-10,22:22:59,143920,1,143920,143950,2,3158,32144
2018-07-10,22:23:00,143920,1,143920,143950,2,3158,32144
2018-07-10,22:23:02,143920,2,143920,143950,2,3158,32144
2018-07-10,22:23:03,143920,2,143960,143970,3,3166,32136
2018-07-10,22:23:08,143920,2,143960,143960,1,3166,32136
2018-07-10,22:23:10,143920,2,143960,143960,1,3166,32136
2018-07-10,22:23:14,143960,1,143960,143970,4,3168,32136
2018-07-10,22:23:14,143920,2,143960,143960,1,3170,32134
2018-07-10,22:23:15,143920,2,143960,143960,2,3170,32134
2018-07-10,22:23:21,143920,2,143960,143960,1,3170,32134
2018-07-10,22:23:21,143930,1,143960,143960,1,3170,32134
2018-07-10,22:23:24,143930,1,143960,143970,4,3172,32132
2018-07-10,22:23:25,143930,1,143960,143970,4,3172,32132
2018-07-10,22:23:26,143930,1,143960,143970,4,3172,32132
2018-07-10,22:23:27,143930,1,143960,143960,1,3172,32132
2018-07-10,22:23:28,143930,1,143960,143960,2,3172,32132
2018-07-10,22:23:29,143930,1,143960,143960,3,3172,32132
2018-07-10,22:23:29,143920,2,143960,143960,3,3172,32132
2018-07-10,22:23:33,143920,2,143960,143960,4,3172,32132
2018-07-10,22:23:38,143920,1,143920,143960,4,3174,32130
2018-07-10,22:23:39,143920,1,143920,143950,1,3174,32130
2018-07-10,22:23:40,143920,1,143920,143950,1,3174,32130
2018-07-10,22:23:41,143920,2,143920,143950,1,3174,32130
2018-07-10,22:23:43,143920,2,143920,143940,1,3174,32130
2018-07-10,22:23:45,143920,2,143920,143940,1,3174,32130
2018-07-10,22:23:45,143920,2,143920,143940,1,3174,32130
2018-07-10,22:23:47,143920,2,143920,143940,1,3174,32130
2018-07-10,22:23:52,143920,2,143920,143940,1,3174,32130
2018-07-10,22:23:56,143920,3,143920,143940,1,3174,32130
2018-07-10,22:24:01,143920,3,143920,143930,1,3174,32130
2018-07-10,22:24:03,143920,2,143920,143930,1,3174,32130
2018-07-10,22:24:04,143900,7,143920,143930,1,3178,32130
2018-07-10,22:24:05,143900,7,143920,143930,1,3178,32130
2018-07-10,22:24:08,143900,6,143900,143930,1,3180,32132
2018-07-10,22:24:09,143900,6,143900,143930,1,3180,32132
2018-07-10,22:24:24,143900,6,143900,143930,1,3180,32132
2018-07-10,22:24:29,143900,1,143900,143930,1,3190,32132
2018-07-10,22:24:29,143890,1,143900,143920,1,3192,32132
2018-07-10,22:24:34,143870,1,143890,143920,1,3194,32134
2018-07-10,22:24:36,143880,1,143890,143920,1,3194,32134
2018-07-10,22:24:38,143880,1,143890,143920,1,3194,32134
2018-07-10,22:24:40,143880,2,143890,143920,1,3194,32134
2018-07-10,22:24:46,143880,2,143890,143910,1,3194,32134
2018-07-10,22:24:52,143880,2,143890,143910,1,3194,32134
2018-07-10,22:24:54,143880,2,143890,143910,1,3194,32134
2018-07-10,22:25:03,143880,1,143880,143910,1,3196,32132
2018-07-10,22:25:04,143880,1,143880,143920,1,3196,32132
2018-07-10,22:25:09,143880,1,143880,143920,2,3196,32132
2018-07-10,22:25:10,143880,1,143880,143920,3,3196,32132
2018-07-10,22:25:11,143870,1,143880,143880,1,3198,32134
2018-07-10,22:25:11,143880,2,143880,143920,3,3202,32134
2018-07-10,22:25:13,143880,2,143880,143910,2,3202,32134
2018-07-10,22:25:14,143880,2,143880,143910,4,3202,32134
2018-07-10,22:25:15,143880,2,143880,143910,4,3202,32134
2018-07-10,22:25:16,143880,2,143880,143910,5,3202,32134
2018-07-10,22:25:17,143880,2,143880,143910,4,3202,32134
2018-07-10,22:25:17,143880,1,143880,143910,4,3204,32132
2018-07-10,22:25:18,143880,1,143880,143900,1,3204,32132
2018-07-10,22:25:19,143870,1,143880,143900,1,3204,32132
2018-07-10,22:25:20,143870,1,143880,143900,1,3204,32132
2018-07-10,22:25:20,143870,1,143880,143900,2,3204,32132
2018-07-10,22:25:21,143870,1,143880,143890,1,3204,32132
2018-07-10,22:25:22,143870,1,143880,143890,1,3204,32132
2018-07-10,22:25:22,143870,1,143880,143890,1,3204,32132
2018-07-10,22:25:23,143870,1,143880,143890,1,3204,32132
2018-07-10,22:25:24,143870,1,143880,143880,1,3204,32132
2018-07-10,22:25:24,143870,1,143880,143880,1,3204,32132
2018-07-10,22:25:25,143840,3,143870,143880,1,3206,32132
2018-07-10,22:25:26,143840,3,143870,143880,1,3206,32132
2018-07-10,22:25:27,143840,3,143870,143880,2,3206,32132
2018-07-10,22:25:31,143840,3,143870,143880,2,3206,32132
2018-07-10,22:25:31,143840,3,143870,143880,3,3206,32132
2018-07-10,22:25:32,143840,2,143840,143880,3,3208,32134
2018-07-10,22:25:35,143840,2,143840,143880,3,3208,32134
2018-07-10,22:25:40,143840,2,143840,143880,3,3208,32134
2018-07-10,22:25:41,143840,2,143840,143880,3,3208,32134
2018-07-10,22:25:42,143840,2,143840,143880,4,3208,32134
2018-07-10,22:25:43,143840,2,143840,143880,4,3208,32134
2018-07-10,22:25:45,143840,2,143840,143870,1,3208,32134
2018-07-10,22:25:45,143840,2,143840,143870,1,3208,32134
2018-07-10,22:25:48,143840,2,143840,143870,1,3208,32134
2018-07-10,22:25:52,143840,2,143840,143880,4,3208,32134
2018-07-10,22:25:55,143840,2,143840,143880,4,3208,32134
2018-07-10,22:25:56,143840,2,143840,143880,4,3208,32134
2018-07-10,22:25:57,143850,3,143840,143880,4,3208,32134
2018-07-10,22:26:00,143850,3,143840,143880,3,3208,32134
2018-07-10,22:26:01,143850,4,143840,143870,1,3208,32134
2018-07-10,22:26:01,143870,1,143870,143880,3,3210,32132
2018-07-10,22:26:02,143850,4,143880,143890,2,3218,32136
2018-07-10,22:26:02,143860,1,143880,143890,2,3218,32136
2018-07-10,22:26:03,143870,1,143880,143890,2,3218,32136
2018-07-10,22:26:03,143890,1,143890,143900,1,3222,32138
2018-07-10,22:26:04,143900,1,143900,143920,1,3224,32136
2018-07-10,22:26:04,143890,1,143900,143920,1,3226,32136
2018-07-10,22:26:09,143890,1,143900,143920,1,3226,32136
2018-07-10,22:26:11,143860,1,143900,143920,1,3226,32136
2018-07-10,22:26:12,143860,1,143900,143910,2,3226,32136
2018-07-10,22:26:13,143860,1,143900,143890,1,3226,32136
2018-07-10,22:26:14,143860,1,143900,143890,1,3226,32136
2018-07-10,22:26:16,143850,3,143860,143890,1,3228,32134
2018-07-10,22:26:18,143860,1,143860,143890,1,3228,32134
2018-07-10,22:26:25,143850,3,143860,143890,1,3228,32134
2018-07-10,22:26:25,143850,3,143860,143860,1,3228,32134
2018-07-10,22:26:26,143870,2,143860,143890,1,3230,32132
2018-07-10,22:26:26,143870,2,143860,143890,1,3230,32132
2018-07-10,22:26:27,143870,2,143890,143920,1,3232,32130
2018-07-10,22:26:27,143870,2,143890,143910,1,3232,32130
2018-07-10,22:26:28,143870,2,143890,143910,1,3232,32130
2018-07-10,22:26:29,143870,2,143890,143910,1,3232,32130
2018-07-10,22:26:31,143870,2,143890,143910,1,3232,32130
2018-07-10,22:26:32,143870,2,143890,143910,1,3232,32130
2018-07-10,22:26:35,143870,2,143890,143910,2,3232,32130
2018-07-10,22:26:39,143870,1,143870,143910,2,3234,32130
2018-07-10,22:26:39,143870,1,143870,143900,1,3234,32130
2018-07-10,22:26:40,143870,1,143870,143900,5,3234,32130
2018-07-10,22:26:40,143860,3,143870,143900,5,3236,32128
2018-07-10,22:26:44,143860,3,143870,143900,6,3236,32128
2018-07-10,22:26:47,143860,3,143870,143890,1,3236,32128
2018-07-10,22:26:50,143860,1,143870,143890,1,3236,32128
2018-07-10,22:26:51,143860,1,143870,143890,1,3236,32128
2018-07-10,22:26:51,143850,3,143860,143890,1,3238,32130
2018-07-10,22:26:59,143850,3,143860,143890,1,3238,32130
2018-07-10,22:27:03,143850,3,143860,143880,1,3238,32130
2018-07-10,22:27:09,143850,3,143860,143880,1,3238,32130
2018-07-10,22:27:09,143850,3,143860,143880,1,3238,32130
2018-07-10,22:27:11,143850,2,143850,143880,1,3240,32130
2018-07-10,22:27:12,143830,2,143850,143880,1,3244,32130
2018-07-10,22:27:14,143820,3,143850,143880,1,3244,32130
2018-07-10,22:27:14,143820,3,143850,143870,2,3244,32130
2018-07-10,22:27:20,143820,3,143850,143870,1,3244,32130
2018-07-10,22:27:21,143830,1,143850,143860,1,3244,32130
2018-07-10,22:27:21,143830,1,143860,143880,1,3246,32128
2018-07-10,22:27:33,143830,1,143860,143880,1,3246,32128
2018-07-10,22:27:54,143830,1,143860,143880,1,3246,32128
2018-07-10,22:27:54,143820,3,143830,143880,1,3248,32130
2018-07-10,22:27:55,143820,3,143830,143870,2,3248,32130
2018-07-10,22:27:55,143820,3,143830,143860,1,3248,32130
2018-07-10,22:27:56,143830,1,143830,143860,1,3248,32130
2018-07-10,22:27:56,143830,1,143830,143860,1,3248,32130
2018-07-10,22:27:58,143820,3,143830,143860,1,3250,32128
2018-07-10,22:28:00,143820,3,143830,143830,1,3250,32128
2018-07-10,22:28:00,143830,3,143830,143860,1,3252,32128
2018-07-10,22:28:03,143840,1,143830,143860,1,3252,32128
2018-07-10,22:28:04,143840,1,143830,143860,1,3252,32128
2018-07-10,22:28:08,143840,1,143830,143860,1,3252,32128
2018-07-10,22:28:11,143820,3,143840,143840,1,3254,32130
2018-07-10,22:28:11,143840,1,143840,143860,1,3256,32130
2018-07-10,22:28:12,143820,3,143840,143860,1,3258,32128
2018-07-10,22:28:16,143820,3,143840,143850,1,3258,32128
2018-07-10,22:28:17,143820,3,143850,143860,1,3260,32128
2018-07-10,22:28:19,143820,3,143850,143840,1,3260,32128
2018-07-10,22:28:20,143820,3,143840,143860,1,3262,32130
2018-07-10,22:28:22,143820,3,143840,143860,1,3262,32130
2018-07-10,22:28:26,143820,3,143840,143860,1,3262,32130
2018-07-10,22:28:26,143820,3,143840,143860,1,3262,32130
2018-07-10,22:28:30,143820,2,143820,143860,1,3264,32130
2018-07-10,22:28:32,143820,2,143820,143850,1,3264,32130
2018-07-10,22:28:33,143820,2,143820,143830,1,3264,32130
2018-07-10,22:28:33,143820,2,143830,143850,1,3266,32130
2018-07-10,22:28:34,143820,2,143830,143850,1,3266,32130
2018-07-10,22:28:35,143820,1,143820,143850,1,3268,32128
2018-07-10,22:28:36,143820,1,143820,143840,1,3268,32128
2018-07-10,22:28:36,143810,3,143820,143820,2,3270,32126
2018-07-10,22:28:37,143810,2,143820,143840,1,3276,32124
2018-07-10,22:28:37,143860,7,143860,143870,1,3282,32130
2018-07-10,22:28:38,143850,1,143860,143860,1,3300,32140
2018-07-10,22:28:38,143810,2,143850,143850,1,3302,32140
2018-07-10,22:28:41,143820,1,143850,143850,1,3302,32140
2018-07-10,22:28:42,143810,2,143820,143850,1,3304,32138
2018-07-10,22:28:43,143820,1,143820,143840,1,3304,32138
2018-07-10,22:28:43,143820,1,143840,143850,1,3306,32138
2018-07-10,22:28:44,143820,1,143850,143870,1,3308,32136
2018-07-10,22:28:45,143810,2,143820,143870,1,3310,32134
2018-07-10,22:28:46,143810,2,143820,143860,1,3312,32132
2018-07-10,22:28:46,143810,2,143820,143850,1,3312,32132
2018-07-10,22:28:47,143810,2,143820,143850,1,3312,32132
2018-07-10,22:28:48,143800,11,143810,143810,2,3316,32132
2018-07-10,22:28:49,143810,2,143810,143850,1,3320,32132
2018-07-10,22:28:49,143810,4,143810,143850,1,3320,32132
2018-07-10,22:28:51,143810,1,143810,143850,1,3322,32134
2018-07-10,22:28:52,143810,3,143810,143850,1,3322,32134
2018-07-10,22:28:54,143810,4,143810,143850,1,3322,32134
2018-07-10,22:28:54,143810,4,143850,143870,1,3324,32134
2018-07-10,22:28:55,143820,2,143850,143870,1,3324,32134
2018-07-10,22:28:55,143820,3,143850,143870,1,3324,32134
2018-07-10,22:28:56,143820,3,143850,143870,1,3324,32134
2018-07-10,22:28:56,143820,3,143850,143860,1,3324,32134
2018-07-10,22:28:57,143820,2,143850,143860,1,3324,32134
2018-07-10,22:28:57,143820,2,143850,143860,1,3324,32134
2018-07-10,22:28:58,143830,1,143850,143860,1,3324,32134
2018-07-10,22:28:58,143830,1,143850,143870,1,3324,32134
2018-07-10,22:28:59,143830,1,143850,143870,1,3324,32134
2018-07-10,22:29:07,143820,2,143830,143870,1,3326,32134
2018-07-10,22:29:08,143820,2,143830,143870,2,3326,32134
2018-07-10,22:29:09,143820,2,143830,143860,1,3326,32134
2018-07-10,22:29:09,143820,2,143830,143860,2,3326,32134
2018-07-10,22:29:11,143820,2,143830,143860,2,3326,32134
2018-07-10,22:29:16,143820,2,143860,143870,2,3330,32134
2018-07-10,22:29:17,143830,1,143860,143870,2,3330,32134
2018-07-10,22:29:19,143840,1,143870,143870,1,3332,32132
2018-07-10,22:29:19,143840,1,143870,143890,1,3334,32134
2018-07-10,22:29:20,143850,1,143870,143890,1,3334,32134
2018-07-10,22:29:20,143850,1,143870,143890,1,3334,32134
2018-07-10,22:29:21,143850,1,143870,143890,2,3334,32134
2018-07-10,22:29:29,143850,1,143870,143880,1,3334,32134
2018-07-10,22:29:29,143840,1,143870,143880,1,3334,32134
2018-07-10,22:29:30,143840,1,143870,143890,2,3334,32134
2018-07-10,22:29:32,143830,1,143870,143890,2,3334,32134
2018-07-10,22:29:32,143830,1,143870,143880,3,3334,32134
2018-07-10,22:29:39,143830,1,143870,143880,3,3334,32134
2018-07-10,22:29:40,143830,1,143870,143870,1,3334,32134
2018-07-10,22:29:43,143830,1,143870,143880,3,3334,32134
2018-07-10,22:29:44,143870,1,143870,143880,3,3334,32134
2018-07-10,22:29:45,143830,1,143870,143880,2,3336,32136
2018-07-10,22:29:46,143840,1,143870,143880,2,3336,32136
2018-07-10,22:29:51,143840,1,143870,143880,2,3336,32136
2018-07-10,22:29:51,143810,4,143810,143880,2,3344,32138
2018-07-10,22:29:52,143810,4,143810,143870,2,3344,32138
2018-07-10,22:29:53,143820,1,143810,143870,2,3344,32138
2018-07-10,22:29:57,143820,1,143810,143860,1,3344,32138
2018-07-10,22:29:58,143810,4,143810,143860,1,3344,32138
2018-07-10,22:29:58,143820,1,143810,143860,1,3344,32138
2018-07-10,22:30:04,143820,1,143810,143860,1,3344,32138
2018-07-10,22:30:07,143820,1,143810,143850,1,3344,32138
2018-07-10,22:30:08,143810,4,143810,143850,1,3344,32138
2018-07-10,22:30:11,143820,1,143810,143850,1,3344,32138
2018-07-10,22:30:11,143810,4,143820,143820,1,3346,32138
2018-07-10,22:30:12,143820,2,143820,143850,1,3348,32138
2018-07-10,22:30:12,143820,2,143820,143850,1,3348,32138
2018-07-10,22:30:13,143820,3,143850,143880,2,3350,32138
2018-07-10,22:30:13,143830,2,143850,143880,2,3350,32138
2018-07-10,22:30:20,143830,2,143850,143880,2,3350,32138
2018-07-10,22:30:22,143830,2,143850,143880,2,3350,32138
2018-07-10,22:30:25,143840,1,143850,143870,1,3350,32138
2018-07-10,22:30:26,143840,1,143850,143870,1,3350,32138
2018-07-10,22:30:27,143830,1,143850,143870,1,3350,32138
2018-07-10,22:30:31,143830,1,143850,143870,1,3350,32138
2018-07-10,22:30:33,143830,1,143850,143880,2,3350,32138
2018-07-10,22:30:33,143830,1,143850,143870,1,3350,32138
2018-07-10,22:30:34,143830,1,143850,143870,1,3350,32138
2018-07-10,22:30:35,143830,1,143850,143870,1,3350,32138
2018-07-10,22:30:42,143830,1,143870,143860,1,3352,32140
2018-07-10,22:30:42,143830,1,143860,143880,2,3354,32140
2018-07-10,22:30:46,143830,1,143860,143860,1,3354,32140
2018-07-10,22:30:47,143830,1,143860,143860,1,3354,32140
2018-07-10,22:30:48,143830,1,143880,143890,2,3358,32140
2018-07-10,22:30:48,143840,1,143880,143880,1,3358,32140
2018-07-10,22:30:49,143830,1,143880,143880,1,3358,32140
2018-07-10,22:30:54,143830,3,143880,143880,1,3358,32140
2018-07-10,22:30:54,143840,2,143880,143880,1,3358,32140
2018-07-10,22:30:57,143840,1,143880,143880,1,3358,32140
2018-07-10,22:30:58,143830,3,143840,143880,1,3360,32138
2018-07-10,22:31:00,143830,3,143840,143870,1,3360,32138
2018-07-10,22:31:16,143830,3,143840,143860,1,3360,32138
2018-07-10,22:31:17,143840,1,143840,143860,1,3360,32138
2018-07-10,22:31:19,143840,1,143840,143860,1,3360,32138
2018-07-10,22:31:22,143830,3,143840,143860,1,3360,32138
2018-07-10,22:31:24,143830,3,143840,143860,1,3360,32138
2018-07-10,22:31:26,143830,3,143840,143860,1,3360,32138
2018-07-10,22:31:32,143830,3,143840,143860,1,3360,32138
2018-07-10,22:31:38,143830,3,143860,143880,1,3362,32138
2018-07-10,22:31:39,143830,4,143860,143880,1,3362,32138
2018-07-10,22:31:39,143840,1,143860,143880,1,3362,32138
2018-07-10,22:31:40,143840,2,143860,143880,1,3362,32138
2018-07-10,22:31:40,143840,1,143840,143880,1,3364,32138
2018-07-10,22:31:42,143840,1,143840,143870,1,3364,32138
2018-07-10,22:31:53,143840,2,143840,143870,1,3364,32138
2018-07-10,22:32:01,143840,2,143840,143870,1,3364,32138
2018-07-10,22:32:03,143840,4,143840,143870,1,3364,32138
2018-07-10,22:32:05,143840,4,143840,143870,1,3364,32138
2018-07-10,22:32:06,143840,4,143840,143870,1,3364,32138
2018-07-10,22:32:20,143840,3,143840,143880,1,3364,32138
2018-07-10,22:32:24,143840,3,143840,143870,1,3364,32138
2018-07-10,22:32:28,143840,3,143840,143880,1,3364,32138
2018-07-10,22:32:30,143840,4,143840,143880,1,3364,32138
2018-07-10,22:32:33,143840,4,143880,143890,2,3366,32140
2018-07-10,22:32:34,143850,1,143880,143890,2,3366,32140
2018-07-10,22:32:38,143850,1,143880,143880,1,3366,32140
2018-07-10,22:32:41,143850,1,143880,143890,2,3366,32140
2018-07-10,22:32:41,143840,4,143850,143850,1,3368,32140
2018-07-10,22:32:42,143860,1,143850,143890,2,3370,32140
2018-07-10,22:32:42,143850,1,143860,143880,1,3372,32138
2018-07-10,22:32:43,143850,1,143860,143880,2,3372,32138
2018-07-10,22:32:43,143840,4,143850,143870,1,3374,32140
2018-07-10,22:32:47,143840,4,143850,143870,1,3374,32140
2018-07-10,22:32:55,143840,4,143870,143880,1,3376,32142
2018-07-10,22:33:04,143840,4,143870,143880,2,3376,32142
2018-07-10,22:33:08,143840,4,143870,143880,1,3376,32142
2018-07-10,22:33:10,143840,4,143870,143870,1,3376,32142
2018-07-10,22:33:13,143840,4,143870,143880,1,3376,32142
2018-07-10,22:33:16,143840,4,143870,143870,1,3376,32142
2018-07-10,22:33:19,143840,4,143870,143880,1,3376,32142
2018-07-10,22:33:19,143840,4,143870,143890,2,3376,32142
2018-07-10,22:33:20,143850,1,143870,143890,2,3376,32142
2018-07-10,22:33:21,143850,1,143870,143880,1,3376,32142
2018-07-10,22:33:28,143850,1,143870,143890,2,3376,32142
2018-07-10,22:33:31,143850,1,143870,143880,1,3376,32142
2018-07-10,22:33:33,143850,1,143870,143890,2,3376,32142
2018-07-10,22:33:33,143850,2,143870,143890,2,3376,32142
2018-07-10,22:33:37,143850,2,143870,143890,2,3376,32142
2018-07-10,22:33:38,143850,2,143870,143880,1,3376,32142
2018-07-10,22:33:42,143850,2,143870,143890,2,3376,32142
2018-07-10,22:33:43,143850,2,143870,143890,2,3376,32142
2018-07-10,22:33:43,143850,2,143870,143880,1,3376,32142
2018-07-10,22:33:44,143850,2,143870,143890,2,3376,32142
2018-07-10,22:33:49,143850,2,143870,143890,2,3376,32142
2018-07-10,22:33:50,143850,2,143870,143880,1,3376,32142
2018-07-10,22:33:57,143860,1,143870,143880,1,3376,32142
2018-07-10,22:34:01,143860,1,143870,143880,1,3376,32142
2018-07-10,22:34:01,143860,1,143870,143890,3,3376,32142
2018-07-10,22:34:03,143880,1,143870,143890,3,3376,32142
2018-07-10,22:34:04,143860,1,143880,143890,3,3378,32144
2018-07-10,22:34:16,143860,1,143880,143890,2,3378,32144
2018-07-10,22:34:20,143860,1,143880,143890,2,3378,32144
2018-07-10,22:34:20,143860,1,143880,143890,2,3378,32144
2018-07-10,22:34:21,143860,1,143880,143890,1,3378,32144
2018-07-10,22:34:35,143860,1,143880,143890,1,3378,32144
2018-07-10,22:34:36,143860,1,143890,143900,1,3380,32142
2018-07-10,22:34:37,143870,1,143890,143900,1,3380,32142
2018-07-10,22:34:46,143870,1,143890,143900,2,3380,32142
2018-07-10,22:34:46,143860,1,143890,143900,2,3380,32142
2018-07-10,22:34:47,143860,1,143890,143890,1,3380,32142
2018-07-10,22:34:55,143860,2,143890,143890,1,3380,32142
2018-07-10,22:34:56,143860,2,143890,143900,2,3380,32142
2018-07-10,22:34:59,143860,2,143890,143900,2,3380,32142
2018-07-10,22:35:01,143860,2,143890,143900,2,3380,32142
2018-07-10,22:35:05,143860,3,143890,143900,2,3380,32142
2018-07-10,22:35:11,143860,3,143890,143900,2,3380,32142
2018-07-10,22:35:12,143860,3,143890,143870,2,3380,32142
2018-07-10,22:35:12,143870,2,143870,143900,2,3384,32146
2018-07-10,22:35:14,143870,2,143870,143900,2,3384,32146
2018-07-10,22:35:16,143870,2,143870,143900,2,3384,32146
2018-07-10,22:35:17,143870,2,143870,143900,2,3384,32146
2018-07-10,22:35:20,143860,3,143870,143900,2,3384,32146
2018-07-10,22:35:24,143860,3,143870,143900,2,3384,32146
2018-07-10,22:35:39,143860,2,143870,143900,2,3384,32146
2018-07-10,22:35:40,143860,2,143870,143890,1,3384,32146
2018-07-10,22:35:43,143860,2,143870,143890,1,3384,32146
2018-07-10,22:35:43,143860,1,143870,143890,1,3384,32146
2018-07-10,22:35:45,143860,1,143870,143890,1,3384,32146
2018-07-10,22:35:59,143870,1,143870,143890,1,3384,32146
2018-07-10,22:36:00,143860,1,143870,143870,1,3386,32146
2018-07-10,22:36:00,143860,1,143870,143870,1,3386,32146
2018-07-10,22:36:08,143860,1,143870,143890,1,3386,32146
2018-07-10,22:36:14,143860,1,143870,143890,1,3386,32146
2018-07-10,22:36:19,143860,1,143870,143890,2,3386,32146
2018-07-10,22:36:20,143860,1,143870,143880,1,3386,32146
2018-07-10,22:36:29,143860,1,143870,143890,2,3386,32146
2018-07-10,22:36:39,143860,1,143870,143890,2,3386,32146
2018-07-10,22:36:46,143860,1,143870,143890,2,3386,32146
2018-07-10,22:36:50,143870,1,143870,143890,2,3386,32146
2018-07-10,22:36:54,143870,1,143870,143890,2,3386,32146
2018-07-10,22:37:06,143870,1,143870,143890,2,3386,32146
2018-07-10,22:37:27,143860,1,143870,143890,2,3388,32146
2018-07-10,22:37:29,143830,1,143860,143890,2,3390,32144
2018-07-10,22:37:29,143830,1,143860,143880,2,3390,32144
2018-07-10,22:37:42,143830,1,143880,143880,1,3392,32144
2018-07-10,22:37:42,143830,1,143840,143840,1,3394,32144
2018-07-10,22:37:43,143840,2,143840,143880,1,3396,32144
2018-07-10,22:37:43,143840,2,143840,143890,1,3396,32144
2018-07-10,22:37:45,143840,2,143840,143880,2,3396,32144
2018-07-10,22:37:51,143830,1,143840,143880,2,3396,32144
2018-07-10,22:37:51,143830,1,143840,143870,1,3396,32144
2018-07-10,22:37:53,143820,2,143830,143870,1,3398,32144
2018-07-10,22:37:54,143820,2,143830,143860,1,3398,32144
2018-07-10,22:37:54,143820,2,143830,143860,2,3398,32144
2018-07-10,22:37:55,143820,2,143830,143860,2,3398,32144
2018-07-10,22:38:01,143820,3,143830,143860,2,3398,32144
2018-07-10,22:38:02,143820,3,143830,143860,1,3398,32144
2018-07-10,22:38:02,143830,1,143830,143860,1,3398,32144
2018-07-10,22:38:06,143820,3,143830,143830,1,3400,32142
2018-07-10,22:38:06,143830,3,143830,143860,1,3402,32140
2018-07-10,22:38:13,143830,3,143830,143870,1,3402,32140
2018-07-10,22:38:13,143830,3,143830,143870,1,3402,32140
2018-07-10,22:38:14,143830,1,143830,143870,1,3402,32140
2018-07-10,22:38:15,143830,1,143830,143860,1,3402,32140
2018-07-10,22:38:15,143830,1,143830,143860,2,3402,32140
2018-07-10,22:38:17,143830,1,143830,143860,2,3402,32140
2018-07-10,22:38:19,143830,1,143830,143860,2,3402,32140
2018-07-10,22:38:22,143830,1,143830,143850,1,3402,32140
2018-07-10,22:38:22,143830,1,143850,143860,2,3404,32142
2018-07-10,22:38:24,143830,1,143850,143860,1,3404,32142
2018-07-10,22:38:25,143820,3,143830,143860,1,3406,32144
2018-07-10,22:38:27,143830,1,143830,143860,1,3406,32144
2018-07-10,22:38:27,143830,2,143830,143860,1,3406,32144
2018-07-10,22:38:30,143830,2,143830,143860,2,3406,32144
2018-07-10,22:38:37,143830,1,143830,143860,2,3406,32144
2018-07-10,22:38:44,143830,1,143860,143890,1,3410,32142
2018-07-10,22:38:44,143840,2,143860,143880,1,3410,32142
2018-07-10,22:38:45,143840,1,143860,143880,2,3410,32142
2018-07-10,22:38:45,143830,1,143860,143880,2,3410,32142
2018-07-10,22:38:46,143830,1,143860,143870,1,3410,32142
2018-07-10,22:38:53,143840,1,143860,143870,1,3410,32142
2018-07-10,22:38:54,143840,1,143860,143870,1,3410,32142
2018-07-10,22:38:57,143840,1,143860,143870,1,3410,32142
2018-07-10,22:38:59,143840,1,143860,143870,1,3410,32142
2018-07-10,22:39:00,143820,3,143860,143870,1,3410,32142
2018-07-10,22:39:01,143830,1,143860,143870,1,3410,32142
2018-07-10,22:39:02,143840,1,143860,143870,1,3410,32142
2018-07-10,22:39:04,143840,1,143860,143870,1,3410,32142
2018-07-10,22:39:20,143840,1,143860,143870,1,3410,32142
2018-07-10,22:39:25,143840,1,143860,143870,2,3410,32142
2018-07-10,22:39:26,143840,1,143860,143860,1,3410,32142
2018-07-10,22:39:31,143840,1,143860,143860,1,3410,32142
2018-07-10,22:39:34,143840,1,143860,143860,1,3410,32142
2018-07-10,22:39:36,143840,1,143860,143870,2,3412,32142
2018-07-10,22:39:39,143840,1,143860,143870,2,3412,32142
2018-07-10,22:39:41,143840,1,143860,143870,2,3412,32142
2018-07-10,22:39:46,143840,1,143860,143870,2,3412,32142
2018-07-10,22:39:52,143840,1,143860,143870,2,3412,32142
2018-07-10,22:39:53,143840,3,143860,143870,2,3412,32142
2018-07-10,22:39:55,143850,1,143860,143870,2,3412,32142
2018-07-10,22:39:56,143850,1,143860,143870,1,3412,32142
2018-07-10,22:39:56,143850,1,143860,143870,1,3412,32142
2018-07-10,22:40:11,143850,1,143860,143870,2,3412,32142
2018-07-10,22:40:12,143850,1,143860,143860,1,3412,32142
2018-07-10,22:40:12,143850,1,143860,143870,2,3414,32142
2018-07-10,22:40:19,143850,1,143860,143870,2,3414,32142
2018-07-10,22:40:29,143850,1,143860,143870,2,3414,32142
2018-07-10,22:40:35,143850,1,143860,143870,2,3414,32142
2018-07-10,22:40:47,143850,1,143860,143870,2,3414,32142
2018-07-10,22:40:52,143850,1,143860,143870,2,3414,32142
2018-07-10,22:40:53,143850,1,143870,143870,1,3416,32142
2018-07-10,22:40:53,143870,1,143870,143880,1,3418,32142
2018-07-10,22:41:01,143850,1,143870,143880,1,3418,32142
2018-07-10,22:41:10,143850,3,143870,143880,1,3418,32142
2018-07-10,22:41:17,143850,4,143870,143880,1,3418,32142
2018-07-10,22:41:17,143850,4,143880,143900,5,3420,32142
2018-07-10,22:41:19,143850,4,143880,143890,1,3420,32142
2018-07-10,22:41:30,143850,4,143880,143900,5,3420,32142
2018-07-10,22:41:31,143850,4,143880,143890,1,3420,32142
2018-07-10,22:41:31,143850,4,143880,143890,2,3420,32142
2018-07-10,22:41:33,143850,4,143880,143890,2,3420,32142
2018-07-10,22:41:39,143860,1,143880,143890,2,3420,32142
2018-07-10,22:41:44,143860,1,143880,143890,2,3420,32142
2018-07-10,22:41:46,143860,1,143880,143890,1,3420,32142
2018-07-10,22:41:47,143860,1,143880,143890,1,3420,32142
2018-07-10,22:41:59,143890,1,143890,143900,5,3422,32142
2018-07-10,22:41:59,143860,1,143890,143890,2,3424,32142
2018-07-10,22:42:06,143860,1,143890,143890,2,3424,32142
2018-07-10,22:42:07,143860,1,143890,143900,5,3424,32142
2018-07-10,22:42:08,143870,1,143890,143900,5,3424,32142
2018-07-10,22:42:28,143870,1,143900,143900,4,3426,32144
2018-07-10,22:42:40,143870,3,143900,143900,4,3426,32144
2018-07-10,22:42:41,143870,3,143900,143880,1,3426,32144
2018-07-10,22:42:41,143880,3,143880,143900,4,3428,32144
2018-07-10,22:42:49,143880,1,143880,143900,4,3428,32144
2018-07-10,22:42:50,143880,1,143880,143900,4,3428,32144
2018-07-10,22:43:04,143870,3,143880,143900,4,3430,32146
2018-07-10,22:43:05,143870,2,143880,143900,4,3430,32146
2018-07-10,22:43:38,143870,2,143880,143900,4,3430,32146
2018-07-10,22:44:06,143870,2,143880,143900,4,3430,32146
2018-07-10,22:44:15,143850,1,143870,143900,4,3434,32146
2018-07-10,22:44:15,143850,1,143870,143890,1,3434,32146
2018-07-10,22:44:17,143840,2,143870,143890,1,3434,32146
2018-07-10,22:44:18,143850,1,143870,143890,1,3434,32146
2018-07-10,22:44:20,143850,1,143870,143890,1,3434,32146
2018-07-10,22:44:27,143840,1,143850,143890,1,3436,32144
2018-07-10,22:44:35,143850,1,143850,143890,1,3436,32144
2018-07-10,22:44:41,143850,1,143850,143890,1,3436,32144
2018-07-10,22:44:43,143850,1,143850,143890,2,3436,32144
2018-07-10,22:44:45,143850,1,143850,143890,2,3436,32144
2018-07-10,22:44:46,143840,1,143850,143890,2,3436,32144
2018-07-10,22:45:01,143840,1,143850,143880,1,3436,32144
2018-07-10,22:45:04,143840,1,143850,143890,2,3436,32144
2018-07-10,22:45:05,143840,1,143850,143880,1,3436,32144
2018-07-10,22:45:07,143840,1,143850,143890,2,3436,32144
2018-07-10,22:45:07,143840,1,143850,143890,1,3436,32144
2018-07-10,22:45:10,143850,1,143850,143890,1,3436,32144
2018-07-10,22:45:11,143840,1,143850,143890,1,3436,32144
2018-07-10,22:45:13,143840,1,143850,143890,1,3436,32144
2018-07-10,22:45:14,143850,1,143850,143890,1,3436,32144
2018-07-10,22:45:23,143850,1,143890,143900,4,3438,32146
2018-07-10,22:45:24,143860,1,143890,143900,4,3438,32146
2018-07-10,22:45:27,143860,1,143890,143900,4,3438,32146
2018-07-10,22:45:41,143860,1,143890,143880,1,3438,32146
2018-07-10,22:45:41,143860,1,143880,143900,4,3440,32144
2018-07-10,22:45:43,143860,1,143880,143890,1,3440,32144
2018-07-10,22:46:18,143860,1,143880,143900,4,3440,32144
2018-07-10,22:46:20,143860,1,143880,143890,1,3440,32144
2018-07-10,22:46:26,143860,1,143880,143900,4,3440,32144
2018-07-10,22:46:34,143860,2,143880,143900,4,3440,32144
2018-07-10,22:46:35,143870,1,143880,143900,4,3440,32144
2018-07-10,22:46:43,143870,1,143900,143900,3,3442,32146
2018-07-10,22:46:46,143860,2,143900,143900,3,3442,32146
2018-07-10,22:46:52,143870,1,143900,143900,3,3442,32146
2018-07-10,22:46:59,143870,1,143900,143900,3,3442,32146
2018-07-10,22:47:00,143860,2,143870,143900,3,3444,32144
2018-07-10,22:47:01,143860,1,143870,143890,1,3444,32144
2018-07-10,22:47:20,143850,1,143860,143890,1,3446,32144
2018-07-10,22:47:20,143850,1,143890,143900,3,3448,32146
2018-07-10,22:47:22,143850,1,143890,143890,1,3448,32146
2018-07-10,22:48:10,143850,1,143890,143890,1,3448,32146
2018-07-10,22:48:29,143850,1,143890,143900,3,3448,32146
2018-07-10,22:48:30,143860,1,143890,143900,3,3448,32146
2018-07-10,22:48:31,143860,1,143900,143900,2,3450,32144
2018-07-10,22:48:31,143870,1,143900,143900,2,3450,32144
2018-07-10,22:48:32,143880,1,143900,143900,2,3450,32144
2018-07-10,22:48:34,143880,1,143900,143900,2,3450,32144
2018-07-10,22:48:39,143860,1,143880,143900,2,3452,32142
2018-07-10,22:49:03,143860,1,143880,143900,2,3452,32142
2018-07-10,22:49:19,143860,1,143880,143900,2,3452,32142
2018-07-10,22:49:26,143860,1,143880,143900,2,3452,32142
2018-07-10,22:49:33,143870,1,143880,143900,2,3452,32142
2018-07-10,22:49:36,143870,1,143880,143900,2,3452,32142
2018-07-10,22:50:22,143860,1,143880,143900,2,3452,32142
2018-07-10,22:50:24,143860,1,143880,143900,2,3452,32142
2018-07-10,22:50:25,143860,1,143880,143900,2,3452,32142
2018-07-10,22:50:35,143860,2,143880,143900,2,3452,32142
2018-07-10,22:50:36,143870,1,143880,143900,2,3452,32142
2018-07-10,22:51:13,143860,2,143870,143900,2,3454,32144
2018-07-10,22:51:13,143860,2,143870,143890,1,3454,32144
2018-07-10,22:51:27,143860,2,143870,143890,1,3454,32144
2018-07-10,22:51:39,143860,2,143870,143890,2,3454,32144
2018-07-10,22:51:43,143860,2,143870,143880,1,3454,32144
2018-07-10,22:51:43,143860,1,143870,143880,1,3454,32144
2018-07-10,22:51:44,143850,2,143860,143880,1,3456,32142
2018-07-10,22:51:46,143850,2,143860,143890,2,3456,32142
2018-07-10,22:51:47,143850,2,143860,143890,2,3456,32142
2018-07-10,22:51:48,143850,2,143860,143880,1,3456,32142
2018-07-10,22:51:50,143850,2,143860,143890,2,3456,32142
2018-07-10,22:51:53,143850,2,143860,143890,1,3456,32142
2018-07-10,22:51:54,143850,2,143860,143890,1,3456,32142
2018-07-10,22:51:57,143860,1,143860,143890,1,3456,32142
2018-07-10,22:51:59,143850,2,143860,143890,1,3458,32142
2018-07-10,22:52:01,143850,2,143860,143880,1,3458,32142
2018-07-10,22:52:03,143850,2,143860,143890,1,3458,32142
2018-07-10,22:52:05,143850,2,143860,143880,1,3458,32142
2018-07-10,22:52:07,143850,2,143860,143890,1,3458,32142
2018-07-10,22:52:11,143850,2,143860,143880,1,3458,32142
2018-07-10,22:52:18,143850,2,143860,143890,1,3458,32142
2018-07-10,22:52:23,143850,2,143860,143890,1,3458,32142
2018-07-10,22:52:41,143850,2,143860,143890,1,3458,32142
2018-07-10,22:53:32,143850,2,143860,143890,2,3458,32142
2018-07-10,22:53:35,143850,2,143860,143890,1,3458,32142
2018-07-10,22:53:40,143850,2,143860,143880,1,3458,32142
2018-07-10,22:53:42,143850,2,143860,143890,1,3458,32142
2018-07-10,22:54:08,143850,1,143850,143890,1,3460,32142
2018-07-10,22:54:13,143850,1,143850,143880,1,3460,32142
2018-07-10,22:54:14,143850,3,143850,143880,1,3460,32142
2018-07-10,22:54:18,143850,3,143850,143890,1,3460,32142
2018-07-10,22:54:22,143850,3,143850,143890,1,3460,32142
2018-07-10,22:54:23,143860,1,143850,143890,1,3460,32142
2018-07-10,22:54:29,143860,1,143850,143890,1,3460,32142
2018-07-10,22:54:30,143850,3,143850,143890,1,3460,32142
2018-07-10,22:54:51,143850,3,143850,143880,1,3460,32142
2018-07-10,22:54:52,143850,2,143850,143880,1,3462,32142
2018-07-10,22:54:56,143850,2,143850,143870,1,3462,32142
2018-07-10,22:54:57,143850,2,143850,143870,1,3462,32142
2018-07-10,22:54:58,143850,2,143850,143870,1,3462,32142
2018-07-10,22:54:59,143850,2,143850,143890,2,3462,32142
2018-07-10,22:55:00,143850,2,143850,143880,1,3462,32142
2018-07-10,22:55:04,143850,2,143850,143870,1,3462,32142
2018-07-10,22:55:05,143850,2,143850,143880,1,3462,32142
2018-07-10,22:55:10,143850,2,143850,143880,1,3462,32142
2018-07-10,22:55:10,143860,1,143850,143880,1,3462,32142
2018-07-10,22:55:12,143860,1,143850,143890,3,3462,32142
2018-07-10,22:55:21,143850,2,143860,143890,3,3464,32140
2018-07-10,22:55:22,143850,2,143860,143880,1,3464,32140
2018-07-10,22:55:25,143850,2,143860,143870,1,3464,32140
2018-07-10,22:55:26,143850,2,143860,143880,1,3464,32140
2018-07-10,22:55:28,143850,2,143860,143870,1,3464,32140
2018-07-10,22:55:28,143860,1,143860,143870,1,3464,32140
2018-07-10,22:55:29,143850,2,143860,143880,1,3466,32138
2018-07-10,22:55:32,143840,1,143850,143880,1,3470,32134
2018-07-10,22:55:33,143840,1,143850,143890,3,3470,32134
2018-07-10,22:55:34,143840,1,143850,143880,1,3470,32134
2018-07-10,22:55:36,143840,1,143850,143870,1,3470,32134
2018-07-10,22:55:41,143840,1,143850,143870,1,3470,32134
2018-07-10,22:55:42,143840,1,143850,143870,1,3470,32134
2018-07-10,22:55:44,143840,1,143850,143870,1,3470,32134
2018-07-10,22:55:50,143840,1,143850,143860,1,3470,32134
2018-07-10,22:55:53,143840,1,143850,143870,1,3470,32134
2018-07-10,22:55:56,143840,1,143850,143860,1,3470,32134
2018-07-10,22:56:01,143840,1,143850,143860,1,3470,32134
2018-07-10,22:56:02,143840,1,143850,143870,1,3470,32134
2018-07-10,22:56:04,143840,1,143850,143860,1,3470,32134
2018-07-10,22:56:10,143840,1,143850,143870,1,3470,32134
2018-07-10,22:56:38,143840,1,143850,143870,1,3470,32134
2018-07-10,22:56:41,143840,1,143850,143870,1,3470,32134
2018-07-10,22:56:43,143840,1,143850,143870,1,3470,32134
2018-07-10,22:56:43,143840,1,143850,143870,1,3470,32134
2018-07-10,22:57:23,143840,1,143850,143860,1,3470,32134
2018-07-10,22:57:28,143840,1,143850,143870,1,3470,32134
2018-07-10,22:57:29,143840,1,143850,143860,1,3470,32134
2018-07-10,22:57:38,143840,1,143850,143870,1,3470,32134
2018-07-10,22:58:01,143840,1,143850,143870,1,3470,32134
2018-07-10,22:58:02,143840,1,143850,143860,1,3470,32134
2018-07-10,22:58:30,143840,1,143860,143870,1,3472,32132
2018-07-10,22:58:40,143820,3,143840,143870,1,3474,32132
2018-07-10,22:58:41,143830,1,143840,143870,1,3474,32132
2018-07-10,22:58:46,143830,1,143840,143870,1,3474,32132
2018-07-10,22:58:57,143830,1,143840,143870,1,3474,32132
2018-07-10,22:59:01,143830,1,143840,143860,1,3474,32132
2018-07-10,22:59:13,143830,1,143840,143870,1,3474,32132
2018-07-10,22:59:25,143830,1,143840,143880,1,3474,32132
2018-07-10,22:59:37,143840,1,143840,143880,1,3474,32132
2018-07-10,22:59:41,143830,1,143840,143880,1,3474,32132
2018-07-10,22:59:44,143830,1,143840,143870,1,3474,32132
2018-07-10,22:59:47,143830,1,143840,143860,1,3474,32132
2018-07-10,22:59:47,143820,3,143840,143860,1,3474,32132
2018-07-10,22:59:48,143820,3,143840,143860,1,3474,32132
2018-07-10,22:59:50,143830,1,143840,143860,1,3474,32132
2018-07-10,22:59:50,143830,1,143840,143870,1,3474,32132
2018-07-10,22:59:52,143830,1,143840,143860,1,3474,32132
2018-07-10,22:59:54,143820,3,143840,143860,1,3474,32132
2018-07-10,22:59:54,143830,1,143840,143860,1,3474,32132
2018-07-10,22:59:55,143830,1,143840,143870,1,3474,32132
2018-07-10,22:59:56,143830,1,143840,143870,2,3474,32132
2018-07-10,22:59:57,143830,1,143840,143860,1,3474,32132
2018-07-10,22:59:59,143830,1,143840,143870,2,3474,32132
2018-07-10,23:00:00,143830,1,143840,143870,1,3474,32132
2018-07-10,23:00:04,143830,1,143870,143880,1,3476,32134
2018-07-10,23:00:06,143830,1,143880,143870,1,3478,32136
2018-07-10,23:00:06,143830,1,143870,143890,5,3480,32138
2018-07-10,23:00:07,143840,1,143870,143890,5,3480,32138
2018-07-10,23:00:07,143850,1,143870,143890,5,3480,32138
2018-07-10,23:00:08,143850,1,143870,143890,5,3480,32138
2018-07-10,23:00:08,143850,1,143890,143890,4,3482,32138
2018-07-10,23:00:14,143850,1,143890,143890,4,3482,32138
2018-07-10,23:00:15,143850,1,143890,143890,4,3482,32138
2018-07-10,23:00:16,143850,2,143890,143890,4,3482,32138
2018-07-10,23:00:17,143860,1,143890,143890,4,3482,32138
2018-07-10,23:00:17,143860,1,143890,143890,4,3482,32138
2018-07-10,23:00:25,143860,1,143890,143890,4,3482,32138
2018-07-10,23:00:25,143860,1,143890,143890,4,3482,32138
2018-07-10,23:00:30,143860,1,143890,143890,4,3482,32138
2018-07-10,23:00:31,143860,1,143890,143890,4,3482,32138
2018-07-10,23:00:35,143860,1,143890,143890,4,3482,32138
2018-07-10,23:00:53,143860,1,143890,143890,4,3482,32138
2018-07-10,23:01:07,143860,1,143890,143890,4,3482,32138
2018-07-10,23:01:07,143860,1,143890,143890,4,3482,32138
2018-07-10,23:01:09,143860,1,143890,143890,1,3482,32138
2018-07-10,23:01:16,143860,1,143890,143900,3,3484,32136
2018-07-10,23:01:21,143870,1,143890,143900,3,3484,32136
2018-07-10,23:01:21,143880,1,143890,143900,3,3484,32136
2018-07-10,23:01:22,143880,1,143890,143900,3,3484,32136
2018-07-10,23:01:27,143880,1,143890,143900,3,3484,32136
2018-07-10,23:01:30,143880,1,143890,143900,3,3484,32136
2018-07-10,23:01:33,143880,1,143890,143900,3,3484,32136
2018-07-10,23:01:35,143880,1,143890,143900,3,3484,32136
2018-07-10,23:01:35,143890,1,143890,143900,3,3484,32136
2018-07-10,23:01:36,143880,1,143890,143900,3,3486,32138
2018-07-10,23:01:36,143860,1,143890,143900,3,3486,32138
2018-07-10,23:01:38,143870,1,143890,143900,3,3486,32138
2018-07-10,23:01:50,143860,1,143890,143900,3,3486,32138
2018-07-10,23:01:55,143860,1,143890,143900,3,3486,32138
2018-07-10,23:02:03,143870,1,143890,143900,3,3486,32138
2018-07-10,23:02:12,143870,1,143890,143900,3,3486,32138
2018-07-10,23:02:14,143860,1,143890,143900,3,3486,32138
2018-07-10,23:02:15,143860,1,143890,143890,1,3486,32138
2018-07-10,23:02:27,143860,1,143890,143900,3,3486,32138
2018-07-10,23:02:28,143860,1,143890,143890,1,3486,32138
2018-07-10,23:02:36,143860,1,143890,143900,3,3486,32138
2018-07-10,23:02:49,143860,1,143890,143890,1,3486,32138
2018-07-10,23:02:56,143860,1,143890,143900,3,3486,32138
2018-07-10,23:02:59,143860,1,143890,143890,1,3486,32138
2018-07-10,23:03:08,143860,1,143890,143900,3,3486,32138
2018-07-10,23:03:16,143870,1,143890,143900,3,3486,32138
2018-07-10,23:03:16,143880,1,143890,143900,3,3486,32138
2018-07-10,23:03:22,143880,2,143890,143900,3,3486,32138
2018-07-10,23:03:23,143880,1,143890,143900,3,3486,32138
2018-07-10,23:04:14,143880,1,143900,143900,2,3488,32138
2018-07-10,23:04:14,143870,1,143880,143900,2,3490,32138
2018-07-10,23:04:15,143860,1,143870,143870,1,3492,32136
2018-07-10,23:04:15,143870,1,143870,143900,2,3492,32136
2018-07-10,23:04:21,143850,2,143870,143900,2,3494,32138
2018-07-10,23:04:21,143860,1,143870,143900,2,3494,32138
2018-07-10,23:04:22,143870,1,143870,143900,2,3494,32138
2018-07-10,23:04:24,143860,1,143870,143900,2,3496,32138
2018-07-10,23:04:26,143860,1,143870,143900,2,3496,32138
2018-07-10,23:04:26,143860,1,143870,143890,2,3496,32138
2018-07-10,23:04:27,143850,2,143870,143890,2,3496,32138
2018-07-10,23:04:27,143850,2,143870,143890,2,3496,32138
2018-07-10,23:04:33,143850,2,143870,143890,2,3496,32138
2018-07-10,23:04:40,143850,2,143870,143880,1,3496,32138
2018-07-10,23:04:42,143850,2,143870,143880,1,3496,32138
2018-07-10,23:04:43,143850,2,143870,143880,1,3496,32138
2018-07-10,23:04:43,143850,2,143870,143880,1,3496,32138
2018-07-10,23:04:47,143850,2,143870,143890,2,3496,32138
2018-07-10,23:04:48,143860,1,143870,143890,2,3496,32138
2018-07-10,23:04:50,143860,1,143870,143880,1,3496,32138
2018-07-10,23:04:50,143850,2,143870,143880,1,3496,32138
2018-07-10,23:04:51,143850,2,143870,143890,2,3496,32138
2018-07-10,23:04:55,143850,2,143870,143880,1,3496,32138
2018-07-10,23:05:00,143850,2,143870,143890,2,3496,32138
2018-07-10,23:05:00,143860,1,143870,143890,2,3496,32138
2018-07-10,23:05:03,143860,1,143870,143880,1,3496,32138
2018-07-10,23:05:05,143860,1,143870,143890,2,3496,32138
2018-07-10,23:05:11,143860,2,143870,143890,2,3496,32138
2018-07-10,23:05:22,143860,2,143870,143890,2,3496,32138
2018-07-10,23:05:26,143860,2,143870,143890,2,3496,32138
2018-07-10,23:05:44,143860,1,143870,143890,2,3496,32138
2018-07-10,23:05:44,143850,2,143870,143890,2,3496,32138
2018-07-10,23:05:47,143850,2,143870,143880,1,3496,32138
2018-07-10,23:05:54,143850,2,143870,143890,2,3496,32138
2018-07-10,23:05:57,143850,2,143870,143880,1,3496,32138
2018-07-10,23:05:58,143850,2,143870,143880,1,3496,32138
2018-07-10,23:06:01,143850,2,143870,143890,2,3496,32138
2018-07-10,23:06:01,143860,1,143870,143890,2,3496,32138
2018-07-10,23:06:11,143860,1,143870,143890,2,3496,32138
2018-07-10,23:06:15,143860,1,143870,143880,1,3496,32138
2018-07-10,23:06:15,143850,2,143870,143880,1,3496,32138
2018-07-10,23:06:16,143850,2,143870,143890,2,3496,32138
2018-07-10,23:06:17,143860,1,143870,143890,2,3496,32138
2018-07-10,23:06:24,143860,1,143870,143870,1,3496,32138
2018-07-10,23:06:25,143860,1,143870,143890,2,3498,32138
2018-07-10,23:06:35,143860,1,143870,143890,2,3498,32138
2018-07-10,23:07:08,143850,2,143870,143890,2,3498,32138
2018-07-10,23:07:08,143860,1,143870,143890,2,3498,32138
2018-07-10,23:07:15,143860,1,143870,143890,2,3498,32138
2018-07-10,23:09:03,143860,1,143870,143880,1,3498,32138
2018-07-10,23:09:03,143850,2,143870,143880,1,3498,32138
2018-07-10,23:09:15,143850,2,143870,143890,2,3498,32138
2018-07-10,23:09:15,143860,1,143870,143890,2,3498,32138
2018-07-10,23:09:57,143860,1,143890,143890,1,3500,32136
2018-07-10,23:10:04,143870,1,143890,143890,1,3500,32136
2018-07-10,23:10:23,143880,1,143890,143890,1,3500,32136
2018-07-10,23:10:23,143880,1,143880,143900,2,3504,32136
2018-07-10,23:10:24,143870,1,143880,143900,2,3506,32134
2018-07-10,23:10:24,143890,1,143880,143900,2,3506,32134
2018-07-10,23:10:25,143870,1,143890,143900,2,3508,32134
2018-07-10,23:10:33,143870,2,143890,143900,2,3508,32134
2018-07-10,23:10:34,143870,2,143890,143890,1,3508,32134
2018-07-10,23:10:43,143870,2,143890,143900,2,3510,32134
2018-07-10,23:10:47,143870,2,143890,143900,2,3510,32134
2018-07-10,23:11:10,143870,2,143890,143900,2,3510,32134
2018-07-10,23:11:11,143870,2,143890,143900,2,3510,32134
2018-07-10,23:11:18,143870,2,143890,143890,1,3510,32134
2018-07-10,23:11:19,143860,1,143870,143890,1,3514,32134
2018-07-10,23:11:20,143860,1,143870,143890,5,3514,32134
2018-07-10,23:11:20,143850,2,143870,143890,5,3514,32134
2018-07-10,23:11:25,143860,1,143870,143890,5,3514,32134
2018-07-10,23:11:26,143850,2,143860,143890,5,3516,32132
2018-07-10,23:11:28,143850,2,143860,143880,1,3516,32132
2018-07-10,23:11:36,143850,2,143860,143870,1,3516,32132
2018-07-10,23:11:37,143830,1,143850,143870,5,3520,32134
2018-07-10,23:11:39,143830,1,143850,143870,5,3520,32134
2018-07-10,23:11:41,143820,2,143830,143870,5,3522,32132
2018-07-10,23:11:41,143820,2,143830,143860,1,3522,32132
2018-07-10,23:11:44,143820,2,143830,143860,1,3522,32132
2018-07-10,23:11:49,143820,1,143820,143860,1,3524,32132
2018-07-10,23:11:49,143820,1,143850,143860,5,3526,32130
2018-07-10,23:11:52,143820,3,143850,143860,5,3526,32130
2018-07-10,23:11:53,143830,1,143850,143860,5,3526,32130
2018-07-10,23:11:54,143830,1,143850,143860,5,3526,32130
2018-07-10,23:11:56,143830,1,143850,143860,5,3526,32130
2018-07-10,23:12:04,143830,1,143850,143860,5,3526,32130
2018-07-10,23:12:04,143840,1,143850,143860,5,3526,32130
2018-07-10,23:12:05,143840,1,143850,143860,5,3526,32130
2018-07-10,23:12:11,143840,1,143850,143860,5,3526,32130
2018-07-10,23:12:20,143840,1,143850,143860,5,3526,32130
2018-07-10,23:12:21,143840,1,143850,143860,5,3526,32130
2018-07-10,23:12:33,143840,1,143850,143860,5,3526,32130
2018-07-10,23:12:33,143840,1,143850,143860,5,3526,32130
2018-07-10,23:12:48,143840,1,143850,143860,5,3526,32130
2018-07-10,23:12:48,143840,1,143850,143860,5,3526,32130
2018-07-10,23:12:56,143830,1,143850,143860,5,3526,32130
2018-07-10,23:12:56,143850,1,143850,143860,5,3526,32130
2018-07-10,23:13:05,143850,1,143850,143860,5,3526,32130
2018-07-10,23:13:06,143850,1,143850,143860,5,3526,32130
2018-07-10,23:13:07,143820,1,143850,143860,5,3528,32128
2018-07-10,23:13:09,143820,1,143860,143860,3,3532,32130
2018-07-10,23:13:10,143830,1,143860,143900,2,3538,32128
2018-07-10,23:13:10,143840,1,143860,143900,2,3538,32128
2018-07-10,23:13:11,143850,1,143860,143900,2,3538,32128
2018-07-10,23:13:12,143850,1,143860,143890,1,3538,32128
2018-07-10,23:13:18,143850,1,143860,143870,2,3538,32128
2018-07-10,23:13:19,143830,1,143860,143870,2,3538,32128
2018-07-10,23:13:29,143820,1,143830,143870,2,3540,32126
2018-07-10,23:13:29,143820,1,143830,143860,1,3540,32126
2018-07-10,23:13:55,143820,2,143830,143860,1,3540,32126
2018-07-10,23:13:55,143860,3,143860,143870,2,3542,32126
2018-07-10,23:13:56,143860,2,143860,143890,1,3548,32126
2018-07-10,23:13:58,143860,2,143860,143900,2,3548,32126
2018-07-10,23:13:59,143860,2,143860,143890,1,3548,32126
2018-07-10,23:14:15,143860,2,143860,143900,2,3548,32126
2018-07-10,23:14:16,143860,2,143860,143890,1,3548,32126
2018-07-10,23:14:18,143860,2,143860,143890,1,3548,32126
2018-07-10,23:14:33,143860,2,143890,143900,3,3550,32128
2018-07-10,23:14:34,143870,1,143890,143900,3,3550,32128
2018-07-10,23:14:44,143870,1,143890,143900,3,3550,32128
2018-07-10,23:14:51,143860,2,143870,143870,4,3552,32128
2018-07-10,23:14:57,143860,2,143870,143870,3,3554,32130
2018-07-10,23:14:58,143860,2,143870,143900,3,3560,32130
2018-07-10,23:15:18,143870,1,143870,143900,3,3560,32130
2018-07-10,23:15:18,143890,2,143870,143900,3,3560,32130
2018-07-10,23:15:19,143870,1,143890,143900,3,3564,32130
2018-07-10,23:15:20,143870,1,143890,143890,1,3564,32130
2018-07-10,23:15:35,143870,1,143890,143890,1,3564,32130
2018-07-10,23:15:38,143870,1,143890,143890,1,3564,32130
2018-07-10,23:15:39,143870,1,143890,143890,1,3564,32130
2018-07-10,23:15:44,143870,1,143890,143890,1,3564,32130
2018-07-10,23:16:08,143870,1,143890,143890,1,3564,32130
2018-07-10,23:16:17,143860,1,143870,143890,1,3566,32128
2018-07-10,23:16:18,143830,1,143860,143890,1,3568,32128
2018-07-10,23:16:19,143830,1,143860,143880,2,3568,32128
2018-07-10,23:16:21,143820,1,143860,143880,2,3568,32128
2018-07-10,23:16:22,143830,1,143860,143880,2,3568,32128
2018-07-10,23:16:28,143830,1,143860,143880,2,3568,32128
2018-07-10,23:16:29,143830,1,143860,143880,2,3568,32128
2018-07-10,23:16:36,143830,2,143860,143880,2,3568,32128
2018-07-10,23:16:36,143840,1,143860,143880,2,3568,32128
2018-07-10,23:16:37,143840,1,143860,143880,1,3568,32128
2018-07-10,23:16:55,143830,2,143840,143880,1,3570,32126
2018-07-10,23:16:59,143830,1,143830,143880,1,3572,32124
2018-07-10,23:17:02,143830,1,143830,143880,1,3572,32124
2018-07-10,23:17:06,143830,1,143830,143870,2,3572,32124
2018-07-10,23:17:06,143830,1,143830,143860,1,3572,32124
2018-07-10,23:17:08,143830,1,143830,143860,1,3572,32124
2018-07-10,23:17:12,143820,1,143830,143860,1,3574,32124
2018-07-10,23:17:12,143820,1,143830,143870,1,3574,32124
2018-07-10,23:17:24,143820,1,143830,143870,1,3574,32124
2018-07-10,23:17:25,143820,1,143830,143870,1,3574,32124
2018-07-10,23:17:27,143820,1,143830,143860,1,3574,32124
2018-07-10,23:17:32,143800,11,143820,143860,1,3576,32126
2018-07-10,23:17:33,143800,11,143820,143850,1,3576,32126
2018-07-10,23:17:37,143800,12,143820,143850,1,3576,32126
2018-07-10,23:17:37,143800,12,143820,143850,1,3576,32126
2018-07-10,23:17:38,143800,12,143820,143850,1,3576,32126
2018-07-10,23:17:38,143800,12,143820,143850,1,3576,32126
2018-07-10,23:17:42,143800,12,143820,143850,1,3576,32126
2018-07-10,23:17:42,143850,1,143850,143870,1,3578,32126
2018-07-10,23:17:43,143800,11,143850,143840,1,3580,32126
2018-07-10,23:17:43,143810,1,143840,143850,1,3582,32126
2018-07-10,23:17:45,143810,1,143840,143850,2,3582,32126
2018-07-10,23:17:46,143810,2,143840,143850,2,3582,32126
2018-07-10,23:17:49,143810,2,143840,143840,1,3582,32126
2018-07-10,23:17:49,143810,2,143840,143850,2,3584,32126
2018-07-10,23:17:50,143810,2,143840,143850,2,3584,32126
2018-07-10,23:17:51,143810,2,143840,143850,1,3584,32126
2018-07-10,23:18:07,143820,5,143840,143850,1,3584,32126
2018-07-10,23:18:07,143830,4,143840,143850,1,3584,32126
2018-07-10,23:18:08,143830,4,143850,143870,1,3590,32132
2018-07-10,23:18:08,143840,1,143850,143870,1,3590,32132
2018-07-10,23:18:09,143840,1,143850,143870,1,3590,32132
2018-07-10,23:18:15,143840,1,143850,143870,2,3590,32132
2018-07-10,23:18:16,143840,1,143850,143870,2,3590,32132
2018-07-10,23:18:19,143840,1,143850,143870,2,3590,32132
2018-07-10,23:18:20,143840,1,143850,143870,2,3590,32132
2018-07-10,23:18:21,143840,1,143850,143870,2,3590,32132
2018-07-10,23:18:28,143840,1,143850,143870,2,3590,32132
2018-07-10,23:18:32,143840,1,143850,143870,2,3590,32132
2018-07-10,23:18:39,143840,1,143850,143870,2,3590,32132
2018-07-10,23:18:43,143840,1,143850,143870,2,3590,32132
2018-07-10,23:18:44,143840,1,143850,143870,2,3590,32132
2018-07-10,23:18:46,143840,2,143850,143870,2,3590,32132
2018-07-10,23:19:18,143850,1,143850,143870,2,3590,32132
2018-07-10,23:19:36,143840,2,143850,143870,2,3590,32132
2018-07-10,23:19:56,143840,2,143850,143870,2,3590,32132
2018-07-10,23:20:00,143840,2,143850,143870,3,3590,32132
2018-07-10,23:20:36,143830,4,143840,143840,21,3594,32130
2018-07-10,23:20:36,143810,1,143830,143830,1,3608,32130
2018-07-10,23:20:37,143810,1,143830,143830,2,3608,32130
2018-07-10,23:20:44,143800,12,143810,143830,2,3610,32128
2018-07-10,23:20:45,143800,5,143800,143830,2,3624,32128
2018-07-10,23:20:46,143790,1,143790,143800,4,3636,32134
2018-07-10,23:20:46,143780,1,143790,143800,4,3638,32134
2018-07-10,23:20:49,143770,1,143780,143800,4,3640,32136
2018-07-10,23:20:49,143750,3,143750,143800,4,3648,32130
2018-07-10,23:20:50,143750,4,143750,143800,4,3648,32130
2018-07-10,23:20:51,143750,3,143750,143800,3,3650,32128
2018-07-10,23:20:52,143760,1,143750,143800,3,3650,32128
2018-07-10,23:20:54,143750,3,143750,143800,3,3650,32128
2018-07-10,23:20:58,143750,3,143750,143800,3,3650,32128
2018-07-10,23:21:02,143750,3,143800,143800,2,3652,32128
2018-07-10,23:21:02,143760,1,143800,143820,3,3656,32124
2018-07-10,23:21:03,143770,1,143800,143820,3,3656,32124
2018-07-10,23:21:03,143770,1,143800,143820,3,3656,32124
2018-07-10,23:21:05,143770,1,143800,143820,3,3656,32124
2018-07-10,23:21:06,143760,1,143770,143820,3,3658,32124
2018-07-10,23:21:07,143760,1,143770,143810,1,3658,32124
2018-07-10,23:21:07,143760,1,143770,143810,2,3658,32124
2018-07-10,23:21:08,143750,3,143770,143810,2,3658,32124
2018-07-10,23:21:10,143760,1,143770,143810,2,3658,32124
2018-07-10,23:21:14,143770,1,143770,143810,2,3658,32124
2018-07-10,23:21:15,143770,1,143810,143820,3,3662,32124
2018-07-10,23:21:16,143770,2,143810,143820,3,3662,32124
2018-07-10,23:21:23,143780,1,143810,143820,3,3662,32124
2018-07-10,23:21:23,143780,1,143810,143820,3,3662,32124
2018-07-10,23:21:27,143780,2,143810,143820,4,3662,32124
2018-07-10,23:21:28,143780,2,143810,143820,4,3662,32124
2018-07-10,23:21:30,143780,2,143810,143820,4,3662,32124
2018-07-10,23:21:31,143780,2,143810,143820,4,3662,32124
2018-07-10,23:21:34,143780,2,143810,143820,4,3662,32124
2018-07-10,23:21:34,143780,1,143810,143820,4,3662,32124
2018-07-10,23:21:37,143780,1,143810,143810,1,3662,32124
2018-07-10,23:21:38,143770,1,143810,143810,1,3662,32124
2018-07-10,23:21:40,143810,1,143810,143820,3,3664,32124
2018-07-10,23:21:41,143770,1,143810,143800,2,3666,32124
2018-07-10,23:21:41,143770,1,143800,143820,3,3670,32128
2018-07-10,23:21:42,143770,1,143800,143810,1,3670,32128
2018-07-10,23:21:43,143770,1,143800,143810,1,3670,32128
2018-07-10,23:21:46,143770,1,143800,143820,3,3670,32128
2018-07-10,23:21:46,143770,1,143800,143810,3,3670,32128
2018-07-10,23:21:48,143770,1,143800,143800,1,3670,32128
2018-07-10,23:21:48,143770,1,143800,143810,3,3670,32128
2018-07-10,23:21:50,143770,1,143800,143820,3,3670,32128
2018-07-10,23:21:50,143770,1,143800,143810,1,3670,32128
2018-07-10,23:21:52,143770,1,143810,143820,3,3672,32128
2018-07-10,23:21:53,143770,1,143810,143810,3,3672,32128
2018-07-10,23:21:55,143770,1,143810,143800,1,3672,32128
2018-07-10,23:21:57,143770,1,143810,143810,3,3672,32128
2018-07-10,23:22:01,143770,1,143810,143810,3,3672,32128
2018-07-10,23:22:05,143770,1,143810,143820,3,3672,32128
2018-07-10,23:22:06,143770,1,143810,143810,3,3672,32128
2018-07-10,23:22:07,143770,1,143810,143800,1,3672,32128
2018-07-10,23:22:08,143770,1,143810,143810,4,3672,32128
2018-07-10,23:22:11,143770,1,143810,143800,1,3672,32128
2018-07-10,23:22:11,143780,1,143810,143800,1,3672,32128
2018-07-10,23:22:12,143780,1,143810,143790,3,3672,32128
2018-07-10,23:22:12,143780,1,143790,143800,1,3678,32122
2018-07-10,23:22:13,143780,1,143790,143810,4,3678,32122
2018-07-10,23:22:16,143790,1,143790,143810,4,3678,32122
2018-07-10,23:22:19,143790,1,143790,143810,4,3678,32122
2018-07-10,23:22:20,143790,1,143810,143810,1,3684,32128
2018-07-10,23:22:21,143810,2,143810,143830,1,3686,32126
2018-07-10,23:22:21,143810,2,143810,143840,21,3686,32126
2018-07-10,23:22:26,143810,2,143810,143840,21,3686,32126
2018-07-10,23:22:29,143790,1,143810,143840,21,3686,32126
2018-07-10,23:22:29,143790,1,143810,143830,1,3686,32126
2018-07-10,23:22:45,143790,1,143810,143830,1,3686,32126
2018-07-10,23:22:46,143830,2,143810,143840,21,3686,32126
2018-07-10,23:22:46,143790,1,143830,143840,21,3690,32126
2018-07-10,23:22:47,143790,1,143830,143830,1,3690,32126
2018-07-10,23:22:47,143790,1,143830,143830,2,3690,32126
2018-07-10,23:22:54,143790,1,143830,143830,2,3690,32126
2018-07-10,23:22:54,143790,1,143830,143820,1,3690,32126
2018-07-10,23:22:56,143790,1,143830,143820,1,3690,32126
2018-07-10,23:23:01,143790,1,143830,143830,2,3690,32126
2018-07-10,23:23:02,143790,1,143830,143830,2,3690,32126
2018-07-10,23:23:04,143790,1,143830,143830,2,3690,32126
2018-07-10,23:23:07,143790,1,143830,143830,2,3690,32126
2018-07-10,23:23:10,143790,2,143830,143830,2,3690,32126
2018-07-10,23:23:22,143790,2,143830,143830,2,3690,32126
2018-07-10,23:23:31,143790,2,143830,143830,2,3690,32126
2018-07-10,23:23:36,143800,1,143830,143830,2,3690,32126
2018-07-10,23:23:36,143800,1,143830,143830,1,3690,32126
2018-07-10,23:23:39,143800,1,143830,143840,21,3692,32128
2018-07-10,23:23:40,143800,1,143840,143840,16,3702,32118
2018-07-10,23:23:40,143800,1,143840,143840,14,3706,32118
2018-07-10,23:23:41,143810,1,143840,143840,9,3716,32108
2018-07-10,23:23:41,143810,1,143840,143860,1,3734,32092
2018-07-10,23:23:42,143810,1,143840,143860,1,3734,32092
2018-07-10,23:23:42,143810,1,143840,143860,1,3734,32092
2018-07-10,23:23:44,143810,1,143840,143860,1,3734,32092
2018-07-10,23:23:52,143810,1,143840,143860,1,3734,32092
2018-07-10,23:23:57,143810,2,143840,143860,1,3734,32092
2018-07-10,23:23:58,143810,2,143840,143860,1,3734,32092
2018-07-10,23:24:01,143810,2,143840,143860,1,3734,32092
2018-07-10,23:24:08,143810,4,143840,143860,1,3734,32092
2018-07-10,23:24:08,143810,4,143840,143860,1,3734,32092
2018-07-10,23:24:19,143810,4,143840,143860,1,3734,32092
2018-07-10,23:24:47,143800,1,143810,143860,1,3742,32096
2018-07-10,23:24:48,143800,1,143810,143850,2,3742,32096
2018-07-10,23:24:48,143800,1,143810,143840,1,3742,32096
2018-07-10,23:24:50,143790,1,143810,143840,1,3742,32096
2018-07-10,23:24:55,143760,2,143790,143840,1,3744,32094
2018-07-10,23:24:56,143770,1,143790,143830,1,3744,32094
2018-07-10,23:24:57,143760,2,143770,143830,1,3746,32092
2018-07-10,23:24:58,143770,1,143770,143820,2,3746,32092
2018-07-10,23:25:00,143760,2,143770,143770,9,3748,32092
2018-07-10,23:25:01,143770,1,143770,143830,1,3778,32088
2018-07-10,23:25:01,143780,1,143770,143820,1,3778,32088
2018-07-10,23:25:02,143760,2,143770,143810,5,3778,32088
2018-07-10,23:25:02,143760,2,143770,143800,1,3778,32088
2018-07-10,23:25:03,143760,2,143770,143800,1,3778,32088
2018-07-10,23:25:03,143780,10,143770,143800,1,3778,32088
2018-07-10,23:25:04,143790,1,143800,143820,1,3780,32090
2018-07-10,23:25:04,143800,1,143800,143820,1,3780,32090
2018-07-10,23:25:05,143800,1,143800,143820,1,3780,32090
2018-07-10,23:25:05,143810,2,143800,143820,1,3780,32090
2018-07-10,23:25:06,143810,2,143800,143830,1,3780,32090
2018-07-10,23:25:17,143810,2,143800,143830,1,3780,32090
2018-07-10,23:25:18,143830,1,143830,143870,1,3782,32090
2018-07-10,23:25:18,143810,2,143830,143860,1,3782,32090
2018-07-10,23:25:19,143810,1,143860,143870,1,3784,32088
2018-07-10,23:25:19,143820,3,143860,143870,1,3784,32088
2018-07-10,23:25:20,143830,1,143860,143870,1,3784,32088
2018-07-10,23:25:26,143830,1,143860,143870,1,3784,32088
2018-07-10,23:25:38,143830,1,143870,143890,1,3786,32088
2018-07-10,23:25:39,143840,1,143870,143890,1,3786,32088
2018-07-10,23:25:39,143850,1,143870,143890,1,3786,32088
2018-07-10,23:25:41,143850,1,143870,143900,2,3786,32088
2018-07-10,23:25:41,143850,1,143870,143900,2,3786,32088
2018-07-10,23:25:42,143860,1,143870,143900,2,3786,32088
2018-07-10,23:25:42,143860,1,143870,143890,1,3786,32088
2018-07-10,23:25:46,143860,1,143870,143880,1,3786,32088
2018-07-10,23:25:46,143850,1,143860,143880,1,3788,32088
2018-07-10,23:25:51,143850,1,143860,143880,1,3788,32088
2018-07-10,23:25:51,143850,1,143860,143880,1,3788,32088
2018-07-10,23:25:52,143860,1,143860,143880,1,3788,32088
2018-07-10,23:25:52,143850,1,143860,143880,1,3790,32088
2018-07-10,23:26:02,143850,1,143860,143860,1,3790,32088
2018-07-10,23:26:08,143850,1,143860,143860,1,3790,32088
2018-07-10,23:26:13,143850,1,143860,143880,1,3792,32088
2018-07-10,23:26:15,143850,1,143860,143880,1,3792,32088
2018-07-10,23:26:15,143850,1,143860,143890,1,3792,32088
2018-07-10,23:26:16,143860,1,143860,143890,1,3792,32088
2018-07-10,23:26:18,143860,1,143860,143900,2,3792,32088
2018-07-10,23:26:20,143860,1,143860,143890,1,3792,32088
2018-07-10,23:26:20,143850,1,143860,143890,1,3792,32088
2018-07-10,23:26:24,143850,1,143860,143890,1,3792,32088
2018-07-10,23:26:24,143850,1,143860,143890,12,3792,32088
2018-07-10,23:26:25,143820,1,143850,143890,12,3794,32088
2018-07-10,23:26:25,143800,2,143850,143880,2,3794,32088
2018-07-10,23:26:26,143810,2,143850,143880,3,3794,32088
2018-07-10,23:26:26,143820,1,143850,143870,1,3794,32088
2018-07-10,23:26:29,143820,1,143850,143870,12,3794,32088
2018-07-10,23:26:29,143820,1,143850,143870,12,3794,32088
2018-07-10,23:26:31,143820,1,143850,143860,1,3794,32088
2018-07-10,23:26:32,143810,1,143850,143860,3,3794,32088
2018-07-10,23:26:33,143810,1,143850,143860,2,3794,32088
2018-07-10,23:26:38,143810,1,143850,143850,1,3794,32088
2018-07-10,23:26:39,143810,1,143850,143850,1,3794,32088
2018-07-10,23:26:43,143810,1,143850,143850,1,3794,32088
2018-07-10,23:26:44,143810,1,143850,143860,2,3794,32088
2018-07-10,23:26:46,143810,1,143850,143860,2,3794,32088
2018-07-10,23:26:50,143810,1,143850,143850,1,3794,32088
2018-07-10,23:26:54,143820,1,143850,143850,1,3794,32088
2018-07-10,23:26:58,143820,1,143850,143850,2,3794,32088
2018-07-10,23:27:03,143820,1,143850,143850,3,3794,32088
2018-07-10,23:27:05,143810,1,143850,143850,3,3794,32088
2018-07-10,23:27:06,143800,2,143850,143850,3,3794,32088
2018-07-10,23:27:08,143800,2,143850,143850,3,3794,32088
2018-07-10,23:27:09,143800,6,143850,143850,3,3794,32088
2018-07-10,23:27:10,143810,1,143850,143850,3,3794,32088
2018-07-10,23:27:14,143810,1,143850,143850,3,3794,32088
2018-07-10,23:27:17,143800,2,143810,143850,3,3796,32088
2018-07-10,23:27:18,143800,2,143810,143840,1,3796,32088
2018-07-10,23:27:19,143800,2,143810,143840,1,3796,32088
2018-07-10,23:27:22,143800,1,143800,143840,1,3798,32090
2018-07-10,23:27:23,143800,1,143800,143840,1,3798,32090
2018-07-10,23:27:30,143790,2,143800,143800,1,3800,32090
2018-07-10,23:27:30,143810,1,143800,143840,1,3802,32088
2018-07-10,23:27:31,143810,1,143800,143840,1,3802,32088
2018-07-10,23:27:33,143810,1,143800,143830,2,3802,32088
2018-07-10,23:27:34,143800,1,143810,143830,2,3804,32088
2018-07-10,23:27:38,143800,1,143810,143840,1,3804,32088
2018-07-10,23:27:38,143790,2,143810,143830,2,3804,32088
2018-07-10,23:27:45,143790,2,143810,143840,1,3804,32088
2018-07-10,23:27:46,143840,1,143840,143850,2,3806,32088
2018-07-10,23:27:46,143790,2,143840,143840,1,3808,32086
2018-07-10,23:27:47,143800,1,143840,143840,1,3808,32086
2018-07-10,23:27:48,143800,1,143840,143830,2,3808,32086
2018-07-10,23:27:50,143800,1,143840,143840,1,3808,32086
2018-07-10,23:27:52,143800,1,143840,143830,2,3808,32086
2018-07-10,23:27:52,143800,1,143840,143830,2,3808,32086
2018-07-10,23:27:54,143800,1,143840,143830,2,3808,32086
2018-07-10,23:27:55,143800,1,143840,143850,2,3808,32086
2018-07-10,23:27:56,143800,1,143840,143840,2,3808,32086
2018-07-10,23:27:58,143800,1,143840,143840,2,3808,32086
2018-07-10,23:28:00,143810,1,143840,143840,2,3808,32086
2018-07-10,23:28:01,143810,1,143840,143850,2,3808,32086
2018-07-10,23:28:02,143810,5,143840,143840,2,3808,32086
2018-07-10,23:28:03,143810,5,143840,143850,2,3808,32086
2018-07-10,23:28:04,143820,1,143840,143850,2,3808,32086
2018-07-10,23:28:12,143820,1,143840,143850,2,3808,32086
2018-07-10,23:28:15,143820,1,143840,143850,2,3808,32086
2018-07-10,23:28:16,143810,5,143820,143850,2,3810,32088
2018-07-10,23:28:23,143820,3,143820,143850,2,3810,32088
2018-07-10,23:28:24,143830,1,143820,143850,2,3810,32088
2018-07-10,23:28:24,143850,1,143850,143900,2,3814,32084
2018-07-10,23:28:25,143850,1,143850,143890,1,3814,32084
2018-07-10,23:28:26,143850,1,143850,143890,1,3814,32084
2018-07-10,23:28:31,143810,5,143850,143890,1,3816,32084
2018-07-10,23:28:31,143820,1,143850,143880,1,3816,32084
2018-07-10,23:28:38,143820,1,143850,143870,1,3816,32084
2018-07-10,23:28:38,143820,1,143850,143860,1,3816,32084
2018-07-10,23:28:40,143810,5,143820,143860,1,3818,32084
2018-07-10,23:28:40,143810,3,143810,143860,1,3822,32082
2018-07-10,23:28:44,143810,3,143810,143860,1,3822,32082
2018-07-10,23:28:46,143810,2,143810,143860,1,3824,32084
2018-07-10,23:28:51,143810,2,143810,143860,1,3824,32084
2018-07-10,23:28:52,143790,2,143810,143860,1,3828,32088
2018-07-10,23:28:53,143790,2,143810,143850,1,3828,32088
2018-07-10,23:28:53,143790,2,143810,143840,1,3828,32088
2018-07-10,23:28:54,143790,2,143810,143840,1,3828,32088
2018-07-10,23:29:08,143790,2,143840,143850,1,3830,32088
2018-07-10,23:29:09,143800,2,143840,143850,1,3830,32088
2018-07-10,23:29:12,143800,1,143800,143850,1,3832,32088
2018-07-10,23:29:33,143850,1,143850,143860,1,3834,32090
2018-07-10,23:29:33,143800,1,143850,143860,1,3836,32090
2018-07-10,23:29:38,143800,1,143910,143960,1,3846,32086
2018-07-10,23:29:39,143880,1,143910,143940,18,3846,32086
2018-07-10,23:29:39,143790,2,143880,143930,2,3850,32082
2018-07-10,23:29:40,143800,2,143880,143920,2,3850,32082
2018-07-10,23:29:40,143810,2,143880,143920,2,3850,32082
2018-07-10,23:29:41,143820,1,143880,143920,2,3850,32082
2018-07-10,23:29:41,143820,1,143880,143920,2,3850,32082
2018-07-10,23:29:42,143830,1,143880,143920,2,3850,32082
2018-07-10,23:29:42,143840,1,143880,143920,2,3850,32082
2018-07-10,23:29:44,143840,1,143880,143910,1,3850,32082
2018-07-10,23:29:45,143840,1,143880,143900,1,3850,32082
2018-07-10,23:29:45,143840,1,143880,143900,1,3850,32082
2018-07-10,23:29:46,143840,1,143900,143910,1,3854,32084
2018-07-10,23:29:46,143850,1,143900,143900,1,3854,32084
2018-07-10,23:29:47,143850,5,143860,143900,1,3856,32084
2018-07-10,23:29:47,143860,1,143900,143910,1,3858,32082
2018-07-10,23:29:48,143860,1,143900,143910,1,3858,32082
2018-07-10,23:29:49,143860,1,143910,143930,3,3860,32082
2018-07-10,23:29:50,143870,1,143910,143930,3,3860,32082
2018-07-10,23:29:51,143870,1,143910,143910,2,3860,32082
2018-07-10,23:29:52,143860,1,143910,143930,3,3864,32082
2018-07-10,23:29:53,143870,1,143910,143930,3,3864,32082
2018-07-10,23:29:54,143880,1,143910,143920,2,3864,32082
2018-07-10,23:29:54,143870,1,143910,143920,2,3864,32082
2018-07-10,23:29:55,143860,1,143870,143920,2,3866,32082
2018-07-10,23:29:55,143860,1,143870,143910,1,3866,32082
2018-07-10,23:29:56,143850,5,143860,143910,1,3868,32080
2018-07-10,23:29:56,143870,1,143860,143900,1,3868,32080
2018-07-10,23:29:57,143870,1,143860,143900,1,3868,32080
2018-07-10,23:29:57,143870,5,143860,143900,1,3868,32080
2018-07-10,23:29:58,143870,5,143900,143920,2,3870,32082
2018-07-10,23:29:58,143880,1,143900,143920,3,3870,32082
2018-07-10,23:29:59,143880,1,143900,143920,3,3870,32082
2018-07-10,23:29:59,143900,1,143900,143920,3,3870,32082
2018-07-10,23:30:00,143880,1,143900,143910,1,3874,32084
2018-07-10,23:30:00,143880,1,143900,143910,1,3874,32084
2018-07-10,23:30:02,143880,1,143900,143920,2,3874,32084
2018-07-10,23:30:06,143880,1,143900,143920,3,3874,32084
2018-07-10,23:30:06,143870,5,143900,143880,1,3874,32084
2018-07-10,23:30:07,143870,5,143880,143920,3,3882,32088
2018-07-10,23:30:09,143970,1,143970,143980,3,3896,32080
2018-07-10,23:30:09,143870,1,143970,143970,3,3912,32076
2018-07-10,23:30:10,143880,2,143880,143960,3,3914,32074
2018-07-10,23:30:10,143890,1,143950,143950,1,3916,32072
2018-07-10,23:30:11,143890,2,143950,143950,1,3916,32072
2018-07-10,23:30:11,143900,3,143950,143950,1,3918,32072
2018-07-10,23:30:12,143900,3,143950,143940,2,3918,32072
2018-07-10,23:30:12,143900,2,143950,143940,2,3918,32072
2018-07-10,23:30:13,143910,1,143950,143940,2,3918,32072
2018-07-10,23:30:13,143910,1,143950,143940,2,3918,32072
2018-07-10,23:30:14,143910,2,143950,143940,2,3918,32072
2018-07-10,23:30:15,143910,6,143910,143940,2,3920,32070
2018-07-10,23:30:15,143910,6,143910,143940,2,3920,32070
2018-07-10,23:30:16,143910,6,143910,143940,2,3920,32070
2018-07-10,23:30:17,143910,8,143910,143940,2,3920,32070
2018-07-10,23:30:17,143910,6,143910,143950,3,3924,32068
2018-07-10,23:30:19,143910,5,143910,143950,3,3926,32070
2018-07-10,23:30:20,143910,5,143910,143950,3,3926,32070
2018-07-10,23:30:21,143910,5,143910,143940,1,3926,32070
2018-07-10,23:30:21,143910,5,143910,143940,1,3926,32070
2018-07-10,23:30:22,143910,5,143910,143940,1,3926,32070
2018-07-10,23:30:23,143910,5,143940,143950,3,3928,32072
2018-07-10,23:30:24,143910,5,143940,143940,1,3928,32072
2018-07-10,23:30:24,143920,1,143940,143940,1,3928,32072
2018-07-10,23:30:28,143920,1,143940,143940,1,3928,32072
2018-07-10,23:30:28,143920,2,143940,143940,1,3928,32072
2018-07-10,23:30:29,143920,1,143940,143940,2,3928,32072
2018-07-10,23:30:30,143910,5,143920,143940,2,3930,32072
2018-07-10,23:30:32,143910,5,143920,143940,2,3930,32072
2018-07-10,23:30:32,143910,5,143920,143940,2,3930,32072
2018-07-10,23:30:33,143910,5,143940,143950,3,3934,32076
2018-07-10,23:30:34,143910,6,143940,143950,3,3934,32076
2018-07-10,23:30:34,143910,6,143950,143950,1,3938,32080
2018-07-10,23:30:35,143920,1,143950,143950,1,3938,32080
2018-07-10,23:30:35,143920,1,143950,143950,1,3938,32080
2018-07-10,23:30:36,143920,2,143950,143950,1,3938,32080
2018-07-10,23:30:39,143920,2,143950,143950,1,3938,32080
2018-07-10,23:30:42,143920,2,143950,143950,1,3938,32080
2018-07-10,23:30:45,143920,3,143950,143950,1,3938,32080
2018-07-10,23:30:46,143910,2,143920,143920,7,3944,32078
2018-07-10,23:30:47,143900,1,143910,143910,3,3950,32078
2018-07-10,23:30:47,143890,2,143900,143910,2,3954,32078
2018-07-10,23:30:49,143890,3,143900,143910,2,3954,32078
2018-07-10,23:30:50,143890,3,143900,143910,2,3954,32078
2018-07-10,23:30:51,143900,1,143900,143910,2,3954,32078
2018-07-10,23:30:53,143890,3,143900,143910,2,3956,32080
2018-07-10,23:30:54,143890,3,143900,143910,2,3956,32080
2018-07-10,23:30:55,143890,3,143900,143920,7,3956,32080
2018-07-10,23:30:56,143900,1,143900,143920,7,3956,32080
2018-07-10,23:30:59,143910,1,143900,143920,7,3956,32080
2018-07-10,23:30:59,143900,2,143910,143920,7,3958,32080
2018-07-10,23:31:04,143900,2,143910,143920,7,3958,32080
2018-07-10,23:31:07,143900,2,143910,143920,7,3958,32080
2018-07-10,23:31:08,143900,1,143910,143920,7,3958,32080
2018-07-10,23:31:09,143900,1,143910,143920,7,3958,32080
2018-07-10,23:31:09,143900,1,143910,143910,1,3958,32080
2018-07-10,23:31:10,143900,1,143910,143920,7,3960,32080
2018-07-10,23:31:14,143900,2,143910,143920,7,3960,32080
2018-07-10,23:31:17,143900,2,143910,143920,7,3960,32080
2018-07-10,23:31:18,143900,3,143910,143920,7,3960,32080
2018-07-10,23:31:18,143900,3,143920,143920,5,3964,32080
2018-07-10,23:31:19,143920,3,143920,143950,1,3994,32092
2018-07-10,23:31:19,143900,3,143920,143950,1,3994,32092
2018-07-10,23:31:20,143900,3,143950,143980,3,3996,32094
2018-07-10,23:31:20,143910,1,143950,143970,1,3996,32094
2018-07-10,23:31:22,143910,1,143950,143970,1,3996,32094
2018-07-10,23:31:23,143910,1,143950,143960,1,3996,32094
2018-07-10,23:31:23,143910,1,143950,143950,1,3996,32094
2018-07-10,23:31:24,143900,4,143950,143950,1,3996,32094
2018-07-10,23:31:25,143910,1,143950,143950,1,3996,32094
2018-07-10,23:31:28,143910,2,143950,143950,1,3996,32094
2018-07-10,23:31:29,143910,2,143950,143950,1,3996,32094
2018-07-10,23:31:34,143920,1,143950,143940,1,3996,32094
2018-07-10,23:31:34,143920,1,143950,143940,1,3996,32094
2018-07-10,23:31:36,143920,1,143950,143940,1,3996,32094
2018-07-10,23:31:36,143920,1,143950,143940,1,3996,32094
2018-07-10,23:31:37,143920,1,143950,143940,1,3996,32094
2018-07-10,23:31:38,143920,2,143950,143940,1,3996,32094
2018-07-10,23:31:40,143920,2,143950,143950,1,3998,32094
2018-07-10,23:31:41,143920,2,143950,143960,1,4000,32096
2018-07-10,23:31:42,143930,1,143950,143960,1,4000,32096
2018-07-10,23:31:42,143930,1,143950,143960,1,4000,32096
2018-07-10,23:31:45,143930,1,143950,143960,1,4000,32096
2018-07-10,23:31:46,143930,1,143950,143960,1,4000,32096
2018-07-10,23:31:50,143930,2,143950,143960,1,4000,32096
2018-07-10,23:31:52,143930,2,143950,143960,1,4000,32096
2018-07-10,23:31:53,143930,2,143960,143970,4,4002,32096
2018-07-10,23:31:53,143930,2,143960,143970,4,4002,32096
2018-07-10,23:31:56,143930,2,143960,143970,4,4002,32096
2018-07-10,23:31:57,143940,1,143960,143970,4,4002,32096
2018-07-10,23:31:58,143940,1,143960,143970,4,4002,32096
2018-07-10,23:32:05,143940,1,143960,143970,4,4002,32096
2018-07-10,23:32:11,143930,2,143940,143940,1,4004,32096
2018-07-10,23:32:12,143930,1,143940,143940,1,4004,32096
2018-07-10,23:32:12,143920,2,143930,143940,1,4006,32096
2018-07-10,23:32:15,143920,1,143970,143970,1,4014,32088
2018-07-10,23:32:17,143920,1,143970,143970,1,4014,32088
2018-07-10,23:32:19,143910,1,143970,143970,2,4014,32088
2018-07-10,23:32:19,143910,1,143970,143960,2,4014,32088
2018-07-10,23:32:20,143910,1,143970,143960,3,4014,32088
2018-07-10,23:32:22,143910,1,143970,143950,1,4014,32088
2018-07-10,23:32:25,143910,1,143970,143950,1,4014,32088
2018-07-10,23:32:27,143910,1,143970,143940,1,4014,32088
2018-07-10,23:32:29,143910,1,143970,143940,1,4014,32088
2018-07-10,23:32:30,143920,1,143970,143940,1,4014,32088
2018-07-10,23:32:30,143920,1,143970,143940,1,4014,32088
2018-07-10,23:32:33,143910,1,143920,143940,1,4016,32090
2018-07-10,23:32:35,143930,1,143920,143940,1,4016,32090
2018-07-10,23:32:36,143910,1,143930,143940,1,4018,32092
2018-07-10,23:32:38,143910,1,143930,143940,1,4018,32092
2018-07-10,23:32:40,143910,3,143930,143940,1,4018,32092
2018-07-10,23:32:40,143910,3,143940,143950,1,4020,32092
2018-07-10,23:32:41,143920,1,143940,143950,1,4020,32092
2018-07-10,23:32:45,143920,1,143940,143940,1,4020,32092
2018-07-10,23:32:46,143920,1,143940,143940,1,4020,32092
2018-07-10,23:32:51,143920,1,143940,143940,1,4020,32092
2018-07-10,23:32:53,143920,1,143940,143940,1,4020,32092
2018-07-10,23:32:54,143910,1,143920,143940,1,4022,32092
2018-07-10,23:32:58,143910,1,143920,143940,1,4022,32092
2018-07-10,23:32:59,143900,2,143910,143940,1,4024,32092
2018-07-10,23:33:01,143900,2,143910,143920,1,4024,32092
2018-07-10,23:33:02,143900,2,143910,143920,1,4024,32092
2018-07-10,23:33:02,143900,2,143910,143920,1,4024,32092
2018-07-10,23:33:05,143910,2,143910,143920,1,4024,32092
2018-07-10,23:33:06,143910,2,143910,143920,1,4024,32092
2018-07-10,23:33:08,143910,2,143910,143920,1,4024,32092
2018-07-10,23:33:09,143910,2,143920,143930,1,4026,32092
2018-07-10,23:33:09,143920,1,143930,143940,1,4028,32092
2018-07-10,23:33:10,143920,1,143940,143960,2,4030,32092
2018-07-10,23:33:10,143930,1,143940,143960,2,4030,32092
2018-07-10,23:33:11,143930,1,143940,143960,1,4030,32092
2018-07-10,23:33:13,143930,1,143940,143960,1,4030,32092
2018-07-10,23:33:13,143930,1,143940,143960,1,4030,32092
2018-07-10,23:33:14,143930,1,143940,143950,1,4030,32092
2018-07-10,23:33:17,143920,1,143930,143950,1,4032,32094
2018-07-10,23:33:23,143920,1,143930,143950,1,4032,32094
2018-07-10,23:33:25,143910,3,143920,143920,2,4034,32096
2018-07-10,23:33:30,143910,3,143920,143920,2,4034,32096
2018-07-10,23:33:32,143910,3,143920,143920,1,4036,32098
2018-07-10,23:33:33,143920,2,143920,143950,1,4038,32098
2018-07-10,23:33:33,143920,1,143920,143950,1,4038,32098
2018-07-10,23:33:34,143920,1,143940,143950,1,4040,32096
2018-07-10,23:33:34,143920,1,143940,143950,1,4040,32096
2018-07-10,23:33:36,143920,1,143940,143960,1,4040,32096
2018-07-10,23:33:36,143930,1,143940,143960,1,4040,32096
2018-07-10,23:33:39,143920,1,143930,143960,1,4042,32098
2018-07-10,23:33:39,143920,1,143930,143950,1,4042,32098
2018-07-10,23:33:43,143920,1,143930,143950,1,4042,32098
2018-07-10,23:33:43,143920,1,143930,143950,1,4042,32098
2018-07-10,23:33:46,143920,1,143930,143950,1,4042,32098
2018-07-10,23:33:46,143920,1,143930,143950,1,4042,32098
2018-07-10,23:33:47,143910,3,143920,143950,1,4044,32100
2018-07-10,23:33:49,143910,3,143920,143950,1,4044,32100
2018-07-10,23:33:50,143920,1,143920,143950,1,4044,32100
2018-07-10,23:33:53,143920,1,143920,143950,1,4044,32100
2018-07-10,23:33:54,143920,1,143920,143950,1,4044,32100
2018-07-10,23:33:59,143920,1,143920,143950,1,4044,32100
2018-07-10,23:34:00,143920,1,143920,143950,1,4044,32100
2018-07-10,23:34:01,143920,1,143920,143950,1,4044,32100
2018-07-10,23:34:03,143920,1,143920,143950,1,4044,32100
2018-07-10,23:34:04,143920,1,143920,143950,1,4044,32100
2018-07-10,23:34:04,143920,1,143920,143950,1,4044,32100
2018-07-10,23:34:08,143920,1,143920,143950,1,4044,32100
2018-07-10,23:34:09,143920,1,143920,143950,1,4044,32100
2018-07-10,23:34:09,143920,1,143920,143950,1,4044,32100
2018-07-10,23:34:22,143920,1,143920,143950,1,4044,32100
2018-07-10,23:34:23,143920,1,143920,143950,1,4044,32100
2018-07-10,23:34:25,143920,1,143920,143950,1,4044,32100
2018-07-10,23:34:26,143920,1,143920,143950,1,4044,32100
2018-07-10,23:34:28,143920,1,143920,143950,1,4044,32100
2018-07-10,23:34:31,143920,1,143920,143950,1,4044,32100
2018-07-10,23:34:32,143910,3,143920,143950,1,4046,32100
2018-07-10,23:34:38,143910,3,143920,143950,1,4046,32100
2018-07-10,23:34:38,143910,3,143920,143950,1,4046,32100
2018-07-10,23:34:40,143910,1,143920,143950,1,4046,32100
2018-07-10,23:34:40,143910,1,143920,143950,1,4046,32100
2018-07-10,23:34:44,143910,1,143920,143950,1,4046,32100
2018-07-10,23:34:44,143910,1,143920,143950,1,4046,32100
2018-07-10,23:34:46,143910,1,143920,143950,1,4046,32100
2018-07-10,23:34:48,143920,1,143920,143950,1,4046,32100
2018-07-10,23:34:50,143920,1,143920,143950,1,4046,32100
2018-07-10,23:34:52,143920,3,143920,143950,1,4046,32100
2018-07-10,23:34:55,143950,1,143950,143970,1,4048,32100
2018-07-10,23:34:55,143920,3,143950,143950,1,4050,32100
2018-07-10,23:34:56,143920,3,143950,143950,1,4050,32100
2018-07-10,23:35:05,143920,3,143950,143950,1,4050,32100
2018-07-10,23:36:02,143920,3,143950,143950,1,4050,32100
2018-07-10,23:36:02,143920,3,143950,143970,1,4052,32098
2018-07-10,23:36:03,143930,1,143950,143970,1,4052,32098
2018-07-10,23:36:14,143930,1,143950,143970,1,4052,32098
2018-07-10,23:36:14,143930,1,143950,143970,1,4052,32098
2018-07-10,23:36:16,143930,1,143950,143970,1,4052,32098
2018-07-10,23:36:28,143920,3,143930,143930,3,4054,32100
2018-07-10,23:36:28,143920,3,143930,143930,2,4056,32102
2018-07-10,23:36:29,143920,3,143930,143970,1,4060,32102
2018-07-10,23:36:33,143920,3,143930,143960,1,4060,32102
2018-07-10,23:36:38,143920,3,143930,143960,1,4060,32102
2018-07-10,23:36:39,143920,3,143930,143960,1,4060,32102
2018-07-10,23:36:45,143920,3,143930,143960,2,4060,32102
2018-07-10,23:37:10,143950,1,143930,143960,2,4060,32102
2018-07-10,23:37:10,143920,3,143950,143950,2,4062,32104
2018-07-10,23:37:17,143920,3,143940,143950,2,4064,32104
2018-07-10,23:37:18,143920,3,143940,143960,1,4064,32104
2018-07-10,23:37:28,143920,3,143940,143960,1,4064,32104
2018-07-10,23:37:31,143920,3,143940,143970,1,4064,32104
2018-07-10,23:37:35,143930,1,143940,143970,1,4064,32104
2018-07-10,23:37:36,143930,1,143940,143970,1,4064,32104
2018-07-10,23:37:48,143930,2,143940,143970,1,4064,32104
2018-07-10,23:37:49,143930,2,143970,143990,3,4066,32102
2018-07-10,23:37:49,143960,1,143970,143980,1,4066,32102
2018-07-10,23:37:50,143930,2,143960,143980,1,4068,32100
2018-07-10,23:38:00,143940,1,143960,143980,1,4068,32100
2018-07-10,23:38:10,143950,1,143960,143980,1,4068,32100
2018-07-10,23:38:12,143950,1,143960,143980,5,4068,32100
2018-07-10,23:38:13,143940,1,143950,143970,1,4070,32100
2018-07-10,23:38:13,143930,2,143940,143970,1,4072,32102
2018-07-10,23:38:16,143930,2,143980,143980,3,4078,32100
2018-07-10,23:38:17,143940,1,143980,143980,3,4078,32100
2018-07-10,23:38:25,143940,1,143980,143970,1,4078,32100
2018-07-10,23:38:31,143930,2,143940,143970,1,4080,32098
2018-07-10,23:38:41,143930,2,143940,143970,2,4080,32098
2018-07-10,23:38:51,143930,2,143940,143970,3,4080,32098
2018-07-10,23:38:51,143930,2,143940,143960,1,4080,32098
2018-07-10,23:38:53,143930,3,143940,143960,1,4080,32098
2018-07-10,23:38:55,143930,3,143940,143960,1,4080,32098
2018-07-10,23:39:04,143930,3,143940,143960,1,4080,32098
2018-07-10,23:39:04,143930,3,143940,143960,1,4080,32098
2018-07-10,23:39:09,143930,3,143940,143960,1,4080,32098
2018-07-10,23:39:26,143930,3,143940,143960,1,4080,32098
2018-07-10,23:39:37,143930,3,143940,143960,1,4080,32098
2018-07-10,23:39:39,143930,4,143940,143960,1,4080,32098
2018-07-10,23:39:39,143940,1,143940,143970,3,4080,32098
2018-07-10,23:39:46,143920,3,143930,143970,3,4090,32092
2018-07-10,23:39:46,143920,3,143930,143960,1,4090,32092
2018-07-10,23:39:54,143930,5,143930,143960,1,4090,32092
2018-07-10,23:39:55,143920,3,143930,143970,3,4090,32092
2018-07-10,23:39:55,143920,3,143930,143960,1,4090,32092
2018-07-10,23:39:56,143930,5,143930,143960,1,4090,32092
2018-07-10,23:39:57,143920,3,143930,143960,1,4090,32092
2018-07-10,23:39:59,143930,1,143930,143960,1,4090,32092
2018-07-10,23:40:01,143920,3,143930,143960,1,4090,32092
2018-07-10,23:40:02,143930,1,143930,143960,1,4090,32092
2018-07-10,23:40:04,143920,3,143930,143960,1,4090,32092
2018-07-10,23:40:11,143920,3,143930,143960,1,4090,32092
2018-07-10,23:40:12,143960,1,143960,143970,3,4092,32090
2018-07-10,23:40:12,143920,2,143920,143960,4,4096,32090
2018-07-10,23:40:13,143920,3,143920,143960,4,4096,32090
2018-07-10,23:40:14,143920,2,143920,143960,3,4100,32090
2018-07-10,23:40:20,143920,2,143920,143960,2,4100,32090
2018-07-10,23:40:30,143920,2,143920,143950,2,4100,32090
2018-07-10,23:40:30,143920,2,143920,143950,2,4100,32090
2018-07-10,23:40:40,143900,1,143920,143950,2,4104,32092
2018-07-10,23:40:40,143900,1,143920,143940,1,4104,32092
2018-07-10,23:40:42,143900,1,143920,143940,1,4104,32092
2018-07-10,23:40:56,143900,1,143920,143940,1,4104,32092
2018-07-10,23:40:57,143900,1,143920,143940,1,4104,32092
2018-07-10,23:40:58,143900,1,143920,143940,1,4104,32092
2018-07-10,23:41:02,143900,1,143920,143940,1,4104,32092
2018-07-10,23:41:03,143870,1,143900,143900,1,4106,32092
2018-07-10,23:41:04,143900,1,143940,143950,1,4110,32090
2018-07-10,23:41:04,143910,1,143940,143950,1,4110,32090
2018-07-10,23:41:11,143910,1,143940,143940,1,4110,32090
2018-07-10,23:41:12,143900,1,143910,143910,1,4112,32088
2018-07-10,23:41:13,143900,1,143910,143940,1,4116,32090
2018-07-10,23:41:27,143900,3,143910,143940,1,4116,32090
2018-07-10,23:41:29,143900,3,143910,143930,1,4116,32090
2018-07-10,23:41:30,143900,3,143910,143930,1,4116,32090
2018-07-10,23:41:30,143900,3,143910,143930,1,4116,32090
2018-07-10,23:41:32,143900,3,143910,143930,1,4116,32090
2018-07-10,23:41:42,143900,3,143910,143930,1,4116,32090
2018-07-10,23:41:52,143900,3,143910,143930,1,4116,32090
2018-07-10,23:42:07,143900,3,143910,143950,1,4116,32090
2018-07-10,23:42:07,143910,1,143910,143950,1,4116,32090
2018-07-10,23:42:12,143910,2,143910,143950,1,4116,32090
2018-07-10,23:42:18,143900,3,143910,143950,1,4120,32090
2018-07-10,23:42:19,143900,3,143910,143940,1,4120,32090
2018-07-10,23:42:19,143900,3,143910,143940,1,4120,32090
2018-07-10,23:42:21,143900,3,143910,143930,1,4120,32090
2018-07-10,23:42:24,143900,3,143910,143930,2,4120,32090
2018-07-10,23:42:31,143900,2,143900,143930,2,4122,32092
2018-07-10,23:42:33,143900,3,143900,143930,2,4122,32092
2018-07-10,23:42:38,143900,3,143900,143920,1,4122,32092
2018-07-10,23:42:38,143920,1,143920,143930,1,4124,32090
2018-07-10,23:42:39,143900,3,143920,143930,1,4126,32088
2018-07-10,23:42:39,143900,4,143920,143930,1,4126,32088
2018-07-10,23:42:51,143900,2,143900,143930,1,4130,32084
2018-07-10,23:42:52,143900,2,143900,143930,1,4130,32084
2018-07-10,23:42:57,143910,1,143900,143930,1,4130,32084
2018-07-10,23:42:58,143910,1,143900,143930,1,4130,32084
2018-07-10,23:42:58,143910,2,143900,143930,1,4130,32084
2018-07-10,23:43:02,143910,3,143900,143930,1,4130,32084
2018-07-10,23:43:03,143910,3,143930,143940,1,4132,32086
2018-07-10,23:43:03,143910,3,143930,143950,1,4132,32086
2018-07-10,23:43:12,143910,3,143930,143950,1,4132,32086
2018-07-10,23:43:24,143920,1,143930,143950,1,4132,32086
2018-07-10,23:43:24,143920,1,143930,143950,1,4132,32086
2018-07-10,23:43:25,143920,2,143930,143950,1,4132,32086
2018-07-10,23:43:30,143920,2,143930,143950,1,4132,32086
2018-07-10,23:43:33,143920,2,143930,143950,1,4132,32086
2018-07-10,23:43:34,143920,2,143930,143950,2,4132,32086
2018-07-10,23:43:35,143920,2,143930,143940,1,4132,32086
2018-07-10,23:43:47,143920,2,143930,143940,1,4132,32086
2018-07-10,23:43:48,143920,2,143930,143940,2,4132,32086
2018-07-10,23:43:48,143920,1,143920,143940,2,4134,32086
2018-07-10,23:43:49,143910,1,143920,143920,2,4136,32086
2018-07-10,23:43:49,143870,3,143910,143920,2,4138,32086
2018-07-10,23:43:50,143870,3,143910,143910,1,4138,32086
2018-07-10,23:43:50,143870,3,143910,143910,1,4138,32086
2018-07-10,23:43:57,143870,3,143910,143910,1,4138,32086
2018-07-10,23:43:57,143870,3,143910,143910,1,4138,32086
2018-07-10,23:43:58,143870,3,143910,143910,1,4138,32086
2018-07-10,23:44:01,143870,3,143910,143910,1,4138,32086
2018-07-10,23:44:02,143870,3,143910,143900,1,4138,32086
2018-07-10,23:44:10,143870,1,143870,143900,1,4142,32082
2018-07-10,23:44:11,143860,2,143870,143910,1,4144,32082
2018-07-10,23:44:12,143900,1,143870,143910,1,4144,32082
2018-07-10,23:44:13,143860,2,143900,143900,2,4148,32084
2018-07-10,23:44:20,143860,2,143900,143900,2,4148,32084
2018-07-10,23:44:21,143860,2,143900,143910,1,4148,32084
2018-07-10,23:44:23,143870,1,143900,143910,1,4148,32084
2018-07-10,23:44:25,143870,1,143900,143910,1,4148,32084
2018-07-10,23:44:28,143880,1,143900,143910,1,4148,32084
2018-07-10,23:44:31,143880,2,143900,143910,1,4148,32084
2018-07-10,23:44:31,143880,2,143900,143910,1,4148,32084
2018-07-10,23:44:40,143880,2,143900,143910,1,4148,32084
2018-07-10,23:44:41,143880,2,143900,143910,1,4148,32084
2018-07-10,23:44:51,143880,1,143900,143910,1,4148,32084
2018-07-10,23:44:54,143890,1,143900,143910,1,4148,32084
2018-07-10,23:44:55,143890,1,143900,143940,3,4148,32084
2018-07-10,23:44:55,143890,1,143900,143930,1,4148,32084
2018-07-10,23:45:11,143890,1,143900,143930,1,4148,32084
2018-07-10,23:45:11,143930,1,143930,143940,3,4150,32084
2018-07-10,23:45:12,143880,1,143890,143930,2,4154,32082
2018-07-10,23:45:12,143890,1,143890,143930,2,4154,32082
2018-07-10,23:45:13,143890,1,143890,143920,1,4154,32082
2018-07-10,23:45:18,143890,1,143890,143920,1,4154,32082
2018-07-10,23:45:19,143890,1,143890,143920,1,4154,32082
2018-07-10,23:45:20,143890,1,143890,143920,1,4154,32082
2018-07-10,23:45:25,143890,1,143890,143920,1,4154,32082
2018-07-10,23:45:30,143890,1,143890,143920,1,4154,32082
2018-07-10,23:45:37,143890,1,143890,143920,1,4154,32082
2018-07-10,23:45:42,143880,1,143890,143920,1,4156,32080
2018-07-10,23:45:46,143860,2,143890,143920,1,4156,32080
2018-07-10,23:45:47,143870,1,143890,143910,1,4156,32080
2018-07-10,23:45:47,143870,1,143890,143920,1,4156,32080
2018-07-10,23:45:55,143870,1,143890,143920,1,4156,32080
2018-07-10,23:46:03,143870,1,143890,143920,1,4156,32080
2018-07-10,23:46:03,143870,1,143890,143920,1,4156,32080
2018-07-10,23:46:08,143870,1,143890,143910,1,4156,32080
2018-07-10,23:46:26,143880,1,143890,143910,1,4156,32080
2018-07-10,23:46:29,143880,1,143890,143910,1,4156,32080
2018-07-10,23:46:36,143880,1,143890,143910,1,4156,32080
2018-07-10,23:46:37,143880,1,143890,143910,1,4156,32080
2018-07-10,23:46:37,143880,1,143890,143910,1,4156,32080
2018-07-10,23:46:43,143880,1,143890,143910,1,4156,32080
2018-07-10,23:46:47,143880,1,143890,143910,1,4156,32080
2018-07-10,23:46:53,143880,1,143890,143910,1,4156,32080
2018-07-10,23:46:53,143880,1,143910,143920,1,4158,32078
2018-07-10,23:47:09,143880,1,143910,143920,1,4158,32078
2018-07-10,23:47:11,143880,1,143910,143910,1,4158,32078
2018-07-10,23:47:14,143880,1,143910,143910,1,4158,32078
2018-07-10,23:47:35,143870,1,143910,143910,1,4158,32078
2018-07-10,23:47:53,143870,1,143910,143910,3,4160,32080
2018-07-10,23:47:53,143900,1,143910,143910,3,4160,32080
2018-07-10,23:47:54,143870,1,143900,143900,2,4162,32078
2018-07-10,23:47:55,143870,1,143900,143900,2,4162,32078
2018-07-10,23:47:58,143870,1,143900,143900,2,4162,32078
2018-07-10,23:48:00,143870,1,143900,143900,2,4162,32078
2018-07-10,23:48:02,143870,1,143900,143920,2,4162,32078
2018-07-10,23:48:02,143870,1,143900,143910,1,4162,32078
2018-07-10,23:48:21,143870,1,143900,143900,1,4162,32078
2018-07-10,23:48:42,143860,2,143870,143900,1,4164,32076
2018-07-10,23:48:43,143890,1,143870,143900,1,4164,32076
2018-07-10,23:48:43,143860,2,143890,143890,2,4166,32074
2018-07-10,23:48:44,143860,2,143890,143890,2,4166,32074
2018-07-10,23:48:50,143860,2,143910,143910,2,4174,32074
2018-07-10,23:48:50,143870,1,143910,143910,2,4174,32074
2018-07-10,23:48:57,143880,1,143910,143910,2,4174,32074
2018-07-10,23:49:00,143880,1,143910,143920,2,4174,32074
2018-07-10,23:49:13,143880,1,143910,143920,2,4174,32074
2018-07-10,23:49:31,143880,1,143910,143920,2,4174,32074
2018-07-10,23:49:33,143880,1,143910,143910,1,4174,32074
2018-07-10,23:49:35,143880,1,143910,143910,1,4174,32074
2018-07-10,23:49:50,143900,1,143910,143910,1,4174,32074
2018-07-10,23:49:50,143880,1,143900,143910,1,4176,32074
2018-07-10,23:49:59,143880,1,143900,143910,1,4176,32074
2018-07-10,23:50:04,143880,1,143900,143910,1,4176,32074
2018-07-10,23:50:07,143890,1,143900,143910,1,4176,32074
2018-07-10,23:50:08,143890,1,143910,143920,2,4178,32074
2018-07-10,23:50:25,143890,1,143920,143920,1,4180,32072
2018-07-10,23:50:28,143890,1,143920,143920,1,4180,32072
2018-07-10,23:50:32,143890,1,143920,143910,1,4180,32072
2018-07-10,23:50:35,143890,1,143920,143910,1,4180,32072
2018-07-10,23:50:44,143870,1,143890,143890,4,4182,32072
2018-07-10,23:50:45,143860,1,143890,143890,4,4182,32072
2018-07-10,23:51:11,143860,1,143890,143890,4,4182,32072
2018-07-10,23:51:12,143860,1,143890,143890,5,4182,32072
2018-07-10,23:51:12,143860,1,143890,143890,5,4182,32072
2018-07-10,23:51:20,143860,2,143890,143890,5,4182,32072
2018-07-10,23:51:30,143860,2,143890,143910,1,4192,32080
2018-07-10,23:51:30,143870,1,143890,143910,1,4192,32080
2018-07-10,23:51:34,143870,1,143890,143900,1,4192,32080
2018-07-10,23:51:40,143870,1,143890,143900,1,4192,32080
2018-07-10,23:51:45,143870,1,143890,143910,1,4192,32080
2018-07-10,23:51:52,143870,1,143890,143910,1,4192,32080
2018-07-10,23:51:57,143870,1,143890,143910,1,4192,32080
2018-07-10,23:52:02,143870,1,143890,143910,1,4192,32080
2018-07-10,23:52:19,143870,1,143890,143900,1,4192,32080
2018-07-10,23:52:41,143870,1,143890,143900,2,4192,32080
2018-07-10,23:52:41,143890,1,143890,143900,2,4192,32080
2018-07-10,23:52:42,143870,1,143890,143900,2,4194,32078
2018-07-10,23:53:04,143870,1,143890,143900,2,4194,32078
2018-07-10,23:53:14,143870,1,143890,143900,3,4194,32078
2018-07-10,23:53:15,143860,1,143890,143900,3,4194,32078
2018-07-10,23:53:15,143860,1,143890,143890,1,4194,32078
2018-07-10,23:53:21,143860,1,143890,143890,2,4194,32078
2018-07-10,23:53:26,143860,1,143890,143890,1,4196,32078
2018-07-10,23:53:28,143850,10,143890,143890,1,4196,32078
2018-07-10,23:53:29,143860,1,143890,143890,1,4196,32078
2018-07-10,23:53:32,143860,2,143890,143890,1,4196,32078
2018-07-10,23:53:34,143860,2,143890,143900,2,4196,32078
2018-07-10,23:53:47,143850,10,143860,143860,7,4200,32074
2018-07-10,23:53:48,143860,4,143860,143900,2,4202,32072
2018-07-10,23:54:25,143860,2,143860,143900,2,4206,32072
2018-07-10,23:54:25,143860,2,143860,143890,1,4206,32072
2018-07-10,23:54:30,143860,1,143860,143890,1,4206,32072
2018-07-10,23:54:34,143860,1,143860,143880,1,4206,32072
2018-07-10,23:54:36,143860,1,143880,143890,1,4208,32072
2018-07-10,23:54:51,143860,1,143880,143890,1,4208,32072
2018-07-10,23:55:00,143860,1,143880,143890,1,4208,32072
2018-07-10,23:55:04,143860,1,143890,143900,2,4210,32074
2018-07-10,23:55:05,143870,1,143890,143900,2,4210,32074
2018-07-10,23:55:05,143870,1,143890,143900,1,4210,32074
2018-07-10,23:55:06,143870,1,143890,143900,1,4210,32074
2018-07-10,23:55:33,143870,1,143890,143900,1,4210,32074
2018-07-10,23:55:33,143870,1,143900,143940,2,4212,32072
2018-07-10,23:55:34,143880,1,143900,143930,1,4212,32072
2018-07-10,23:55:43,143880,1,143900,143930,1,4212,32072
2018-07-10,23:55:52,143880,1,143900,143920,1,4212,32072
2018-07-10,23:55:53,143870,1,143900,143920,1,4212,32072
2018-07-10,23:56:48,143870,1,143900,143920,1,4212,32072
2018-07-10,23:56:52,143870,1,143900,143920,1,4212,32072
2018-07-10,23:56:52,143870,1,143900,143920,1,4212,32072
2018-07-10,23:56:57,143870,18,143900,143920,1,4212,32072
2018-07-10,23:56:58,143880,1,143900,143920,1,4212,32072
2018-07-10,23:56:58,143880,2,143900,143920,1,4212,32072
2018-07-10,23:56:59,143880,2,143900,143930,1,4212,32072
2018-07-10,23:57:01,143880,19,143900,143930,1,4212,32072
2018-07-10,23:57:01,143890,1,143900,143940,2,4212,32072
2018-07-10,23:57:02,143890,2,143900,143940,2,4212,32072
2018-07-10,23:57:04,143890,19,143900,143940,2,4212,32072
2018-07-10,23:57:04,143890,19,143900,143940,2,4212,32072
2018-07-10,23:57:05,143890,19,143900,143940,2,4212,32072
2018-07-10,23:57:05,143890,19,143900,143940,2,4212,32072
2018-07-10,23:57:07,143900,1,143900,143940,2,4212,32072
2018-07-10,23:57:20,143890,2,143900,143940,2,4212,32072
2018-07-10,23:57:22,143890,19,143900,143940,2,4212,32072
2018-07-10,23:57:22,143890,19,143900,143940,2,4212,32072
2018-07-10,23:57:23,143900,1,143900,143940,2,4212,32072
2018-07-10,23:57:26,143900,1,143900,143930,1,4212,32072
2018-07-10,23:57:32,143900,1,143900,143930,1,4212,32072
2018-07-10,23:57:39,143890,2,143900,143930,1,4212,32072
2018-07-10,23:57:39,143920,1,143900,143930,1,4212,32072
2018-07-10,23:57:40,143890,1,143890,143930,2,4216,32070
2018-07-10,23:57:40,143880,2,143890,143930,2,4216,32070
2018-07-10,23:57:41,143880,2,143890,143920,1,4216,32070
2018-07-10,23:57:41,143880,2,143890,143920,2,4216,32070
2018-07-10,23:57:49,143900,1,143890,143920,2,4216,32070
2018-07-10,23:57:50,143880,1,143880,143920,1,4222,32070
2018-07-10,23:57:52,143880,1,143880,143920,1,4222,32070
2018-07-10,23:57:55,143890,1,143880,143920,1,4222,32070
2018-07-10,23:57:56,143880,1,143890,143930,1,4226,32072
2018-07-10,23:57:56,143890,1,143890,143930,1,4226,32072
2018-07-10,23:57:57,143880,1,143890,143940,2,4230,32068
2018-07-10,23:57:57,143880,1,143890,143930,1,4230,32068
2018-07-10,23:58:02,143890,1,143890,143930,1,4230,32068
2018-07-10,23:58:03,143880,1,143890,143940,2,4234,32064
2018-07-10,23:58:03,143880,1,143890,143930,1,4234,32064
2018-07-10,23:58:07,143880,1,143890,143930,2,4234,32064
2018-07-10,23:58:09,143880,1,143890,143920,1,4234,32064
2018-07-10,23:58:17,143880,1,143890,143900,1,4234,32064
2018-07-10,23:58:19,143880,1,143890,143900,1,4234,32064
2018-07-10,23:58:24,143880,1,143890,143900,1,4234,32064
2018-07-10,23:58:24,143900,1,143900,143930,2,4236,32064
2018-07-10,23:58:25,143880,1,143900,143930,1,4240,32064
2018-07-10,23:58:25,143890,1,143900,143930,1,4240,32064
2018-07-10,23:58:26,143880,2,143890,143940,2,4244,32064
2018-07-10,23:58:26,143890,1,143890,143940,2,4244,32064
2018-07-10,23:58:35,143890,1,143890,143940,2,4244,32064
2018-07-10,23:58:40,143880,2,143890,143890,1,4246,32064
2018-07-10,23:58:40,143890,2,143890,143940,2,4248,32062
2018-07-10,23:58:41,143890,2,143890,143930,1,4248,32062
2018-07-10,23:58:41,143890,2,143890,143930,2,4248,32062
2018-07-10,23:58:48,143880,2,143890,143930,2,4248,32062
2018-07-10,23:58:49,143880,2,143890,143920,1,4248,32062
2018-07-10,23:59:06,143880,2,143890,143910,1,4248,32062
2018-07-10,23:59:17,143880,3,143890,143910,1,4248,32062
2018-07-10,23:59:20,143880,3,143890,143910,1,4248,32062
2018-07-10,23:59:29,143880,3,143890,143910,1,4248,32062
2018-07-10,23:59:29,143880,3,143890,143910,1,4248,32062
2018-07-10,23:59:30,143880,4,143890,143910,1,4248,32062
2018-07-10,23:59:34,143880,5,143890,143910,1,4248,32062
2018-07-10,23:59:46,143880,4,143890,143910,1,4248,32062
2018-07-10,23:59:51,143880,4,143890,143910,1,4248,32062
2018-07-10,00:00:07,143890,1,143890,143910,1,4248,32062
2018-07-10,00:00:08,143890,2,143890,143910,1,4248,32062
2018-07-10,00:00:14,143890,3,143890,143910,1,4248,32062
2018-07-10,00:00:14,143890,3,143910,143920,1,4250,32062
2018-07-10,00:00:15,143890,3,143910,143930,2,4250,32062
2018-07-10,00:00:16,143890,3,143910,143930,2,4250,32062
2018-07-10,00:00:39,143890,3,143930,143930,1,4252,32062
2018-07-10,00:00:40,143900,1,143930,143930,1,4252,32062
2018-07-10,00:00:40,143890,3,143900,143940,1,4256,32064
2018-07-10,00:00:41,143900,1,143900,143940,1,4256,32064
2018-07-10,00:00:41,143890,3,143900,143960,1,4260,32062
2018-07-10,00:00:42,143890,3,143900,143950,1,4260,32062
2018-07-10,00:00:42,143890,3,143900,143940,1,4260,32062
2018-07-10,00:00:46,143890,3,143900,143940,1,4260,32062
2018-07-10,00:00:50,143910,1,143900,143940,1,4260,32062
2018-07-10,00:00:51,143910,1,143910,143950,1,4262,32062
2018-07-10,00:00:51,143950,1,143950,143960,1,4266,32060
2018-07-10,00:00:52,143910,1,143940,143950,2,4270,32058
2018-07-10,00:00:52,143910,1,143940,143950,2,4274,32054
2018-07-10,00:00:53,143900,1,143910,143950,1,4278,32054
2018-07-10,00:00:53,143900,1,143910,143940,1,4278,32054
2018-07-10,00:00:54,143900,2,143910,143940,1,4278,32054
2018-07-10,00:01:00,143900,2,143910,143940,1,4278,32054
2018-07-10,00:01:00,143900,2,143910,143940,1,4278,32054
2018-07-10,00:01:02,143940,9,143940,143960,2,4280,32054
2018-07-10,00:01:05,143940,8,143940,143960,2,4282,32052
2018-07-10,00:01:06,143940,8,143960,143960,1,4284,32050
2018-07-10,00:01:06,143940,8,143960,143970,2,4286,32048
2018-07-10,00:01:07,143940,8,143960,143970,2,4286,32048
2018-07-10,00:01:07,143940,8,143960,143970,2,4286,32048
2018-07-10,00:01:09,143940,8,143960,143970,2,4286,32048
2018-07-10,00:01:10,143940,8,143960,143970,2,4286,32048
2018-07-10,00:01:15,143940,8,143960,143970,2,4286,32048
2018-07-10,00:01:17,143940,8,143960,143970,3,4286,32048
2018-07-10,00:01:21,143940,8,143960,143970,4,4286,32048
2018-07-10,00:01:22,143940,8,143960,143960,1,4286,32048
2018-07-10,00:01:25,143940,6,143940,143960,1,4290,32044
2018-07-10,00:01:26,143900,3,143940,143940,1,4322,32054
2018-07-10,00:01:26,143900,3,143940,143920,4,4322,32054
2018-07-10,00:01:27,143900,3,143930,143940,1,4324,32054
2018-07-10,00:01:27,143910,1,143930,143940,1,4324,32054
2018-07-10,00:01:31,143910,1,143930,143940,1,4324,32054
2018-07-10,00:01:33,143910,1,143930,143940,1,4324,32054
2018-07-10,00:01:34,143910,1,143930,143950,1,4324,32054
2018-07-10,00:01:37,143920,1,143930,143950,1,4324,32054
2018-07-10,00:01:42,143920,2,143930,143950,1,4324,32054
2018-07-10,00:01:51,143920,1,143930,143950,1,4324,32054
2018-07-10,00:01:52,143920,1,143930,143950,1,4324,32054
2018-07-10,00:02:18,143920,1,143930,143950,1,4324,32054
2018-07-10,00:02:19,143920,1,143950,143950,1,4326,32052
2018-07-10,00:02:54,143920,1,143950,143950,1,4326,32052
2018-07-10,00:03:06,143920,1,143950,143950,1,4326,32052
2018-07-10,00:03:29,143920,1,143950,143950,1,4326,32052
2018-07-10,00:03:29,143920,1,143950,143930,1,4326,32052
2018-07-10,00:03:30,143920,1,143950,143930,1,4326,32052
2018-07-10,00:03:30,143920,1,143950,143930,1,4326,32052
2018-07-10,00:03:33,143920,1,143950,143930,1,4326,32052
2018-07-10,00:03:36,143920,1,143950,143930,2,4326,32052
2018-07-10,00:03:37,143910,1,143920,143930,2,4328,32054
2018-07-10,00:03:38,143910,1,143920,143930,1,4328,32054
2018-07-10,00:03:40,143910,1,143920,143930,1,4328,32054
2018-07-10,00:03:47,143910,1,143920,143940,1,4328,32054
2018-07-10,00:03:56,143910,21,143920,143940,1,4328,32054
2018-07-10,00:03:56,143920,1,143920,143940,1,4328,32054
2018-07-10,00:03:57,143920,2,143920,143940,1,4328,32054
2018-07-10,00:03:57,143920,2,143920,143940,1,4328,32054
2018-07-10,00:03:58,143940,1,143940,143950,2,4330,32054
2018-07-10,00:03:58,143940,1,143940,143950,2,4332,32054
2018-07-10,00:03:59,143920,1,143940,143950,2,4334,32054
2018-07-10,00:04:06,143920,21,143940,143950,2,4334,32054
2018-07-10,00:04:06,143930,2,143950,143960,1,4338,32052
2018-07-10,00:04:07,143930,2,143960,143970,4,4340,32052
2018-07-10,00:04:08,143930,2,143960,143960,1,4340,32052
2018-07-10,00:04:10,143930,2,143960,143960,2,4340,32052
2018-07-10,00:04:25,143930,2,143960,143960,2,4340,32052
2018-07-10,00:04:35,143930,2,143960,143960,2,4340,32052
2018-07-10,00:04:36,143930,1,143960,143960,2,4340,32052
2018-07-10,00:04:36,143920,1,143960,143960,2,4340,32052
2018-07-10,00:04:37,143910,1,143960,143950,1,4340,32052
2018-07-10,00:04:40,143910,1,143960,143950,2,4340,32052
2018-07-10,00:04:47,143910,2,143960,143950,2,4340,32052
2018-07-10,00:04:48,143910,2,143960,143950,2,4340,32052
2018-07-10,00:04:52,143910,2,143950,143950,1,4342,32054
2018-07-10,00:04:52,143920,1,143950,143950,1,4342,32054
2018-07-10,00:04:56,143920,1,143950,143970,4,4344,32056
2018-07-10,00:05:01,143920,1,143950,143970,4,4344,32056
2018-07-10,00:05:01,143920,1,143950,143970,4,4344,32056
2018-07-10,00:05:02,143920,1,143950,143970,4,4344,32056
2018-07-10,00:05:19,143920,1,143970,143970,3,4346,32056
2018-07-10,00:05:19,143960,1,143970,143970,3,4346,32056
2018-07-10,00:05:20,143920,1,143960,143970,3,4348,32056
2018-07-10,00:05:24,143920,1,143970,143990,3,4354,32062
2018-07-10,00:05:25,143950,1,143970,143980,1,4354,32062
2018-07-10,00:05:28,143950,1,143980,143990,3,4356,32064
2018-07-10,00:05:35,143950,1,143980,143990,3,4356,32064
2018-07-10,00:05:41,143950,1,143980,143990,3,4356,32064
2018-07-10,00:05:41,143970,1,143980,143990,3,4356,32064
2018-07-10,00:05:42,143930,2,143970,143990,3,4358,32062
2018-07-10,00:05:42,143940,1,143970,143980,1,4358,32062
2018-07-10,00:05:43,143940,1,143970,143990,3,4358,32062
2018-07-10,00:05:48,143940,1,143970,143990,6,4358,32062
2018-07-10,00:05:52,143940,1,143970,143990,6,4358,32062
2018-07-10,00:05:53,143940,1,143970,143980,1,4358,32062
2018-07-10,00:05:55,143950,1,143970,143980,1,4358,32062
2018-07-10,00:06:09,143950,1,143970,143980,1,4358,32062
2018-07-10,00:06:19,143940,1,143950,143980,1,4360,32060
2018-07-10,00:06:33,143930,2,143940,143980,1,4362,32060
2018-07-10,00:06:34,143930,1,143940,143970,1,4362,32060
2018-07-10,00:06:35,143910,1,143940,143970,1,4362,32060
2018-07-10,00:06:35,143920,1,143940,143960,1,4362,32060
2018-07-10,00:06:36,143920,1,143940,143970,1,4362,32060
2018-07-10,00:06:42,143920,1,143940,143970,1,4362,32060
2018-07-10,00:06:48,143920,1,143940,143970,2,4362,32060
2018-07-10,00:06:48,143920,1,143940,143960,1,4362,32060
2018-07-10,00:06:51,143920,1,143940,143960,2,4362,32060
2018-07-10,00:06:59,143920,1,143940,143960,2,4362,32060
2018-07-10,00:07:02,143920,1,143940,143960,2,4362,32060
2018-07-10,00:07:04,143920,1,143940,143950,1,4362,32060
2018-07-10,00:07:04,143920,1,143940,143950,1,4362,32060
2018-07-10,00:07:05,143920,1,143940,143950,1,4362,32060
2018-07-10,00:07:15,143920,1,143940,143950,1,4362,32060
2018-07-10,00:07:45,143920,1,143940,143960,1,4362,32060
2018-07-10,00:07:45,143920,1,143960,143970,1,4364,32060
2018-07-10,00:07:46,143920,1,143960,143970,1,4364,32060
2018-07-10,00:07:52,143920,1,143960,143990,6,4364,32060
2018-07-10,00:07:53,143930,1,143960,143990,6,4364,32060
2018-07-10,00:07:53,143940,1,143960,143990,6,4364,32060
2018-07-10,00:08:00,143940,1,143960,143990,6,4364,32060
2018-07-10,00:08:02,143940,1,143960,143980,1,4364,32060
2018-07-10,00:08:02,143950,1,143960,143980,1,4364,32060
2018-07-10,00:08:04,143950,1,143960,143990,6,4364,32060
2018-07-10,00:08:08,143950,1,143960,143980,1,4364,32060
2018-07-10,00:08:14,143950,1,143960,143980,1,4364,32060
2018-07-10,00:08:17,143950,1,143960,143980,1,4364,32060
2018-07-10,00:08:26,143940,1,143960,143980,1,4364,32060
2018-07-10,00:08:26,143930,1,143960,143980,1,4364,32060
2018-07-10,00:08:31,143940,1,143960,143980,1,4364,32060
2018-07-10,00:08:42,143940,1,143960,143980,1,4364,32060
2018-07-10,00:08:44,143940,1,143960,143980,1,4364,32060
2018-07-10,00:08:51,143940,1,143960,143980,1,4364,32060
2018-07-10,00:08:52,143940,1,143960,143980,1,4364,32060
2018-07-10,00:08:53,143930,1,143960,143980,1,4364,32060
2018-07-10,00:08:53,143940,1,143960,143980,1,4364,32060
2018-07-10,00:09:16,143940,1,143960,143980,2,4364,32060
2018-07-10,00:09:25,143940,1,143960,143960,1,4364,32060
2018-07-10,00:09:25,143920,1,143960,143960,1,4364,32060
2018-07-10,00:09:33,143920,1,143960,143960,1,4364,32060
2018-07-10,00:09:58,143920,2,143960,143960,1,4364,32060
2018-07-10,00:09:59,143930,1,143960,143960,1,4364,32060
2018-07-10,00:10:08,143930,1,143960,143950,2,4364,32060
2018-07-10,00:10:09,143940,1,143960,143950,2,4364,32060
2018-07-10,00:10:13,143920,2,143940,143950,2,4366,32058
2018-07-10,00:10:14,143920,1,143940,143950,2,4366,32058
2018-07-10,00:10:16,143920,1,143940,143950,2,4366,32058
2018-07-10,00:10:24,143920,1,143940,143950,2,4366,32058
2018-07-10,00:10:38,143920,1,143940,143950,3,4366,32058
2018-07-10,00:10:39,143910,2,143920,143950,3,4368,32056
2018-07-10,00:10:40,143910,2,143920,143920,1,4368,32056
2018-07-10,00:10:41,143910,2,143920,143950,3,4370,32054
2018-07-10,00:10:42,143910,2,143920,143950,3,4370,32054
2018-07-10,00:10:44,143910,2,143920,143950,3,4370,32054
2018-07-10,00:10:45,143910,2,143920,143950,3,4370,32054
2018-07-10,00:10:46,143910,2,143950,143950,2,4372,32054
2018-07-10,00:10:46,143920,1,143950,143950,2,4372,32054
2018-07-10,00:10:47,143920,1,143950,143950,2,4372,32054
2018-07-10,00:10:50,143920,1,143950,143940,1,4372,32054
2018-07-10,00:10:59,143910,2,143920,143920,9,4374,32052
2018-07-10,00:11:00,143900,2,143910,143910,1,4386,32050
2018-07-10,00:11:03,143900,2,143910,143910,1,4386,32050
2018-07-10,00:11:03,143900,2,143910,143910,1,4386,32050
2018-07-10,00:11:06,143900,2,143910,143910,1,4386,32050
2018-07-10,00:11:08,143900,2,143910,143920,9,4386,32050
2018-07-10,00:11:11,143900,2,143910,143910,1,4386,32050
2018-07-10,00:11:21,143900,2,143910,143910,2,4386,32050
2018-07-10,00:11:23,143900,2,143910,143910,2,4386,32050
2018-07-10,00:11:25,143900,2,143910,143910,2,4386,32050
2018-07-10,00:11:26,143900,1,143900,143910,2,4388,32050
2018-07-10,00:11:26,143890,2,143900,143910,2,4390,32052
2018-07-10,00:11:28,143890,2,143900,143900,1,4390,32052
2018-07-10,00:11:28,143890,2,143900,143900,1,4390,32052
2018-07-10,00:11:31,143890,2,143900,143910,2,4390,32052
2018-07-10,00:11:31,143890,2,143900,143900,1,4390,32052
2018-07-10,00:11:34,143890,2,143900,143910,2,4390,32052
2018-07-10,00:11:38,143890,2,143900,143910,2,4390,32052
2018-07-10,00:11:41,143890,2,143900,143910,2,4390,32052
2018-07-10,00:11:46,143890,2,143900,143910,2,4390,32052
2018-07-10,00:11:52,143890,2,143900,143910,1,4390,32052
2018-07-10,00:11:54,143890,2,143900,143910,1,4390,32052
2018-07-10,00:12:10,143890,2,143910,143940,1,4392,32050
2018-07-10,00:12:10,143900,1,143910,143940,1,4392,32050
2018-07-10,00:12:13,143890,2,143900,143940,1,4394,32048
2018-07-10,00:12:13,143900,1,143900,143940,1,4394,32048
2018-07-10,00:12:19,143890,2,143900,143940,1,4396,32050
2018-07-10,00:12:20,143890,2,143900,143930,1,4396,32050
2018-07-10,00:12:32,143890,2,143900,143930,2,4396,32050
2018-07-10,00:12:33,143890,2,143900,143920,1,4396,32050
2018-07-10,00:12:37,143890,2,143900,143920,1,4396,32050
2018-07-10,00:12:47,143890,2,143900,143920,1,4396,32050
2018-07-10,00:12:47,143910,1,143900,143920,1,4396,32050
2018-07-10,00:12:48,143890,2,143910,143930,1,4398,32050
2018-07-10,00:12:53,143890,2,143910,143920,5,4398,32050
2018-07-10,00:12:55,143890,2,143910,143920,5,4398,32050
2018-07-10,00:13:25,143890,1,143910,143920,5,4398,32050
2018-07-10,00:13:31,143890,1,143920,143920,4,4400,32048
2018-07-10,00:13:35,143890,1,143920,143920,4,4400,32048
2018-07-10,00:13:37,143890,1,143920,143920,4,4400,32048
2018-07-10,00:13:37,143880,1,143890,143920,4,4402,32046
2018-07-10,00:13:40,143880,1,143890,143920,4,4402,32046
2018-07-10,00:13:41,143880,1,143890,143920,4,4402,32046
2018-07-10,00:13:45,143880,1,143890,143920,4,4402,32046
2018-07-10,00:13:47,143880,1,143890,143920,4,4402,32046
2018-07-10,00:13:50,143880,1,143890,143920,124,4402,32046
2018-07-10,00:13:51,143860,1,143880,143910,1,4404,32044
2018-07-10,00:13:51,143860,1,143880,143910,2,4404,32044
2018-07-10,00:13:52,143860,1,143880,143900,1,4404,32044
2018-07-10,00:13:55,143870,2,143880,143900,1,4404,32044
2018-07-10,00:13:57,143870,2,143880,143900,1,4404,32044
2018-07-10,00:13:59,143880,2,143880,143900,1,4404,32044
2018-07-10,00:13:59,143900,2,143880,143910,3,4404,32044
2018-07-10,00:14:00,143900,2,143880,143920,4,4404,32044
2018-07-10,00:14:03,143900,2,143880,143920,124,4404,32044
2018-07-10,00:14:03,143880,2,143900,143920,96,4472,32058
2018-07-10,00:14:04,143880,2,143890,143930,1,4480,32064
2018-07-10,00:14:04,143890,1,143890,143940,2,4480,32064
2018-07-10,00:14:05,143890,1,143890,143940,2,4480,32064
2018-07-10,00:14:05,143890,1,143890,143940,2,4480,32064
2018-07-10,00:14:06,143910,1,143890,143940,2,4480,32064
2018-07-10,00:14:06,143910,1,143890,143940,2,4480,32064
2018-07-10,00:14:25,143890,1,143910,143910,8,4482,32064
2018-07-10,00:14:26,143890,1,143910,143910,4,4490,32056
2018-07-10,00:14:27,143890,1,143910,143910,3,4492,32054
2018-07-10,00:14:27,143890,1,143910,143940,2,4492,32054
2018-07-10,00:14:28,143890,1,143910,143930,1,4492,32054
2018-07-10,00:14:30,143890,1,143930,143940,2,4494,32052
2018-07-10,00:14:31,143890,1,143930,143930,1,4494,32052
2018-07-10,00:14:34,143890,1,143930,143930,1,4494,32052
2018-07-10,00:14:52,143890,1,143930,143940,2,4496,32054
2018-07-10,00:14:59,143890,2,143930,143940,2,4496,32054
2018-07-10,00:15:00,143900,1,143930,143940,2,4496,32054
2018-07-10,00:15:05,143900,1,143930,143940,2,4496,32054
2018-07-10,00:15:08,143900,1,143930,143940,2,4496,32054
2018-07-10,00:15:08,143900,1,143940,143940,1,4498,32054
2018-07-10,00:15:15,143910,1,143940,143940,1,4498,32054
2018-07-10,00:15:18,143910,1,143940,143940,1,4498,32054
2018-07-10,00:15:19,143900,1,143910,143940,1,4500,32052
2018-07-10,00:15:23,143910,2,143910,143940,1,4500,32052
2018-07-10,00:15:23,143900,1,143910,143940,1,4504,32052
2018-07-10,00:15:24,143910,2,143910,143940,1,4504,32052
2018-07-10,00:15:24,143900,1,143910,143940,1,4508,32056
2018-07-10,00:15:25,143910,3,143910,143940,1,4508,32056
2018-07-10,00:15:26,143910,5,143910,143940,1,4508,32056
2018-07-10,00:15:27,143910,6,143910,143940,1,4508,32056
2018-07-10,00:15:29,143910,3,143910,143940,1,4508,32056
2018-07-10,00:15:29,143920,1,143910,143940,1,4508,32056
2018-07-10,00:15:33,143910,2,143940,143950,2,4510,32058
2018-07-10,00:15:37,143910,2,143940,143940,3,4510,32058
2018-07-10,00:15:39,143910,2,143940,143940,3,4510,32058
2018-07-10,00:15:40,143910,2,143940,143950,2,4510,32058
2018-07-10,00:15:40,143910,2,143940,143940,3,4510,32058
2018-07-10,00:15:42,143910,3,143940,143940,3,4510,32058
2018-07-10,00:15:44,143910,3,143940,143940,3,4510,32058
2018-07-10,00:15:45,143910,1,143910,143940,3,4514,32058
2018-07-10,00:15:45,143900,1,143910,143950,171,4516,32060
2018-07-10,00:15:46,143890,3,143900,143940,5,4518,32060
2018-07-10,00:15:46,143920,4,143900,143930,1,4518,32060
2018-07-10,00:15:47,143890,3,143920,143930,1,4526,32068
2018-07-10,00:15:47,143890,3,143920,143930,1,4526,32068
2018-07-10,00:15:48,143890,3,143920,143930,1,4526,32068
2018-07-10,00:15:49,143920,2,143920,143930,1,4526,32068
2018-07-10,00:15:50,143890,2,143920,143930,1,4530,32068
2018-07-10,00:15:52,143890,2,143920,143930,1,4530,32068
2018-07-10,00:15:53,143920,2,143920,143930,1,4530,32068
2018-07-10,00:15:54,143890,3,143920,143920,1,4538,32070
2018-07-10,00:15:55,143920,1,143920,143940,2,4540,32068
2018-07-10,00:15:57,143920,1,143920,143940,2,4540,32068
2018-07-10,00:15:59,143920,1,143920,143940,2,4540,32068
2018-07-10,00:16:00,143920,1,143920,143940,2,4540,32068
2018-07-10,00:16:01,143920,1,143920,143940,171,4540,32068
2018-07-10,00:16:02,143890,2,143920,143920,1,4542,32066
2018-07-10,00:16:03,143920,1,143920,143940,2,4544,32064
2018-07-10,00:16:03,143890,2,143920,143920,1,4546,32064
2018-07-10,00:16:05,143890,2,143920,143920,1,4546,32064
2018-07-10,00:16:06,143920,1,143920,143940,171,4548,32064
2018-07-10,00:16:07,143920,1,143920,143940,171,4548,32064
2018-07-10,00:16:07,143920,2,143920,143940,2,4548,32064
2018-07-10,00:16:08,143930,1,143950,143950,1,4554,32068
2018-07-10,00:16:08,143930,1,143950,143960,1,4556,32066
2018-07-10,00:16:09,143930,1,143950,143960,1,4556,32066
2018-07-10,00:16:09,143930,1,143950,143960,1,4556,32066
2018-07-10,00:16:11,143930,1,143950,143960,1,4556,32066
2018-07-10,00:16:12,143920,2,143930,143960,1,4558,32066
2018-07-10,00:16:14,143920,2,143930,143960,1,4558,32066
2018-07-10,00:16:14,143920,2,143930,143950,1,4558,32066
2018-07-10,00:16:28,143920,2,143930,143950,1,4558,32066
2018-07-10,00:16:30,143920,2,143930,143950,1,4558,32066
2018-07-10,00:16:33,143920,2,143930,143930,1,4558,32066
2018-07-10,00:16:33,143920,2,143930,143950,1,4560,32066
2018-07-10,00:16:34,143920,2,143930,143950,1,4560,32066
2018-07-10,00:16:35,143920,2,143930,143950,1,4560,32066
2018-07-10,00:16:37,143920,2,143930,143940,1,4560,32066
2018-07-10,00:16:38,143890,1,143920,143920,1,4564,32064
2018-07-10,00:16:39,143890,1,143920,143920,1,4564,32064
2018-07-10,00:16:42,143890,1,143920,143910,1,4564,32064
2018-07-10,00:16:42,143910,1,143910,143920,1,4566,32066
2018-07-10,00:16:43,143890,1,143910,143910,1,4568,32066
2018-07-10,00:16:43,143890,1,143910,143910,1,4570,32066
2018-07-10,00:16:44,143920,3,143920,143940,170,4574,32062
2018-07-10,00:16:45,143920,3,143920,143940,1,4574,32062
2018-07-10,00:16:46,143920,3,143940,143950,1,4576,32062
2018-07-10,00:16:46,143930,1,143940,143950,1,4576,32062
2018-07-10,00:16:47,143930,1,143940,143950,1,4576,32062
2018-07-10,00:16:47,143930,1,143940,143950,1,4576,32062
2018-07-10,00:16:55,143930,1,143940,143940,1,4576,32062
2018-07-10,00:16:55,143920,3,143940,143940,1,4576,32062
2018-07-10,00:16:57,143920,3,143940,143940,1,4576,32062
2018-07-10,00:16:58,143920,3,143940,143940,170,4576,32062
2018-07-10,00:16:58,143920,1,143920,143940,1,4580,32058
2018-07-10,00:16:59,143920,1,143920,143940,1,4580,32058
2018-07-10,00:17:03,143920,1,143920,143940,2,4580,32058
2018-07-10,00:17:07,143920,1,143920,143940,171,4580,32058
2018-07-10,00:17:07,143890,1,143910,143920,1,4584,32056
2018-07-10,00:17:08,143890,1,143920,143940,2,4586,32056
2018-07-10,00:17:08,143920,5,143920,143930,1,4586,32056
2018-07-10,00:17:09,143890,1,143920,143940,2,4596,32054
2018-07-10,00:17:09,143890,1,143920,143930,1,4596,32054
2018-07-10,00:17:14,143890,1,143920,143930,1,4596,32054
2018-07-10,00:17:16,143890,1,143920,143930,1,4596,32054
2018-07-10,00:17:18,143890,1,143920,143930,1,4596,32054
2018-07-10,00:17:19,143890,1,143920,143930,1,4596,32054
2018-07-10,00:17:22,143890,1,143920,143930,1,4596,32054
2018-07-10,00:17:23,143890,1,143920,143930,1,4596,32054
2018-07-10,00:17:24,143890,1,143920,143920,1,4596,32054
2018-07-10,00:17:27,143890,1,143920,143920,1,4596,32054
2018-07-10,00:17:28,143890,1,143920,143920,1,4596,32054
2018-07-10,00:17:29,143890,1,143920,143920,1,4596,32054
2018-07-10,00:17:30,143920,4,143920,143930,1,4598,32054
2018-07-10,00:17:31,143920,3,143920,143940,2,4602,32056
2018-07-10,00:17:35,143920,3,143920,143940,171,4602,32056
2018-07-10,00:17:36,143890,1,143920,143940,2,4608,32054
2018-07-10,00:17:36,143900,1,143940,143940,1,4610,32056
2018-07-10,00:17:37,143900,1,143940,143940,1,4610,32056
2018-07-10,00:17:38,143900,1,143940,143940,1,4610,32056
2018-07-10,00:17:38,143900,1,143940,143960,1,4612,32054
2018-07-10,00:17:39,143910,1,143940,143960,1,4612,32054
2018-07-10,00:17:39,143920,1,143940,143960,1,4612,32054
2018-07-10,00:17:50,143920,1,143940,143960,1,4612,32054
2018-07-10,00:17:56,143920,1,143940,143960,1,4612,32054
2018-07-10,00:18:07,143920,1,143940,143960,5,4612,32054
2018-07-10,00:18:07,143910,1,143940,143960,5,4612,32054
2018-07-10,00:18:17,143910,1,143940,143960,1,4612,32054
2018-07-10,00:18:17,143920,1,143940,143960,1,4612,32054
2018-07-10,00:18:23,143920,1,143940,143950,2,4612,32054
2018-07-10,00:18:24,143920,1,143940,143950,2,4612,32054
2018-07-10,00:18:25,143920,1,143940,143960,1,4612,32054
2018-07-10,00:18:28,143920,1,143940,143950,4,4612,32054
2018-07-10,00:18:28,143900,3,143940,143950,4,4612,32054
2018-07-10,00:18:29,143910,1,143940,143950,4,4612,32054
2018-07-10,00:18:33,143910,1,143940,143930,2,4612,32054
2018-07-10,00:18:34,143910,1,143940,143950,4,4612,32054
2018-07-10,00:18:40,143910,2,143940,143950,4,4612,32054
2018-07-10,00:18:45,143910,2,143940,143930,2,4612,32054
2018-07-10,00:18:47,143910,2,143940,143950,4,4612,32054
2018-07-10,00:18:47,143910,2,143950,143950,3,4614,32056
2018-07-10,00:18:48,143920,1,143950,143950,3,4614,32056
2018-07-10,00:18:50,143920,1,143950,143930,2,4614,32056
2018-07-10,00:18:50,143920,1,143930,143950,3,4618,32052
2018-07-10,00:18:51,143920,1,143930,143950,3,4618,32052
2018-07-10,00:18:55,143920,1,143930,143940,1,4618,32052
2018-07-10,00:18:56,143920,1,143930,143950,3,4618,32052
2018-07-10,00:18:58,143920,1,143930,143930,1,4618,32052
2018-07-10,00:18:59,143910,2,143930,143950,3,4620,32050
2018-07-10,00:19:00,143910,2,143930,143940,1,4620,32050
2018-07-10,00:19:01,143910,2,143930,143940,1,4620,32050
2018-07-10,00:19:02,143910,2,143930,143930,1,4620,32050
2018-07-10,00:19:05,143910,2,143930,143930,1,4620,32050
2018-07-10,00:19:08,143930,2,143930,143950,3,4622,32050
2018-07-10,00:19:10,143930,2,143930,143940,1,4622,32050
2018-07-10,00:19:10,143930,2,143940,143950,3,4624,32048
2018-07-10,00:19:14,143930,2,143940,143940,1,4624,32048
2018-07-10,00:19:14,143930,2,143940,143950,3,4626,32046
2018-07-10,00:19:31,143930,2,143940,143950,4,4626,32046
2018-07-10,00:19:32,143930,2,143940,143950,3,4626,32046
2018-07-10,00:19:32,143930,2,143940,143940,1,4626,32046
2018-07-10,00:19:33,143930,2,143940,143950,3,4628,32044
2018-07-10,00:19:36,143950,1,143950,143960,1,4634,32044
2018-07-10,00:19:36,143950,1,143960,143980,1,4636,32042
2018-07-10,00:19:37,143950,1,143980,143990,6,4638,32042
2018-07-10,00:19:37,143860,1,143860,143990,6,4658,32028
2018-07-10,00:19:38,143880,20,143860,143980,5,4660,32028
2018-07-10,00:19:38,143890,2,143860,143980,4,4660,32028
2018-07-10,00:19:39,143900,2,143860,143980,4,4660,32028
2018-07-10,00:19:39,143910,1,143860,143980,4,4660,32028
2018-07-10,00:19:40,143920,1,143860,143970,1,4660,32028
2018-07-10,00:19:40,143920,1,143860,143970,2,4660,32028
2018-07-10,00:19:42,143920,1,143860,143970,2,4660,32028
2018-07-10,00:19:43,143920,1,143860,143960,1,4660,32028
2018-07-10,00:19:44,143900,1,143860,143960,1,4660,32028
2018-07-10,00:19:44,143900,1,143970,143980,2,4666,32030
2018-07-10,00:19:45,143910,4,143970,143980,2,4666,32030
2018-07-10,00:19:45,143920,2,143970,143960,1,4666,32030
2018-07-10,00:19:46,143930,1,143970,143960,1,4666,32030
2018-07-10,00:19:46,143930,1,143970,143960,1,4666,32030
2018-07-10,00:19:48,143930,1,143970,143960,1,4666,32030
2018-07-10,00:19:53,143930,1,143970,143950,1,4666,32030
2018-07-10,00:19:55,143930,1,143970,143980,2,4666,32030
2018-07-10,00:19:56,143920,2,143930,143930,2,4668,32028
2018-07-10,00:19:56,143930,3,143930,143990,6,4672,32028
2018-07-10,00:19:57,143940,1,143930,143980,1,4672,32028
2018-07-10,00:19:57,143930,3,143930,143960,1,4672,32028
2018-07-10,00:19:59,143930,3,143930,143960,1,4672,32028
2018-07-10,00:20:01,143930,3,143930,143960,1,4672,32028
2018-07-10,00:20:04,143930,2,143930,143970,1,4672,32028
2018-07-10,00:20:10,143930,2,143930,143980,2,4672,32028
2018-07-10,00:20:10,143970,1,143930,143980,2,4672,32028
2018-07-10,00:20:11,143930,2,143960,143960,1,4678,32024
2018-07-10,00:20:11,143930,3,143960,143960,1,4678,32024
2018-07-10,00:20:14,143930,3,143960,143960,2,4678,32024
2018-07-10,00:20:16,143930,2,143930,143950,1,4680,32022
2018-07-10,00:20:17,143930,2,143930,143950,1,4680,32022
2018-07-10,00:20:19,143930,2,143930,143950,1,4680,32022
2018-07-10,00:20:23,143930,2,143930,143980,1,4680,32022
2018-07-10,00:20:24,143930,2,143930,143970,1,4680,32022
2018-07-10,00:20:28,143930,2,143930,143970,1,4680,32022
2018-07-10,00:20:31,143930,2,143930,143980,1,4680,32022
2018-07-10,00:20:32,143930,2,143930,143960,1,4680,32022
2018-07-10,00:20:34,143930,2,143930,143960,1,4680,32022
2018-07-10,00:20:41,143930,2,143930,143940,1,4680,32022
2018-07-10,00:20:42,143930,1,143940,143980,1,4682,32020
2018-07-10,00:20:44,143930,1,143940,143970,1,4682,32020
2018-07-10,00:21:25,143930,1,143940,143970,1,4682,32020
2018-07-10,00:21:27,143930,1,143940,143970,1,4682,32020
2018-07-10,00:21:29,143930,1,143940,143970,1,4682,32020
2018-07-10,00:21:30,143930,1,143940,143970,1,4682,32020
2018-07-10,00:21:32,143930,1,143940,143970,2,4682,32020
2018-07-10,00:21:42,143930,1,143940,143970,2,4682,32020
2018-07-10,00:21:48,143930,1,143940,143970,1,4682,32020
2018-07-10,00:21:48,143930,1,143970,143980,2,4684,32020
2018-07-10,00:21:49,143940,1,143970,143980,2,4684,32020
2018-07-10,00:21:49,143940,1,143970,143980,2,4684,32020
2018-07-10,00:22:00,143940,2,143970,143980,2,4684,32020
2018-07-10,00:22:25,143940,2,143970,143970,2,4684,32020
2018-07-10,00:22:35,143940,2,143970,143970,2,4684,32020
2018-07-10,00:22:57,143950,1,143970,143970,2,4684,32020
2018-07-10,00:22:57,143940,1,143950,143970,2,4686,32020
2018-07-10,00:22:58,143940,2,143950,143970,2,4686,32020
2018-07-10,00:23:05,143940,2,143950,143970,2,4686,32020
2018-07-10,00:23:15,143940,2,143950,143970,2,4686,32020
2018-07-10,00:23:50,143940,2,143950,143970,2,4686,32020
2018-07-10,00:23:51,143960,1,143950,143970,2,4686,32020
2018-07-10,00:23:51,143940,1,143960,143950,1,4688,32020
2018-07-10,00:23:52,143940,2,143950,143970,2,4692,32020
2018-07-10,00:24:00,143940,2,143950,143970,2,4692,32020
2018-07-10,00:24:02,143940,2,143950,143970,2,4692,32020
2018-07-10,00:24:05,143940,2,143950,143950,1,4692,32020
2018-07-10,00:24:27,143940,2,143950,143950,1,4692,32020
2018-07-10,00:24:41,143940,2,143950,143950,1,4692,32020
2018-07-10,00:24:47,143870,2,143940,143930,1,4696,32022
2018-07-10,00:24:48,143880,1,143930,143920,1,4698,32022
2018-07-10,00:24:48,143890,1,143920,143950,1,4700,32024
2018-07-10,00:24:53,143900,1,143920,143950,1,4700,32024
2018-07-10,00:24:54,143910,1,143920,143950,1,4700,32024
2018-07-10,00:24:58,143920,1,143920,143950,1,4700,32024
2018-07-10,00:25:01,143920,1,143920,143950,2,4700,32024
2018-07-10,00:25:05,143920,1,143920,143950,2,4700,32024
2018-07-10,00:25:08,143910,3,143920,143950,2,4700,32024
2018-07-10,00:25:09,143940,2,143920,143950,2,4700,32024
2018-07-10,00:25:09,143910,3,143940,143950,2,4704,32024
2018-07-10,00:25:10,143910,3,143940,143950,2,4704,32024
2018-07-10,00:25:11,143910,3,143940,143950,2,4704,32024
2018-07-10,00:25:12,143910,2,143940,143950,2,4704,32024
2018-07-10,00:25:12,143920,1,143940,143940,1,4704,32024
2018-07-10,00:25:13,143920,1,143940,143950,2,4704,32024
2018-07-10,00:25:41,143920,1,143940,143950,2,4704,32024
2018-07-10,00:25:41,143920,1,143940,143950,2,4704,32024
2018-07-10,00:25:43,143910,3,143940,143950,2,4704,32024
2018-07-10,00:25:44,143910,3,143940,143950,2,4704,32024
2018-07-10,00:25:46,143920,1,143940,143950,2,4704,32024
2018-07-10,00:25:46,143920,1,143940,143950,1,4704,32024
2018-07-10,00:25:59,143920,1,143940,143940,1,4704,32024
2018-07-10,00:25:59,143940,1,143940,143950,1,4706,32026
2018-07-10,00:26:00,143920,1,143940,143950,1,4710,32024
2018-07-10,00:26:05,143950,4,143950,143970,2,4712,32024
2018-07-10,00:26:06,143950,4,143950,143970,2,4712,32024
2018-07-10,00:26:18,143920,1,143950,143970,2,4712,32024
2018-07-10,00:26:19,143930,1,143950,143960,1,4712,32024
2018-07-10,00:26:40,143930,1,143950,143960,1,4712,32024
2018-07-10,00:26:46,143930,2,143950,143960,1,4712,32024
2018-07-10,00:26:48,143930,2,143950,143960,1,4712,32024
2018-07-10,00:26:50,143930,2,143950,143950,1,4712,32024
2018-07-10,00:27:02,143930,2,143950,143960,1,4712,32024
2018-07-10,00:27:10,143930,2,143950,143960,1,4712,32024
2018-07-10,00:27:11,143930,2,143950,143960,1,4712,32024
2018-07-10,00:27:12,143930,2,143950,143960,1,4712,32024
2018-07-10,00:27:18,143930,2,143950,143960,1,4712,32024
2018-07-10,00:27:22,143930,2,143950,143960,1,4712,32024
2018-07-10,00:27:25,143930,2,143950,143960,1,4712,32024
2018-07-10,00:27:27,143930,2,143950,143960,1,4712,32024
2018-07-10,00:27:27,143920,1,143930,143960,1,4716,32020
2018-07-10,00:27:28,143920,1,143930,143960,1,4716,32020
2018-07-10,00:27:29,143920,1,143930,143960,2,4716,32020
2018-07-10,00:27:30,143920,1,143930,143950,1,4716,32020
2018-07-10,00:27:30,143920,1,143930,143950,2,4716,32020
2018-07-10,00:27:36,143870,2,143930,143950,2,4716,32020
2018-07-10,00:27:36,143880,1,143930,143940,2,4716,32020
2018-07-10,00:27:37,143880,1,143930,143940,2,4716,32020
2018-07-10,00:27:37,143890,1,143930,143940,2,4716,32020
2018-07-10,00:27:38,143890,1,143930,143940,3,4716,32020
2018-07-10,00:27:39,143930,2,143930,143940,3,4716,32020
2018-07-10,00:27:39,143890,1,143930,143930,3,4720,32020
2018-07-10,00:27:40,143870,2,143930,143930,3,4720,32020
2018-07-10,00:27:40,143870,2,143930,143920,1,4720,32020
2018-07-10,00:27:41,143880,2,143920,143930,3,4722,32020
2018-07-10,00:27:45,143890,1,143920,143930,3,4722,32020
2018-07-10,00:27:45,143900,1,143920,143930,3,4722,32020
2018-07-10,00:27:46,143900,1,143920,143920,1,4722,32020
2018-07-10,00:27:46,143900,1,143920,143930,3,4724,32020
2018-07-10,00:27:47,143900,1,143920,143930,3,4724,32020
2018-07-10,00:27:47,143900,1,143920,143920,1,4724,32020
2018-07-10,00:27:52,143910,1,143920,143920,1,4724,32020
2018-07-10,00:27:52,143910,1,143920,143940,1,4726,32020
2018-07-10,00:27:55,143910,1,143920,143940,1,4726,32020
2018-07-10,00:27:57,143910,1,143920,143940,1,4726,32020
2018-07-10,00:28:01,143910,1,143920,143940,1,4726,32020
2018-07-10,00:28:04,143910,4,143920,143940,1,4726,32020
2018-07-10,00:28:05,143910,4,143920,143950,2,4726,32020
2018-07-10,00:28:05,143920,1,143920,143950,2,4726,32020
2018-07-10,00:28:08,143910,4,143920,143950,2,4728,32018
2018-07-10,00:28:09,143910,4,143920,143950,2,4728,32018
2018-07-10,00:28:39,143910,4,143920,143950,3,4728,32018
2018-07-10,00:28:43,143910,4,143920,143950,3,4728,32018
2018-07-10,00:28:59,143910,4,143920,143950,3,4728,32018
2018-07-10,00:29:05,143910,4,143920,143950,3,4728,32018
2018-07-10,00:29:06,143910,3,143910,143950,3,4730,32018
2018-07-10,00:29:30,143910,3,143910,143950,3,4730,32018
2018-07-10,00:29:32,143950,1,143950,143960,3,4736,32016
2018-07-10,00:29:32,143910,3,143950,143950,1,4738,32014
2018-07-10,00:29:33,143920,1,143950,143950,1,4738,32014
2018-07-10,00:29:36,143920,1,143950,143950,1,4738,32014
2018-07-10,00:29:38,143920,2,143950,143950,1,4738,32014
2018-07-10,00:29:39,143920,2,143950,143950,1,4738,32014
2018-07-10,00:29:40,143920,2,143950,143960,3,4738,32014
2018-07-10,00:29:41,143920,2,143950,143960,3,4738,32014
2018-07-10,00:29:45,143920,2,143950,143960,3,4738,32014
2018-07-10,00:29:47,143920,2,143950,143960,3,4738,32014
2018-07-10,00:29:47,143920,2,143950,143960,3,4738,32014
2018-07-10,00:29:48,143930,1,143950,143960,3,4738,32014
2018-07-10,00:29:52,143930,1,143950,143960,3,4738,32014
2018-07-10,00:29:52,143930,1,143950,143960,3,4738,32014
2018-07-10,00:29:53,143930,1,143950,143960,3,4738,32014
2018-07-10,00:29:54,143930,1,143950,143960,3,4738,32014
2018-07-10,00:29:54,143930,1,143950,143960,3,4738,32014
2018-07-10,00:29:57,143930,1,143950,143960,3,4738,32014
2018-07-10,00:30:02,143930,1,143950,143960,3,4738,32014
2018-07-10,00:30:02,143930,1,143950,143960,3,4738,32014
2018-07-10,00:30:04,143930,1,143950,143960,3,4738,32014
2018-07-10,00:30:05,143930,1,143950,143960,3,4738,32014
2018-07-10,00:30:14,143930,1,143950,143960,3,4738,32014
2018-07-10,00:30:15,143950,1,143950,143960,3,4738,32014
2018-07-10,00:30:15,143930,1,143950,143960,2,4740,32012
2018-07-10,00:30:20,143930,1,143950,143960,2,4740,32012
2018-07-10,00:30:23,143930,1,143950,143960,2,4740,32012
2018-07-10,00:30:24,143930,1,143950,143960,2,4740,32012
2018-07-10,00:30:27,143920,1,143950,143960,2,4740,32012
2018-07-10,00:30:27,143920,1,143950,143950,1,4740,32012
2018-07-10,00:30:29,143920,1,143950,143950,1,4740,32012
2018-07-10,00:30:29,143920,1,143950,143950,1,4740,32012
2018-07-10,00:30:30,143920,1,143950,143950,1,4740,32012
2018-07-10,00:30:32,143930,1,143950,143950,1,4740,32012
2018-07-10,00:30:37,143930,1,143950,143950,1,4740,32012
2018-07-10,00:30:44,143920,1,143950,143950,1,4740,32012
2018-07-10,00:30:46,143950,4,143950,143960,3,4742,32010
2018-07-10,00:30:47,143950,3,143950,143960,3,4744,32008
2018-07-10,00:30:47,143920,1,143950,143960,3,4750,32006
2018-07-10,00:30:48,143910,3,143950,143960,3,4750,32006
2018-07-10,00:30:48,143920,1,143950,143960,3,4750,32006
2018-07-10,00:30:50,143920,1,143950,143960,3,4750,32006
2018-07-10,00:30:58,143920,1,143950,143960,3,4750,32006
2018-07-10,00:31:01,143920,1,143950,143960,3,4750,32006
2018-07-10,00:31:03,143920,1,143950,143960,3,4750,32006
2018-07-10,00:31:10,143920,1,143950,143960,4,4750,32006
2018-07-10,00:31:24,143930,1,143950,143960,4,4750,32006
2018-07-10,00:31:35,143930,1,143950,143960,3,4750,32006
2018-07-10,00:32:05,143930,1,143950,143950,1,4750,32006
2018-07-10,00:32:31,143930,1,143950,143950,1,4750,32006
2018-07-10,00:33:10,143930,1,143950,143960,2,4752,32006
2018-07-10,00:33:10,143950,1,143950,143960,2,4752,32006
2018-07-10,00:33:14,143950,1,143950,143960,2,4752,32006
2018-07-10,00:33:18,143950,1,143950,143960,2,4752,32006
2018-07-10,00:33:19,143930,2,143950,143960,2,4754,32006
2018-07-10,00:33:23,143930,2,143950,143960,2,4754,32006
2018-07-10,00:33:24,143930,2,143950,143960,2,4754,32006
2018-07-10,00:33:26,143930,3,143950,143960,2,4754,32006
2018-07-10,00:33:36,143930,12,143950,143960,2,4754,32006
2018-07-10,00:33:36,143940,1,143960,143960,1,4756,32008
2018-07-10,00:33:37,143940,2,143960,143960,1,4756,32008
2018-07-10,00:33:39,143940,2,143960,143960,1,4756,32008
2018-07-10,00:33:43,143940,2,143960,143960,1,4756,32008
2018-07-10,00:33:45,143960,2,143960,143980,2,4758,32006
2018-07-10,00:33:46,143970,2,143960,143980,2,4758,32006
2018-07-10,00:33:46,143940,1,143970,143980,2,4762,32002
2018-07-10,00:33:49,143940,1,143970,143980,2,4762,32002
2018-07-10,00:33:49,143930,3,143970,143980,2,4762,32002
2018-07-10,00:33:50,143940,1,143970,143980,2,4762,32002
2018-07-10,00:33:50,143940,1,143970,143970,1,4762,32002
2018-07-10,00:33:51,143940,10,143970,143970,1,4762,32002
2018-07-10,00:33:51,143950,1,143970,143970,1,4762,32002
2018-07-10,00:33:54,143950,1,143970,143970,2,4762,32002
2018-07-10,00:33:54,143940,10,143970,143970,2,4762,32002
2018-07-10,00:34:04,143940,2,143940,143970,2,4778,32016
2018-07-10,00:34:05,143930,3,143940,143940,2,4782,32018
2018-07-10,00:34:05,143910,3,143930,143930,1,4788,32014
2018-07-10,00:34:06,143880,2,143910,143910,1,4796,32022
2018-07-10,00:34:06,143850,10,143880,143880,1,4806,32028
2018-07-10,00:34:07,143850,5,143850,143970,2,4816,32038
2018-07-10,00:34:07,143870,4,143850,143960,3,4852,32066
2018-07-10,00:34:08,143880,1,143850,143950,3,4852,32066
2018-07-10,00:34:08,143880,1,143850,143940,1,4852,32066
2018-07-10,00:34:09,143880,1,143850,143930,2,4852,32066
2018-07-10,00:34:09,143870,4,143850,143920,1,4852,32066
2018-07-10,00:34:10,143870,4,143850,143910,1,4852,32066
2018-07-10,00:34:10,143870,4,143850,143910,1,4852,32066
2018-07-10,00:34:16,143870,3,143870,143910,1,4854,32068
2018-07-10,00:34:16,143870,3,143870,143900,1,4854,32068
2018-07-10,00:34:17,143870,3,143870,143900,1,4854,32068
2018-07-10,00:34:17,143870,3,143910,143940,1,4860,32070
2018-07-10,00:34:18,143880,2,143910,143940,1,4860,32070
2018-07-10,00:34:20,143880,2,143910,143940,1,4860,32070
2018-07-10,00:34:20,143880,2,143910,143930,1,4860,32070
2018-07-10,00:34:21,143880,2,143910,143930,1,4860,32070
2018-07-10,00:34:25,143880,1,143880,143930,1,4862,32068
2018-07-10,00:34:26,143880,1,143880,143920,1,4862,32068
2018-07-10,00:34:26,143870,3,143880,143920,1,4862,32068
2018-07-10,00:34:27,143870,3,143880,143920,1,4862,32068
2018-07-10,00:34:29,143870,3,143880,143910,1,4862,32068
2018-07-10,00:34:29,143870,3,143880,143900,1,4862,32068
2018-07-10,00:34:31,143830,1,143870,143870,15,4868,32074
2018-07-10,00:34:32,143830,1,143870,143870,15,4868,32074
2018-07-10,00:34:32,143840,1,143870,143870,15,4868,32074
2018-07-10,00:34:35,143840,1,143870,143870,15,4868,32074
2018-07-10,00:34:35,143840,1,143870,143870,12,4874,32080
2018-07-10,00:34:36,143840,1,143870,143870,12,4874,32080
2018-07-10,00:34:37,143840,1,143870,143870,11,4876,32082
2018-07-10,00:34:42,143840,6,143840,143870,11,4878,32082
2018-07-10,00:34:43,143840,6,143850,143870,10,4898,32084
2018-07-10,00:34:43,143840,6,143850,143870,10,4898,32084
2018-07-10,00:35:01,143840,1,143850,143870,10,4898,32084
2018-07-10,00:35:01,143840,1,143850,143860,1,4898,32084
2018-07-10,00:35:06,143840,1,143850,143860,1,4898,32084
2018-07-10,00:35:10,143840,1,143860,143870,10,4900,32082
2018-07-10,00:35:10,143860,1,143860,143870,10,4900,32082
2018-07-10,00:35:11,143840,1,143870,143870,4,4922,32076
2018-07-10,00:35:11,143850,1,143870,143870,4,4922,32076
2018-07-10,00:35:12,143860,1,143870,143900,1,4930,32084
2018-07-10,00:35:12,143860,1,143870,143900,1,4930,32084
2018-07-10,00:35:13,143860,1,143870,143900,1,4930,32084
2018-07-10,00:35:15,143870,1,143870,143900,1,4930,32084
2018-07-10,00:35:15,143870,1,143870,143900,1,4930,32084
2018-07-10,00:35:24,143870,1,143870,143900,1,4930,32084
2018-07-10,00:35:24,143870,7,143870,143900,1,4930,32084
2018-07-10,00:35:25,143880,1,143870,143910,1,4930,32084
2018-07-10,00:35:25,143880,7,143870,143910,1,4930,32084
2018-07-10,00:35:26,143880,7,143910,143960,2,4932,32086
2018-07-10,00:35:26,143890,2,143910,143950,1,4932,32086
2018-07-10,00:35:27,143890,8,143910,143950,1,4932,32086
2018-07-10,00:35:27,143890,8,143910,143940,1,4932,32086
2018-07-10,00:35:34,143890,8,143910,143940,1,4932,32086
2018-07-10,00:35:38,143890,8,143910,143940,2,4932,32086
2018-07-10,00:35:42,143890,8,143910,143940,2,4932,32086
2018-07-10,00:35:43,143890,10,143910,143940,2,4932,32086
2018-07-10,00:35:45,143890,10,143910,143930,1,4932,32086
2018-07-10,00:35:46,143890,9,143910,143930,1,4932,32086
2018-07-10,00:35:47,143890,7,143910,143930,1,4932,32086
2018-07-10,00:35:55,143890,7,143910,143930,1,4932,32086
2018-07-10,00:36:01,143890,7,143910,143940,2,4932,32086
2018-07-10,00:36:01,143890,7,143910,143930,1,4932,32086
2018-07-10,00:36:02,143890,6,143910,143930,1,4932,32086
2018-07-10,00:36:12,143900,1,143910,143930,1,4932,32086
2018-07-10,00:36:13,143900,1,143900,143930,1,4944,32080
2018-07-10,00:36:13,143870,1,143900,143930,1,4946,32078
2018-07-10,00:36:14,143870,1,143900,143920,1,4946,32078
2018-07-10,00:36:16,143870,7,143900,143920,1,4946,32078
2018-07-10,00:36:17,143880,1,143900,143920,1,4946,32078
2018-07-10,00:36:17,143880,7,143900,143930,1,4946,32078
2018-07-10,00:36:18,143890,1,143900,143940,1,4946,32078
2018-07-10,00:36:18,143890,7,143900,143940,1,4946,32078
2018-07-10,00:36:19,143890,7,143900,143940,1,4946,32078
2018-07-10,00:36:19,143890,7,143900,143940,1,4946,32078
2018-07-10,00:36:20,143900,1,143900,143940,1,4946,32078
2018-07-10,00:36:21,143900,7,143900,143940,1,4946,32078
2018-07-10,00:36:21,143900,6,143900,143940,1,4946,32078
2018-07-10,00:36:22,143900,6,143900,143940,1,4946,32078
2018-07-10,00:36:23,143910,1,143900,143940,1,4946,32078
2018-07-10,00:36:23,143910,6,143900,143940,1,4946,32078
2018-07-10,00:36:24,143910,6,143900,143940,1,4946,32078
2018-07-10,00:36:24,143910,6,143900,143940,2,4946,32078
2018-07-10,00:36:28,143920,1,143900,143940,2,4946,32078
2018-07-10,00:36:28,143920,1,143920,143940,2,4958,32074
2018-07-10,00:36:29,143890,1,143920,143940,2,4960,32074
2018-07-10,00:36:31,143890,1,143920,143940,2,4960,32074
2018-07-10,00:36:32,143900,1,143920,143940,2,4960,32074
2018-07-10,00:36:32,143900,6,143920,143940,2,4960,32074
2018-07-10,00:36:33,143910,1,143920,143940,2,4960,32074
2018-07-10,00:36:34,143910,6,143920,143940,2,4960,32074
2018-07-10,00:36:36,143920,1,143920,143940,2,4960,32074
2018-07-10,00:36:36,143920,6,143920,143940,2,4960,32074
2018-07-10,00:36:37,143920,6,143920,143940,2,4960,32074
2018-07-10,00:36:37,143890,1,143920,143940,2,4972,32074
2018-07-10,00:36:38,143890,1,143920,143920,1,4972,32074
2018-07-10,00:36:38,143890,1,143920,143940,2,4972,32074
2018-07-10,00:36:39,143900,1,143920,143940,2,4972,32074
2018-07-10,00:36:39,143890,1,143920,143940,2,4972,32074
2018-07-10,00:36:40,143890,4,143920,143940,2,4972,32074
2018-07-10,00:36:41,143900,1,143920,143940,2,4972,32074
2018-07-10,00:36:41,143900,4,143920,143940,2,4972,32074
2018-07-10,00:36:42,143900,3,143920,143940,2,4972,32074
2018-07-10,00:36:43,143910,1,143920,143940,2,4972,32074
2018-07-10,00:36:43,143910,3,143920,143940,2,4972,32074
2018-07-10,00:36:44,143920,1,143920,143940,2,4972,32074
2018-07-10,00:36:45,143890,1,143920,143940,2,4972,32074
2018-07-10,00:36:45,143920,3,143920,143940,2,4972,32074
2018-07-10,00:36:46,143920,2,143920,143940,2,4974,32072
2018-07-10,00:36:47,143920,1,143920,143940,2,4976,32070
2018-07-10,00:36:47,143890,1,143920,143920,2,4978,32070
2018-07-10,00:36:55,143890,1,143920,143940,2,4978,32070
2018-07-10,00:37:03,143890,1,143920,143930,1,4978,32070
2018-07-10,00:37:12,143890,1,143930,143940,2,4980,32072
2018-07-10,00:37:14,143890,1,143930,143930,1,4980,32072
2018-07-10,00:37:20,143930,2,143930,143940,2,4982,32074
2018-07-10,00:37:21,143890,1,143930,143940,2,4986,32074
2018-07-10,00:37:25,143900,1,143930,143940,2,4986,32074
2018-07-10,00:37:26,143900,1,143930,143940,2,4986,32074
2018-07-10,00:37:31,143900,1,143930,143930,1,4986,32074
2018-07-10,00:37:34,143910,1,143930,143930,1,4986,32074
2018-07-10,00:37:40,143910,1,143930,143930,1,4986,32074
2018-07-10,00:37:40,143910,1,143930,143940,2,4988,32074
2018-07-10,00:37:50,143910,1,143930,143940,2,4988,32074
2018-07-10,00:37:58,143910,1,143930,143940,2,4988,32074
2018-07-10,00:38:03,143910,1,143930,143940,2,4988,32074
2018-07-10,00:38:07,143910,1,143930,143940,2,4988,32074
2018-07-10,00:38:25,143910,2,143930,143940,2,4988,32074
2018-07-10,00:38:25,143910,2,143930,143940,2,4988,32074
2018-07-10,00:38:39,143910,2,143930,143940,3,4988,32074
2018-07-10,00:38:42,143900,1,143910,143940,3,4992,32074
2018-07-10,00:38:42,143900,1,143910,143940,3,4992,32074
2018-07-10,00:39:01,143900,1,143910,143940,3,4992,32074
2018-07-10,00:39:06,143900,1,143910,143940,3,4992,32074
2018-07-10,00:39:10,143890,1,143910,143940,3,4992,32074
2018-07-10,00:39:10,143880,1,143910,143930,1,4992,32074
2018-07-10,00:39:13,143880,3,143910,143930,1,4992,32074
2018-07-10,00:39:13,143890,1,143910,143930,2,4992,32074
2018-07-10,00:39:14,143890,3,143910,143930,2,4992,32074
2018-07-10,00:39:23,143880,1,143890,143930,1,4998,32076
2018-07-10,00:39:30,143880,1,143890,143930,2,4998,32076
2018-07-10,00:39:31,143880,1,143890,143920,1,4998,32076
2018-07-10,00:39:37,143880,1,143890,143920,1,4998,32076
2018-07-10,00:39:46,143880,1,143890,143910,1,4998,32076
2018-07-10,00:39:49,143880,1,143890,143910,1,4998,32076
2018-07-10,00:39:50,143890,1,143890,143910,1,4998,32076
2018-07-10,00:39:52,143880,1,143890,143910,1,5000,32076
2018-07-10,00:39:53,143880,1,143890,143910,2,5000,32076
2018-07-10,00:40:00,143870,2,143880,143910,2,5002,32076
2018-07-10,00:40:01,143870,2,143880,143910,2,5002,32076
2018-07-10,00:40:01,143870,2,143880,143910,1,5002,32076
2018-07-10,00:40:02,143870,3,143880,143910,1,5002,32076
2018-07-10,00:40:03,143870,2,143870,143910,1,5004,32076
2018-07-10,00:40:03,143850,1,143870,143910,1,5008,32078
2018-07-10,00:40:04,143850,1,143870,143900,1,5008,32078
2018-07-10,00:40:04,143850,1,143870,143900,1,5008,32078
2018-07-10,00:40:05,143850,1,143870,143900,1,5008,32078
2018-07-10,00:40:05,143850,1,143870,143900,1,5008,32078
2018-07-10,00:40:06,143850,1,143870,143900,1,5008,32078
2018-07-10,00:40:06,143850,1,143870,143900,1,5008,32078
2018-07-10,00:40:07,143850,1,143870,143900,1,5008,32078
2018-07-10,00:40:07,143850,1,143870,143900,1,5008,32078
2018-07-10,00:40:08,143850,1,143870,143900,1,5008,32078
2018-07-10,00:40:08,143850,1,143890,143900,1,5010,32076
2018-07-10,00:40:09,143850,1,143890,143890,1,5010,32076
2018-07-10,00:40:09,143850,1,143890,143890,1,5010,32076
2018-07-10,00:40:10,143850,1,143890,143890,1,5010,32076
2018-07-10,00:40:10,143850,1,143890,143890,1,5010,32076
2018-07-10,00:40:11,143850,1,143890,143890,1,5010,32076
2018-07-10,00:40:11,143850,1,143890,143890,1,5010,32076
2018-07-10,00:40:12,143850,1,143890,143890,1,5010,32076
2018-07-10,00:40:12,143850,1,143890,143890,1,5010,32076
2018-07-10,00:40:13,143850,1,143890,143880,3,5010,32076
2018-07-10,00:40:13,143830,1,143850,143890,1,5012,32076
2018-07-10,00:40:14,143830,1,143850,143890,1,5012,32076
2018-07-10,00:40:14,143840,1,143850,143880,1,5012,32076
2018-07-10,00:40:15,143840,1,143850,143870,1,5012,32076
2018-07-10,00:40:15,143830,1,143870,143880,1,5020,32074
2018-07-10,00:40:21,143850,1,143870,143880,1,5020,32074
2018-07-10,00:40:22,143850,1,143880,143890,1,5022,32076
2018-07-10,00:40:22,143860,1,143880,143890,1,5022,32076
2018-07-10,00:40:28,143870,1,143880,143890,1,5022,32076
2018-07-10,00:40:33,143860,1,143870,143890,1,5024,32076
2018-07-10,00:40:33,143860,1,143870,143890,1,5024,32076
2018-07-10,00:40:35,143830,1,143860,143890,1,5026,32076
2018-07-10,00:40:36,143830,1,143860,143880,1,5026,32076
2018-07-10,00:40:38,143830,1,143860,143880,1,5026,32076
2018-07-10,00:40:41,143830,1,143860,143880,1,5026,32076
2018-07-10,00:40:44,143830,1,143860,143870,1,5026,32076
2018-07-10,00:40:48,143870,2,143870,143880,1,5028,32078
2018-07-10,00:40:49,143870,2,143880,143890,1,5030,32078
2018-07-10,00:40:49,143870,2,143890,143910,1,5032,32078
2018-07-10,00:40:50,143880,2,143890,143910,1,5032,32078
2018-07-10,00:40:52,143880,3,143890,143910,1,5032,32078
2018-07-10,00:40:53,143880,3,143890,143890,1,5032,32078
2018-07-10,00:40:53,143880,1,143890,143910,1,5034,32078
2018-07-10,00:40:54,143880,1,143890,143910,1,5034,32078
2018-07-10,00:40:54,143880,1,143890,143910,2,5034,32078
2018-07-10,00:40:57,143880,1,143890,143910,3,5034,32078
2018-07-10,00:41:00,143880,1,143910,143910,1,5038,32076
2018-07-10,00:41:01,143880,1,143910,143900,1,5038,32076
2018-07-10,00:41:03,143870,2,143880,143900,1,5040,32076
2018-07-10,00:41:06,143830,2,143870,143900,1,5044,32076
2018-07-10,00:41:06,143840,2,143870,143890,1,5044,32076
2018-07-10,00:41:10,143850,1,143870,143890,1,5044,32076
2018-07-10,00:41:11,143860,1,143870,143890,1,5044,32076
2018-07-10,00:41:14,143860,1,143870,143880,1,5044,32076
2018-07-10,00:41:22,143860,1,143870,143880,1,5044,32076
2018-07-10,00:41:26,143860,1,143870,143880,1,5044,32076
2018-07-10,00:41:29,143860,1,143870,143880,1,5044,32076
2018-07-10,00:41:35,143860,1,143870,143880,1,5044,32076
2018-07-10,00:41:36,143850,1,143860,143890,1,5048,32076
2018-07-10,00:41:39,143840,1,143850,143850,1,5050,32076
2018-07-10,00:41:39,143850,1,143850,143890,1,5052,32074
2018-07-10,00:41:41,143850,2,143850,143890,1,5052,32074
2018-07-10,00:41:45,143850,2,143850,143890,1,5052,32074
2018-07-10,00:41:50,143850,1,143850,143890,1,5054,32072
2018-07-10,00:41:53,143850,1,143850,143890,1,5054,32072
2018-07-10,00:42:09,143850,1,143850,143890,1,5054,32072
2018-07-10,00:42:20,143840,1,143850,143890,1,5056,32070
2018-07-10,00:42:22,143840,1,143850,143850,1,5056,32070
2018-07-10,00:42:22,143850,1,143850,143890,1,5058,32070
2018-07-10,00:42:30,143850,2,143850,143890,1,5058,32070
2018-07-10,00:42:31,143860,1,143850,143890,1,5058,32070
2018-07-10,00:42:31,143860,2,143850,143890,1,5058,32070
2018-07-10,00:42:47,143890,1,143890,143910,1,5060,32070
2018-07-10,00:42:48,143890,1,143890,143910,1,5064,32068
2018-07-10,00:42:48,143860,1,143890,143890,1,5066,32066
2018-07-10,00:42:49,143860,1,143890,143910,1,5068,32066
2018-07-10,00:42:52,143860,1,143890,143910,2,5068,32066
2018-07-10,00:42:55,143860,1,143890,143900,1,5068,32066
2018-07-10,00:43:00,143830,1,143830,143900,1,5074,32066
2018-07-10,00:43:01,143840,1,143830,143890,2,5074,32066
2018-07-10,00:43:01,143840,1,143830,143890,2,5074,32066
2018-07-10,00:43:04,143840,1,143830,143890,2,5074,32066
2018-07-10,00:43:09,143840,1,143830,143890,2,5074,32066
2018-07-10,00:43:12,143840,1,143830,143890,2,5074,32066
2018-07-10,00:43:14,143840,1,143830,143880,1,5074,32066
2018-07-10,00:43:20,143830,1,143840,143880,1,5076,32066
2018-07-10,00:43:29,143830,2,143840,143880,1,5076,32066
2018-07-10,00:43:30,143840,1,143840,143880,1,5076,32066
2018-07-10,00:43:36,143830,2,143840,143880,1,5078,32066
2018-07-10,00:43:39,143830,2,143840,143870,1,5078,32066
2018-07-10,00:43:45,143830,2,143840,143870,1,5078,32066
2018-07-10,00:43:46,143830,2,143840,143870,1,5078,32066
2018-07-10,00:43:48,143830,1,143840,143870,1,5078,32066
2018-07-10,00:43:49,143830,1,143840,143860,1,5078,32066
2018-07-10,00:43:53,143830,1,143840,143850,1,5078,32066
2018-07-10,00:43:54,143830,1,143850,143860,1,5080,32066
2018-07-10,00:43:54,143830,1,143850,143870,1,5080,32066
2018-07-10,00:44:00,143830,1,143850,143870,4,5080,32066
2018-07-10,00:44:00,143830,1,143850,143860,1,5080,32066
2018-07-10,00:44:03,143830,1,143850,143860,1,5080,32066
2018-07-10,00:44:07,143830,1,143850,143860,1,5080,32066
2018-07-10,00:44:18,143830,1,143850,143860,1,5080,32066
2018-07-10,00:44:20,143800,1,143830,143860,1,5082,32068
2018-07-10,00:44:20,143790,7,143800,143850,1,5084,32070
2018-07-10,00:44:21,143790,2,143790,143840,1,5094,32062
2018-07-10,00:44:21,143790,2,143790,143840,1,5094,32062
2018-07-10,00:44:22,143790,1,143790,143840,1,5096,32062
2018-07-10,00:44:24,143770,1,143790,143790,1,5098,32062
2018-07-10,00:44:24,143790,2,143790,143850,1,5100,32062
2018-07-10,00:44:25,143800,1,143790,143840,1,5100,32062
2018-07-10,00:44:25,143790,2,143790,143840,1,5100,32062
2018-07-10,00:44:26,143790,1,143790,143840,1,5102,32062
2018-07-10,00:44:27,143790,1,143840,143870,1,5104,32062
2018-07-10,00:44:27,143800,2,143840,143860,2,5104,32062
2018-07-10,00:44:28,143800,2,143840,143850,1,5104,32062
2018-07-10,00:44:30,143810,1,143840,143850,1,5104,32062
2018-07-10,00:44:32,143810,1,143840,143850,1,5104,32062
2018-07-10,00:44:32,143810,1,143840,143850,1,5104,32062
2018-07-10,00:44:38,143800,2,143840,143850,1,5104,32062
2018-07-10,00:44:38,143800,2,143840,143850,1,5104,32062
2018-07-10,00:44:41,143800,2,143840,143850,1,5104,32062
2018-07-10,00:44:43,143800,2,143840,143850,1,5104,32062
2018-07-10,00:44:44,143800,1,143800,143850,1,5106,32064
2018-07-10,00:44:44,143770,1,143800,143850,1,5108,32066
2018-07-10,00:44:45,143780,1,143800,143840,2,5108,32066
2018-07-10,00:44:45,143780,1,143800,143830,1,5108,32066
2018-07-10,00:44:46,143780,1,143800,143820,1,5108,32066
2018-07-10,00:44:48,143780,1,143800,143820,1,5108,32066
2018-07-10,00:44:48,143780,1,143800,143820,1,5108,32066
2018-07-10,00:44:49,143780,1,143800,143820,1,5108,32066
2018-07-10,00:44:52,143780,1,143820,143830,1,5110,32066
2018-07-10,00:44:55,143780,3,143820,143830,1,5110,32066
2018-07-10,00:44:56,143810,1,143820,143830,1,5110,32066
2018-07-10,00:45:02,143810,1,143820,143830,1,5110,32066
2018-07-10,00:45:03,143780,3,143820,143830,1,5110,32066
2018-07-10,00:45:03,143780,3,143830,143840,1,5116,32064
2018-07-10,00:45:04,143830,1,143830,143840,1,5116,32064
2018-07-10,00:45:04,143790,2,143830,143830,1,5118,32062
2018-07-10,00:45:05,143790,1,143830,143820,1,5118,32062
2018-07-10,00:45:08,143790,1,143830,143820,1,5118,32062
2018-07-10,00:45:09,143790,1,143820,143830,1,5120,32064
2018-07-10,00:45:09,143790,1,143820,143830,1,5120,32064
2018-07-10,00:45:12,143790,1,143820,143840,1,5120,32064
2018-07-10,00:45:30,143790,2,143820,143840,1,5120,32064
2018-07-10,00:45:37,143800,13,143820,143840,1,5120,32064
2018-07-10,00:45:37,143810,1,143820,143860,1,5120,32064
2018-07-10,00:45:38,143810,2,143820,143860,1,5120,32064
2018-07-10,00:45:38,143810,2,143820,143870,1,5120,32064
2018-07-10,00:45:39,143820,1,143820,143870,1,5120,32064
2018-07-10,00:45:41,143820,1,143820,143890,2,5120,32064
2018-07-10,00:45:41,143820,1,143820,143880,2,5120,32064
2018-07-10,00:45:42,143820,1,143820,143870,3,5120,32064
2018-07-10,00:45:45,143820,1,143820,143860,1,5120,32064
2018-07-10,00:45:45,143810,2,143820,143860,1,5120,32064
2018-07-10,00:45:50,143810,2,143820,143830,1,5120,32064
2018-07-10,00:45:50,143830,1,143830,143860,1,5122,32064
2018-07-10,00:45:51,143810,2,143830,143860,1,5124,32064
2018-07-10,00:45:51,143810,2,143830,143860,1,5124,32064
2018-07-10,00:45:57,143820,1,143830,143860,1,5124,32064
2018-07-10,00:45:58,143820,1,143830,143860,1,5124,32064
2018-07-10,00:46:00,143820,1,143830,143860,1,5124,32064
2018-07-10,00:46:03,143810,2,143820,143820,1,5126,32064
2018-07-10,00:46:03,143830,1,143820,143860,1,5128,32062
2018-07-10,00:46:04,143820,1,143830,143850,1,5132,32060
2018-07-10,00:46:10,143820,1,143830,143860,1,5132,32060
2018-07-10,00:46:10,143820,1,143830,143860,1,5132,32060
2018-07-10,00:46:15,143820,1,143830,143860,1,5132,32060
2018-07-10,00:46:24,143820,1,143830,143860,1,5132,32060
2018-07-10,00:46:27,143820,19,143830,143860,1,5132,32060
2018-07-10,00:46:27,143830,1,143830,143860,1,5132,32060
2018-07-10,00:46:28,143830,2,143830,143860,1,5132,32060
2018-07-10,00:46:30,143830,2,143830,143880,1,5132,32060
2018-07-10,00:46:30,143830,2,143830,143870,1,5132,32060
2018-07-10,00:46:37,143830,2,143830,143870,2,5132,32060
2018-07-10,00:46:38,143830,1,143830,143870,2,5132,32060
2018-07-10,00:46:38,143830,1,143830,143860,1,5132,32060
2018-07-10,00:46:42,143830,1,143830,143860,1,5132,32060
2018-07-10,00:46:42,143830,1,143830,143860,2,5132,32060
2018-07-10,00:47:05,143830,1,143830,143860,1,5132,32060
2018-07-10,00:47:08,143830,19,143830,143860,1,5132,32060
2018-07-10,00:47:09,143830,19,143860,143870,1,5134,32060
2018-07-10,00:47:09,143840,1,143860,143880,1,5134,32060
2018-07-10,00:47:10,143840,1,143860,143880,1,5134,32060
2018-07-10,00:47:10,143840,1,143860,143880,1,5134,32060
2018-07-10,00:47:11,143840,1,143860,143880,1,5134,32060
2018-07-10,00:47:15,143840,19,143860,143880,1,5134,32060
2018-07-10,00:47:15,143850,1,143860,143880,1,5134,32060
2018-07-10,00:47:16,143850,2,143860,143880,1,5134,32060
2018-07-10,00:47:20,143850,20,143860,143880,1,5134,32060
2018-07-10,00:47:20,143850,20,143860,143880,1,5134,32060
2018-07-10,00:47:23,143860,1,143860,143880,1,5134,32060
2018-07-10,00:47:24,143850,2,143860,143880,1,5136,32062
2018-07-10,00:47:35,143840,1,143850,143880,1,5140,32066
2018-07-10,00:47:36,143840,1,143850,143880,1,5140,32066
2018-07-10,00:47:40,143840,1,143850,143870,1,5140,32066
2018-07-10,00:47:41,143830,1,143850,143870,1,5140,32066
2018-07-10,00:47:41,143770,1,143850,143860,1,5140,32066
2018-07-10,00:47:42,143780,2,143850,143850,2,5140,32066
2018-07-10,00:47:42,143790,1,143850,143840,1,5140,32066
2018-07-10,00:47:45,143790,1,143850,143840,1,5140,32066
2018-07-10,00:47:46,143790,1,143850,143840,2,5140,32066
2018-07-10,00:47:47,143790,1,143850,143840,2,5140,32066
2018-07-10,00:47:50,143840,1,143840,143850,4,5144,32070
2018-07-10,00:47:50,143770,1,143840,143830,4,5146,32072
2018-07-10,00:47:51,143780,1,143830,143820,1,5150,32070
2018-07-10,00:47:51,143790,1,143820,143830,3,5152,32072
2018-07-10,00:47:52,143790,1,143820,143830,4,5152,32072
2018-07-10,00:47:55,143790,1,143820,143830,4,5152,32072
2018-07-10,00:47:57,143780,1,143790,143830,4,5154,32072
2018-07-10,00:47:57,143780,1,143790,143820,1,5154,32072
2018-07-10,00:47:58,143780,1,143790,143820,1,5154,32072
2018-07-10,00:47:58,143780,1,143790,143820,1,5154,32072
2018-07-10,00:48:00,143780,1,143790,143820,1,5154,32072
2018-07-10,00:48:01,143780,1,143790,143830,2,5154,32072
2018-07-10,00:48:02,143780,1,143790,143810,1,5154,32072
2018-07-10,00:48:03,143780,1,143810,143830,2,5156,32074
2018-07-10,00:48:03,143780,1,143810,143820,1,5156,32074
2018-07-10,00:48:07,143780,1,143810,143810,1,5156,32074
2018-07-10,00:48:07,143770,2,143810,143810,1,5156,32074
2018-07-10,00:48:08,143790,17,143810,143810,1,5156,32074
2018-07-10,00:48:08,143810,1,143810,143820,1,5158,32074
2018-07-10,00:48:09,143790,17,143810,143830,2,5162,32074
2018-07-10,00:48:09,143800,1,143810,143830,2,5162,32074
2018-07-10,00:48:10,143790,17,143810,143830,2,5162,32074
2018-07-10,00:48:10,143800,1,143810,143830,2,5162,32074
2018-07-10,00:48:11,143790,17,143810,143830,2,5162,32074
2018-07-10,00:48:12,143800,1,143810,143830,2,5162,32074
2018-07-10,00:48:13,143800,1,143810,143830,2,5162,32074
2018-07-10,00:48:16,143800,1,143810,143830,2,5162,32074
2018-07-10,00:48:21,143800,1,143810,143830,2,5162,32074
2018-07-10,00:48:22,143790,17,143810,143830,2,5162,32074
2018-07-10,00:48:22,143800,1,143810,143830,2,5162,32074
2018-07-10,00:48:23,143810,1,143810,143830,2,5162,32074
2018-07-10,00:48:23,143800,1,143810,143830,2,5162,32074
2018-07-10,00:48:25,143800,2,143810,143830,2,5162,32074
2018-07-10,00:48:25,143810,1,143810,143830,2,5162,32074
2018-07-10,00:48:27,143810,1,143830,143850,1,5166,32074
2018-07-10,00:48:27,143810,1,143830,143850,1,5166,32074
2018-07-10,00:48:37,143810,1,143830,143850,1,5166,32074
2018-07-10,00:48:37,143810,1,143830,143850,1,5166,32074
2018-07-10,00:48:40,143810,1,143830,143850,1,5166,32074
2018-07-10,00:49:01,143810,1,143830,143850,1,5166,32074
2018-07-10,00:49:07,143810,1,143830,143830,1,5166,32074
2018-07-10,00:49:08,143810,1,143830,143850,1,5168,32072
2018-07-10,00:49:25,143810,1,143850,143860,1,5170,32070
2018-07-10,00:49:29,143810,1,143850,143860,1,5170,32070
2018-07-10,00:49:30,143810,1,143850,143860,1,5170,32070
2018-07-10,00:49:37,143860,17,143860,143870,1,5172,32070
2018-07-10,00:49:38,143860,15,143860,143880,1,5178,32066
2018-07-10,00:49:38,143860,15,143860,143880,1,5178,32066
2018-07-10,00:49:39,143860,15,143860,143880,1,5178,32066
2018-07-10,00:49:43,143860,14,143860,143880,1,5180,32066
2018-07-10,00:49:44,143860,10,143860,143880,1,5188,32066
2018-07-10,00:49:44,143800,2,143860,143880,1,5208,32056
2018-07-10,00:49:45,143800,2,143800,143860,1,5212,32052
2018-07-10,00:49:45,143810,1,143800,143850,1,5212,32052
2018-07-10,00:49:46,143810,1,143800,143860,1,5212,32052
2018-07-10,00:49:50,143810,1,143800,143860,3,5212,32052
2018-07-10,00:49:50,143810,1,143800,143860,3,5212,32052
2018-07-10,00:49:52,143810,1,143800,143860,5,5212,32052
2018-07-10,00:49:53,143810,1,143800,143850,1,5212,32052
2018-07-10,00:49:59,143810,1,143800,143850,1,5212,32052
2018-07-10,00:50:13,143810,1,143800,143850,2,5212,32052
2018-07-10,00:50:14,143840,1,143800,143850,2,5212,32052
2018-07-10,00:50:14,143810,1,143840,143850,2,5214,32050
2018-07-10,00:50:18,143810,1,143840,143840,1,5214,32050
2018-07-10,00:50:22,143810,1,143840,143840,1,5214,32050
2018-07-10,00:50:26,143810,1,143840,143840,1,5214,32050
2018-07-10,00:50:31,143810,1,143840,143840,1,5214,32050
2018-07-10,00:50:35,143810,1,143840,143840,1,5214,32050
2018-07-10,00:50:40,143810,2,143840,143840,1,5214,32050
2018-07-10,00:50:41,143820,1,143840,143860,2,5216,32052
2018-07-10,00:50:44,143820,1,143840,143890,1,5216,32052
2018-07-10,00:50:48,143810,2,143820,143820,1,5218,32052
2018-07-10,00:50:49,143830,2,143820,143890,1,5220,32052
2018-07-10,00:50:49,143830,2,143820,143880,1,5220,32052
2018-07-10,00:50:53,143810,2,143820,143880,1,5226,32046
2018-07-10,00:50:53,143820,1,143820,143880,1,5226,32046
2018-07-10,00:51:18,143820,2,143820,143880,1,5226,32046
2018-07-10,00:51:20,143820,2,143820,143880,1,5226,32046
2018-07-10,00:51:31,143820,2,143820,143880,1,5226,32046
2018-07-10,00:51:53,143820,2,143820,143880,1,5226,32046
2018-07-10,00:52:10,143820,2,143900,143900,2,5230,32042
2018-07-10,00:52:11,143830,1,143900,143900,2,5232,32042
2018-07-10,00:52:11,143830,1,143900,143890,1,5232,32042
2018-07-10,00:52:20,143820,1,143820,143890,1,5236,32042
2018-07-10,00:52:21,143850,1,143820,143880,1,5236,32042
2018-07-10,00:52:21,143830,1,143850,143880,1,5238,32040
2018-07-10,00:52:28,143830,1,143850,143880,1,5238,32040
2018-07-10,00:52:30,143840,1,143850,143880,1,5238,32040
2018-07-10,00:52:33,143840,1,143850,143880,1,5238,32040
2018-07-10,00:52:38,143850,1,143850,143880,1,5238,32040
2018-07-10,00:52:39,143850,1,143880,143890,1,5240,32038
2018-07-10,00:52:42,143850,1,143880,143890,1,5240,32038
2018-07-10,00:52:48,143850,1,143880,143880,1,5240,32038
2018-07-10,00:52:59,143830,2,143850,143880,2,5242,32038
2018-07-10,00:52:59,143840,1,143850,143880,2,5242,32038
2018-07-10,00:53:00,143860,2,143850,143880,2,5242,32038
2018-07-10,00:53:01,143860,2,143850,143880,2,5242,32038
2018-07-10,00:53:08,143860,1,143860,143880,2,5244,32036
2018-07-10,00:53:09,143860,1,143860,143880,2,5244,32036
2018-07-10,00:53:14,143840,1,143860,143880,1,5246,32036
2018-07-10,00:53:17,143840,1,143860,143860,1,5246,32036
2018-07-10,00:53:18,143830,2,143860,143860,1,5246,32036
2018-07-10,00:53:20,143860,1,143860,143880,1,5248,32038
2018-07-10,00:53:27,143860,1,143860,143880,1,5248,32038
2018-07-10,00:53:37,143830,2,143860,143860,1,5250,32038
2018-07-10,00:53:37,143840,1,143860,143860,1,5250,32038
2018-07-10,00:53:50,143840,1,143860,143880,1,5250,32038
2018-07-10,00:53:54,143880,1,143880,143890,1,5252,32040
2018-07-10,00:53:55,143840,1,143880,143880,2,5254,32040
2018-07-10,00:53:57,143830,1,143840,143880,2,5256,32038
2018-07-10,00:53:57,143830,1,143840,143870,1,5256,32038
2018-07-10,00:53:58,143830,1,143840,143870,1,5256,32038
2018-07-10,00:53:59,143830,1,143840,143870,1,5256,32038
2018-07-10,00:54:13,143830,1,143840,143870,1,5256,32038
2018-07-10,00:54:19,143830,1,143840,143870,6,5256,32038
2018-07-10,00:54:20,143830,1,143840,143870,6,5256,32038
2018-07-10,00:54:22,143830,1,143840,143860,1,5256,32038
2018-07-10,00:54:23,143830,1,143840,143860,1,5256,32038
2018-07-10,00:54:37,143830,1,143860,143870,6,5258,32038
2018-07-10,00:55:40,143780,3,143830,143870,6,5260,32038
2018-07-10,00:55:40,143860,2,143860,143870,6,5262,32038
2018-07-10,00:55:41,143780,3,143860,143860,1,5266,32034
2018-07-10,00:55:41,143790,1,143860,143860,1,5266,32034
2018-07-10,00:55:42,143800,1,143860,143850,1,5266,32034
2018-07-10,00:55:42,143810,1,143860,143850,1,5266,32034
2018-07-10,00:55:43,143810,1,143860,143850,1,5266,32034
2018-07-10,00:55:44,143800,1,143810,143810,1,5268,32032
2018-07-10,00:55:44,143800,1,143810,143850,1,5272,32032
2018-07-10,00:55:45,143800,1,143810,143840,1,5272,32032
2018-07-10,00:55:46,143800,1,143810,143840,1,5272,32032
2018-07-10,00:55:50,143800,1,143810,143840,1,5272,32032
2018-07-10,00:55:54,143800,1,143810,143840,1,5272,32032
2018-07-10,00:56:15,143790,1,143800,143800,2,5274,32032
2018-07-10,00:56:16,143780,3,143800,143840,1,5282,32026
2018-07-10,00:56:16,143790,1,143800,143840,1,5282,32026
2018-07-10,00:56:21,143790,1,143800,143840,2,5282,32026
2018-07-10,00:56:25,143790,1,143800,143840,1,5282,32026
2018-07-10,00:56:26,143790,1,143800,143830,1,5282,32026
2018-07-10,00:56:27,143790,1,143800,143830,2,5282,32026
2018-07-10,00:56:28,143780,3,143800,143830,2,5282,32026
2018-07-10,00:56:32,143780,3,143800,143820,1,5282,32026
2018-07-10,00:56:36,143780,3,143800,143800,1,5282,32026
2018-07-10,00:56:38,143780,3,143800,143800,1,5282,32026
2018-07-10,00:56:39,143780,3,143800,143820,1,5284,32026
2018-07-10,00:56:39,143790,1,143800,143820,1,5284,32026
2018-07-10,00:56:40,143790,1,143800,143820,1,5284,32026
2018-07-10,00:56:41,143790,1,143800,143820,1,5284,32026
2018-07-10,00:56:41,143790,1,143800,143840,1,5284,32026
2018-07-10,00:56:46,143790,1,143800,143840,1,5284,32026
2018-07-10,00:56:53,143790,1,143800,143840,1,5284,32026
2018-07-10,00:56:53,143790,1,143840,143900,2,5286,32024
2018-07-10,00:56:54,143840,1,143840,143890,2,5286,32024
2018-07-10,00:56:54,143780,3,143840,143880,1,5288,32024
2018-07-10,00:56:55,143790,2,143840,143880,1,5288,32024
2018-07-10,00:56:55,143800,1,143840,143880,1,5288,32024
2018-07-10,00:57:00,143790,2,143800,143880,1,5290,32024
2018-07-10,00:57:01,143800,1,143800,143870,1,5290,32024
2018-07-10,00:57:01,143800,1,143800,143870,6,5290,32024
2018-07-10,00:57:02,143790,2,143800,143860,1,5290,32024
2018-07-10,00:57:02,143790,2,143860,143870,6,5292,32024
2018-07-10,00:57:05,143750,1,143760,143870,6,5306,32014
2018-07-10,00:57:05,143750,1,143760,143860,2,5306,32014
2018-07-10,00:57:06,143760,1,143760,143860,2,5306,32014
2018-07-10,00:57:06,143760,1,143760,143860,3,5306,32014
2018-07-10,00:57:07,143760,1,143760,143860,4,5306,32014
2018-07-10,00:57:07,143760,1,143760,143860,5,5306,32014
2018-07-10,00:57:08,143730,1,143750,143860,5,5308,32014
2018-07-10,00:57:10,143730,1,143750,143850,1,5308,32014
2018-07-10,00:57:10,143740,3,143750,143850,1,5308,32014
2018-07-10,00:57:15,143750,1,143750,143850,1,5308,32014
2018-07-10,00:57:15,143760,1,143750,143850,1,5308,32014
2018-07-10,00:57:16,143760,1,143750,143840,1,5308,32014
2018-07-10,00:57:17,143760,1,143750,143840,1,5308,32014
2018-07-10,00:57:17,143760,1,143750,143830,1,5308,32014
2018-07-10,00:57:18,143760,1,143750,143820,1,5308,32014
2018-07-10,00:57:18,143760,1,143750,143810,1,5308,32014
2018-07-10,00:57:19,143760,1,143750,143800,1,5308,32014
2018-07-10,00:57:24,143760,1,143750,143800,1,5308,32014
2018-07-10,00:57:24,143760,1,143750,143800,1,5308,32014
2018-07-10,00:57:39,143770,1,143750,143800,1,5308,32014
2018-07-10,00:57:40,143800,2,143800,143810,1,5310,32012
2018-07-10,00:57:40,143770,1,143810,143820,1,5314,32012
2018-07-10,00:57:41,143820,1,143820,143830,1,5316,32012
2018-07-10,00:57:41,143780,1,143820,143830,1,5320,32014
2018-07-10,00:57:49,143780,1,143820,143820,1,5320,32014
2018-07-10,00:57:50,143780,1,143820,143830,1,5320,32014
2018-07-10,00:57:52,143780,1,143820,143820,5,5320,32014
2018-07-10,00:57:55,143780,1,143820,143820,5,5320,32014
2018-07-10,00:57:55,143780,1,143820,143820,5,5320,32014
2018-07-10,00:57:56,143780,1,143820,143810,1,5320,32014
2018-07-10,00:57:56,143780,1,143810,143820,5,5322,32014
2018-07-10,00:57:57,143790,1,143810,143820,5,5322,32014
2018-07-10,00:58:00,143790,1,143810,143820,5,5322,32014
2018-07-10,00:58:01,143790,1,143810,143820,5,5322,32014
2018-07-10,00:58:01,143780,1,143810,143820,5,5322,32014
2018-07-10,00:58:02,143740,1,143820,143820,3,5326,32014
2018-07-10,00:58:02,143740,1,143820,143820,2,5328,32014
2018-07-10,00:58:03,143740,1,143820,143820,2,5328,32014
2018-07-10,00:58:03,143740,1,143820,143820,3,5328,32014
2018-07-10,00:58:05,143740,1,143820,143810,1,5328,32014
2018-07-10,00:58:06,143750,1,143820,143810,1,5328,32014
2018-07-10,00:58:06,143750,1,143820,143810,2,5328,32014
2018-07-10,00:58:12,143750,1,143820,143800,1,5328,32014
2018-07-10,00:58:20,143750,1,143820,143800,2,5328,32014
2018-07-10,00:58:20,143740,1,143750,143800,2,5330,32012
2018-07-10,00:58:21,143760,1,143750,143800,2,5330,32012
2018-07-10,00:58:21,143740,1,143760,143800,2,5332,32012
2018-07-10,00:58:33,143760,1,143760,143800,2,5332,32012
2018-07-10,00:58:34,143790,1,143760,143800,2,5332,32012
2018-07-10,00:58:34,143760,1,143790,143800,2,5334,32012
2018-07-10,00:58:38,143760,1,143790,143800,2,5334,32012
2018-07-10,00:58:39,143760,1,143790,143800,2,5334,32012
2018-07-10,00:58:41,143740,1,143790,143800,2,5334,32012
2018-07-10,00:58:42,143790,1,143790,143800,2,5334,32012
2018-07-10,00:58:43,143740,3,143790,143800,2,5336,32010
2018-07-10,00:58:51,143740,3,143790,143800,2,5336,32010
2018-07-10,00:58:52,143740,3,143790,143800,2,5336,32010
2018-07-10,00:58:55,143740,3,143790,143800,2,5336,32010
2018-07-10,00:58:55,143740,3,143790,143800,2,5336,32010
2018-07-10,00:58:57,143740,3,143790,143800,2,5336,32010
2018-07-10,00:58:58,143740,3,143790,143800,2,5336,32010
2018-07-10,00:58:59,143740,3,143790,143800,2,5336,32010
2018-07-10,00:58:59,143740,3,143790,143790,1,5336,32010
2018-07-10,00:59:00,143740,2,143740,143800,1,5340,32008
2018-07-10,00:59:00,143740,2,143890,143750,4,5356,32002
2018-07-10,00:59:01,143760,1,143750,143890,5,5364,32000
2018-07-10,00:59:01,143820,1,143750,143890,5,5364,32000
2018-07-10,00:59:02,143760,1,143820,143890,5,5366,31998
2018-07-10,00:59:02,143780,10,143820,143890,5,5366,31998
2018-07-10,00:59:03,143780,9,143780,143890,5,5368,31998
2018-07-10,00:59:03,143780,9,143780,143890,5,5368,31998
2018-07-10,00:59:04,143780,9,143780,143890,5,5368,31998
2018-07-10,00:59:04,143780,9,143780,143860,1,5368,31998
2018-07-10,00:59:07,143800,1,143780,143860,1,5368,31998
2018-07-10,00:59:07,143800,1,143780,143860,1,5368,31998
2018-07-10,00:59:08,143800,1,143780,143850,1,5368,31998
2018-07-10,00:59:15,143800,1,143780,143850,1,5368,31998
2018-07-10,00:59:16,143800,1,143780,143850,1,5368,31998
2018-07-10,00:59:18,143760,1,143800,143800,1,5370,31996
2018-07-10,00:59:19,143760,1,143800,143850,4,5372,31994
2018-07-10,00:59:22,143760,1,143800,143840,1,5372,31994
2018-07-10,00:59:24,143760,1,143800,143840,1,5372,31994
2018-07-10,00:59:25,143760,1,143800,143840,1,5372,31994
2018-07-10,00:59:25,143760,1,143800,143800,2,5372,31994
2018-07-10,00:59:26,143760,1,143800,143800,2,5372,31994
2018-07-10,00:59:27,143760,1,143800,143800,2,5372,31994
2018-07-10,00:59:28,143760,1,143800,143800,2,5372,31994
2018-07-10,00:59:29,143760,1,143800,143800,2,5372,31994
2018-07-10,00:59:29,143760,1,143800,143800,2,5372,31994
2018-07-10,00:59:35,143760,1,143800,143800,2,5372,31994
2018-07-10,00:59:36,143760,1,143800,143840,1,5376,31990
2018-07-10,00:59:44,143760,1,143800,143840,1,5376,31990
2018-07-10,00:59:45,143760,1,143850,143890,5,5382,31988
2018-07-10,00:59:45,143760,1,143850,143890,5,5382,31988
2018-07-10,00:59:46,143760,1,143850,143890,5,5382,31988
2018-07-10,00:59:46,143770,1,143850,143890,5,5382,31988
2018-07-10,00:59:47,143770,2,143850,143890,5,5382,31988
2018-07-10,00:59:50,143780,1,143850,143890,5,5382,31988
2018-07-10,00:59:50,143780,1,143850,143890,5,5382,31988
2018-07-10,00:59:52,143780,1,143850,143890,5,5382,31988
2018-07-10,00:59:53,143780,1,143850,143880,1,5382,31988
2018-07-10,00:59:53,143760,1,143770,143780,2,5386,31986
2018-07-10,00:59:54,143760,1,143770,143880,1,5386,31986
2018-07-10,00:59:54,143740,2,143760,143760,8,5388,31984
2018-07-10,00:59:55,143740,2,143750,143870,1,5400,31982
2018-07-10,00:59:55,143800,2,143740,143870,1,5404,31978
2018-07-10,00:59:56,143800,2,143740,143870,1,5404,31978
2018-07-10,00:59:58,143800,2,143740,143870,1,5404,31978
2018-07-10,00:59:58,143800,2,143740,143870,1,5404,31978
2018-07-10,00:59:59,143800,2,143740,143880,2,5404,31978
2018-07-10,01:00:00,143800,2,143740,143880,2,5404,31978
2018-07-10,01:00:00,143800,2,143740,143880,2,5404,31978
2018-07-10,09:00:00,143810,1,143880,143900,1,5408,31978
2018-07-10,09:00:01,143870,1,143890,143900,1,5410,31978
2018-07-10,09:00:01,143900,3,143900,143960,1,5412,31978
2018-07-10,09:00:02,143970,1,143960,143980,2,5416,31976
2018-07-10,09:00:02,143970,2,143990,143990,3,5422,31976
2018-07-10,09:00:03,143980,1,144050,144060,1,5430,31974
2018-07-10,09:00:03,144030,1,144060,144100,20,5436,31976
2018-07-10,09:00:04,143990,1,144030,144060,1,5440,31978
2018-07-10,09:00:04,144040,1,144030,144050,2,5440,31978
2018-07-10,09:00:05,143980,4,144040,144050,2,5448,31978
2018-07-10,09:00:05,143980,4,143990,144010,1,5454,31982
2018-07-10,09:00:06,143980,2,143980,144010,1,5458,31982
2018-07-10,09:00:07,144010,5,144010,144100,20,5462,31980
2018-07-10,09:00:08,144050,1,144010,144090,3,5462,31980
2018-07-10,09:00:08,144060,1,144050,144090,2,5464,31978
2018-07-10,09:00:09,144010,5,144060,144060,1,5466,31978
2018-07-10,09:00:09,144020,1,144060,144050,1,5466,31978
2018-07-10,09:00:10,144010,5,144020,144040,1,5468,31980
2018-07-10,09:00:10,144010,5,144040,144080,1,5470,31978
2018-07-10,09:00:11,144020,2,144040,144070,1,5470,31978
2018-07-10,09:00:11,144020,1,144040,144070,1,5470,31978
2018-07-10,09:00:12,144030,1,144060,144070,1,5472,31978
2018-07-10,09:00:12,144020,1,144030,144070,1,5474,31978
2018-07-10,09:00:13,144030,1,144030,144060,1,5474,31978
2018-07-10,09:00:13,144010,5,144030,144070,1,5474,31978
2018-07-10,09:00:14,144010,5,144030,144020,6,5474,31978
2018-07-10,09:00:15,143980,1,144010,144000,1,5484,31986
2018-07-10,09:00:15,143900,1,143980,143980,1,5496,31988
2018-07-10,09:00:16,143910,2,143980,143970,2,5496,31988
2018-07-10,09:00:16,143920,1,143980,143970,1,5496,31988
2018-07-10,09:00:18,143910,1,143920,143970,1,5498,31988
2018-07-10,09:00:18,143940,1,143960,143970,1,5500,31990
2018-07-10,09:00:19,143910,1,143940,143980,1,5502,31990
2018-07-10,09:00:19,143920,1,143940,143970,1,5502,31990
2018-07-10,09:00:20,143910,1,143940,143980,1,5502,31990
2018-07-10,09:00:20,143930,1,143940,143980,1,5502,31990
2018-07-10,09:00:23,143930,1,143940,143980,1,5502,31990
2018-07-10,09:00:25,143930,1,143940,143980,1,5502,31990
2018-07-10,09:00:29,143930,1,143980,144000,1,5504,31990
2018-07-10,09:00:30,143940,3,143980,143980,1,5504,31990
2018-07-10,09:00:30,143920,1,143930,143930,3,5508,31990
2018-07-10,09:00:31,143910,1,143920,143930,3,5510,31988
2018-07-10,09:00:31,143890,2,143920,143930,3,5510,31988
2018-07-10,09:00:32,143890,2,143920,143930,3,5510,31988
2018-07-10,09:00:33,143890,2,143930,143930,2,5512,31988
2018-07-10,09:00:33,144000,11,144000,144010,1,5520,31982
2018-07-10,09:00:34,143890,2,144000,144000,2,5560,31990
2018-07-10,09:00:34,143910,1,144000,143980,1,5560,31990
2018-07-10,09:00:35,143900,2,144000,143990,2,5560,31990
2018-07-10,09:00:37,143900,2,144000,143980,1,5560,31990
2018-07-10,09:00:37,143900,2,144000,143970,1,5560,31990
2018-07-10,09:00:38,143910,1,144000,143970,1,5560,31990
2018-07-10,09:00:38,143920,1,144000,143970,1,5560,31990
2018-07-10,09:00:40,143890,2,143900,143900,2,5568,31986
2018-07-10,09:00:40,143920,3,143900,143980,1,5576,31978
2018-07-10,09:00:41,143930,2,143900,143970,1,5576,31978
2018-07-10,09:00:41,143930,1,143980,144000,2,5578,31976
2018-07-10,09:00:42,143940,1,143980,143990,2,5578,31976
2018-07-10,09:00:42,143930,1,143980,143990,1,5578,31976
2018-07-10,09:00:43,143930,1,143980,143980,1,5578,31976
2018-07-10,09:00:43,143930,1,143980,143980,2,5578,31976
2018-07-10,09:00:47,143930,1,143980,143980,2,5578,31976
2018-07-10,09:00:47,143930,2,143980,143980,2,5578,31976
2018-07-10,09:00:48,143930,2,143980,143980,2,5578,31976
2018-07-10,09:00:48,143930,2,143980,143980,2,5578,31976
2018-07-10,09:00:49,143930,2,143980,143980,2,5578,31976
2018-07-10,09:00:50,143930,2,143980,143980,1,5580,31974
2018-07-10,09:00:50,143940,1,143980,143970,1,5580,31974
2018-07-10,09:00:51,143950,1,143980,143980,1,5580,31974
2018-07-10,09:00:51,143950,1,144000,144000,1,5584,31972
2018-07-10,09:00:52,143960,1,143960,143980,1,5586,31972
2018-07-10,09:00:52,143930,1,144000,144010,1,5592,31974
2018-07-10,09:00:53,143940,1,144000,144000,1,5592,31974
2018-07-10,09:00:53,143930,2,144000,144010,1,5592,31974
2018-07-10,09:00:54,143930,2,144000,144010,2,5592,31974
2018-07-10,09:00:55,143950,1,144000,144000,3,5592,31974
2018-07-10,09:00:55,143940,1,144000,144000,3,5592,31974
2018-07-10,09:00:59,143940,2,144000,144000,3,5592,31974
2018-07-10,09:01:00,144010,6,144010,144020,6,5598,31970
2018-07-10,09:01:00,144010,6,144020,144070,1,5612,31962
2018-07-10,09:01:01,144020,2,144020,144060,1,5612,31962
2018-07-10,09:01:01,144060,1,144020,144090,1,5612,31962
2018-07-10,09:01:02,144060,2,144060,144090,1,5614,31962
2018-07-10,09:01:02,144060,2,144060,144090,1,5614,31962
2018-07-10,09:01:03,144060,1,144060,144090,1,5616,31962
2018-07-10,09:01:04,144060,1,144090,144100,20,5618,31964
2018-07-10,09:01:04,144070,4,144070,144100,19,5622,31962
2018-07-10,09:01:05,144070,2,144100,144100,18,5632,31968
2018-07-10,09:01:05,144070,2,144100,144100,16,5636,31972
2018-07-10,09:01:06,144070,1,144070,144100,12,5646,31974
2018-07-10,09:01:06,144070,1,144080,144100,10,5652,31976
2018-07-10,09:01:07,144070,1,144100,144100,9,5654,31978
2018-07-10,09:01:07,144070,1,144080,144100,9,5656,31976
2018-07-10,09:01:08,144070,1,144080,144100,9,5656,31976
2018-07-10,09:01:09,143940,1,144070,144070,4,5668,31972
2018-07-10,09:01:09,143960,1,144070,144050,1,5668,31972
2018-07-10,09:01:10,143950,3,144070,144060,3,5668,31972
2018-07-10,09:01:10,143950,3,144070,144060,1,5672,31976
2018-07-10,09:01:11,144010,1,144070,144040,1,5672,31976
2018-07-10,09:01:11,144020,1,144070,144070,4,5672,31976
2018-07-10,09:01:12,144030,1,144070,144070,4,5672,31976
2018-07-10,09:01:12,144010,1,144030,144070,4,5674,31974
2018-07-10,09:01:13,144020,1,144030,144060,2,5674,31974
2018-07-10,09:01:13,143970,1,144010,144050,1,5676,31972
2018-07-10,09:01:14,143980,2,144010,144040,2,5676,31972
2018-07-10,09:01:14,143980,1,144010,144040,1,5676,31972
2018-07-10,09:01:15,143990,1,144010,144040,1,5676,31972
2018-07-10,09:01:16,143990,1,144040,144020,2,5678,31972
2018-07-10,09:01:17,143980,1,144020,144010,1,5680,31972
2018-07-10,09:01:17,143970,1,144020,144010,1,5680,31972
2018-07-10,09:01:18,143980,1,144020,144010,1,5680,31972
2018-07-10,09:01:20,143980,1,144020,144010,1,5680,31972
2018-07-10,09:01:21,143980,1,144020,144000,1,5680,31972
2018-07-10,09:01:21,143970,1,143980,144000,1,5682,31970
2018-07-10,09:01:22,144000,4,144000,144010,1,5686,31974
2018-07-10,09:01:22,144000,1,144000,144010,1,5692,31980
2018-07-10,09:01:23,143950,1,144000,144000,2,5694,31982
2018-07-10,09:01:23,143960,1,144000,143990,1,5694,31982
2018-07-10,09:01:24,143940,1,144000,144000,2,5694,31982
2018-07-10,09:01:24,143940,1,144000,143960,1,5694,31982
2018-07-10,09:01:25,143890,2,143950,144000,2,5714,31974
2018-07-10,09:01:25,143910,1,143930,143980,1,5720,31970
2018-07-10,09:01:26,143920,1,143930,143970,1,5720,31970
2018-07-10,09:01:26,143890,2,143930,143930,1,5720,31970
2018-07-10,09:01:27,143890,2,143930,143930,1,5720,31970
2018-07-10,09:01:27,143890,2,143930,143930,1,5720,31970
2018-07-10,09:01:28,143890,2,143930,143930,1,5720,31970
2018-07-10,09:01:29,143890,2,143930,143920,1,5720,31970
2018-07-10,09:01:30,143890,1,143890,143920,1,5726,31970
2018-07-10,09:01:30,143890,1,143890,143920,1,5726,31970
2018-07-10,09:01:31,143890,1,143890,143910,1,5726,31970
2018-07-10,09:01:32,143800,5,143890,143890,1,5728,31970
2018-07-10,09:01:32,143810,2,143810,143880,2,5730,31970
2018-07-10,09:01:33,143860,1,143870,143880,1,5732,31970
2018-07-10,09:01:33,143860,1,143870,143890,2,5738,31970
2018-07-10,09:01:34,143860,1,143870,143890,2,5738,31970
2018-07-10,09:01:35,143860,1,143870,143880,1,5738,31970
2018-07-10,09:01:36,143810,1,143880,143890,3,5742,31972
2018-07-10,09:01:36,143860,1,143880,143880,2,5742,31972
2018-07-10,09:01:37,143820,1,143860,143860,1,5744,31972
2018-07-10,09:01:37,143800,5,143860,143860,1,5744,31972
2018-07-10,09:01:38,143810,1,143860,143860,1,5744,31972
2018-07-10,09:01:39,143810,1,143860,143860,1,5744,31972
2018-07-10,09:01:40,143820,1,143860,143860,1,5744,31972
2018-07-10,09:01:40,143830,1,143860,143860,1,5744,31972
2018-07-10,09:01:41,143830,1,143860,143860,1,5744,31972
2018-07-10,09:01:41,143830,1,143860,143860,1,5744,31972
2018-07-10,09:01:44,143830,1,143860,143860,1,5744,31972
2018-07-10,09:01:45,143830,1,143860,143890,2,5744,31972
2018-07-10,09:01:46,143830,4,143860,143890,2,5744,31972
2018-07-10,09:01:47,143830,4,143860,143880,2,5744,31972
2018-07-10,09:01:48,143830,4,143860,143880,2,5744,31972
2018-07-10,09:01:48,143830,4,143880,143880,1,5746,31972
2018-07-10,09:01:49,143840,1,143880,143870,1,5746,31972
2018-07-10,09:01:49,143840,2,143880,143880,1,5746,31972
2018-07-10,09:01:50,143850,1,143880,143880,1,5746,31972
2018-07-10,09:01:50,143860,1,143880,143890,2,5748,31972
2018-07-10,09:01:51,143860,1,143890,143920,1,5752,31976
2018-07-10,09:01:51,143870,2,143890,143910,1,5752,31976
2018-07-10,09:01:52,143870,1,143890,143920,1,5752,31976
2018-07-10,09:01:52,143870,1,143890,143880,1,5752,31976
2018-07-10,09:01:53,143890,1,143880,143920,1,5754,31976
2018-07-10,09:01:53,143890,2,143920,143980,1,5756,31974
2018-07-10,09:01:54,143900,2,143920,143970,2,5756,31974
2018-07-10,09:01:54,143900,1,143920,143960,1,5756,31974
2018-07-10,09:01:55,143900,1,143920,143960,1,5756,31974
2018-07-10,09:01:55,143900,1,143960,143970,1,5758,31974
2018-07-10,09:01:56,143910,1,143960,143960,1,5758,31974
2018-07-10,09:01:56,143920,1,143960,143980,1,5758,31974
2018-07-10,09:01:57,143920,1,143960,143980,1,5758,31974
2018-07-10,09:01:58,143920,1,143960,143970,1,5758,31974
2018-07-10,09:01:59,143920,1,143960,143970,1,5758,31974
2018-07-10,09:01:59,143920,1,143960,143970,1,5758,31974
2018-07-10,09:02:00,143920,2,143960,143970,1,5758,31974
2018-07-10,09:02:01,143920,2,143960,143970,1,5758,31974
2018-07-10,09:02:01,143920,2,143970,143980,1,5760,31974
2018-07-10,09:02:02,143930,1,143970,143970,1,5760,31974
2018-07-10,09:02:02,143940,1,143970,144070,4,5760,31974
2018-07-10,09:02:03,143950,1,143970,144040,1,5760,31974
2018-07-10,09:02:03,143960,1,143970,144030,1,5760,31974
2018-07-10,09:02:04,143960,1,143970,144020,1,5760,31974
2018-07-10,09:02:04,143960,1,143970,144020,2,5760,31974
2018-07-10,09:02:05,143960,1,143970,144020,1,5760,31974
2018-07-10,09:02:06,143920,1,143960,144020,1,5762,31974
2018-07-10,09:02:06,143940,1,143960,144000,1,5762,31974
2018-07-10,09:02:07,143930,1,143960,143960,3,5762,31974
2018-07-10,09:02:07,143920,1,143930,143960,3,5766,31974
2018-07-10,09:02:08,143920,1,143930,143960,3,5766,31974
2018-07-10,09:02:09,143880,1,143890,143960,3,5770,31970
2018-07-10,09:02:10,143890,1,143890,143950,4,5770,31970
2018-07-10,09:02:10,143880,2,143890,143950,3,5770,31970
2018-07-10,09:02:11,143880,2,143890,143940,1,5770,31970
2018-07-10,09:02:11,143880,2,143890,143940,1,5770,31970
2018-07-10,09:02:12,143890,1,143890,143940,1,5770,31970
2018-07-10,09:02:14,143890,3,143890,143940,1,5770,31970
2018-07-10,09:02:14,143890,3,143890,143940,1,5770,31970
2018-07-10,09:02:15,143900,1,143890,143940,1,5770,31970
2018-07-10,09:02:16,143900,1,143890,143950,2,5770,31970
2018-07-10,09:02:16,143900,3,143890,143940,1,5770,31970
2018-07-10,09:02:17,143900,3,143890,143940,1,5770,31970
2018-07-10,09:02:18,143950,1,143940,143960,8,5776,31972
2018-07-10,09:02:18,143900,1,143950,143960,1,5806,31972
2018-07-10,09:02:19,143910,1,143960,143950,2,5808,31970
2018-07-10,09:02:19,143930,1,143950,144050,1,5812,31972
2018-07-10,09:02:20,143950,1,143950,143960,1,5812,31972
2018-07-10,09:02:20,143970,1,143960,144050,1,5816,31968
2018-07-10,09:02:21,143980,2,144040,144040,2,5818,31966
2018-07-10,09:02:21,143990,1,144040,144030,1,5818,31966
2018-07-10,09:02:22,144000,1,143990,144010,1,5820,31966
2018-07-10,09:02:22,143970,1,144000,143990,1,5824,31966
2018-07-10,09:02:23,143970,1,144000,143980,1,5824,31966
2018-07-10,09:02:23,143900,1,143970,143960,2,5826,31966
2018-07-10,09:02:24,143960,4,143960,143980,1,5834,31972
2018-07-10,09:02:24,143970,1,143980,143990,1,5836,31970
2018-07-10,09:02:25,144000,1,143990,144020,1,5838,31972
2018-07-10,09:02:25,143960,4,144010,144050,1,5850,31968
2018-07-10,09:02:26,143970,2,144010,144040,1,5850,31968
2018-07-10,09:02:26,143970,1,144010,144030,1,5850,31968
2018-07-10,09:02:27,143970,1,144030,144050,1,5852,31968
2018-07-10,09:02:27,143980,1,144030,144040,1,5852,31968
2018-07-10,09:02:28,143990,1,144030,144050,2,5852,31968
2018-07-10,09:02:28,143990,2,144030,144050,2,5852,31968
2018-07-10,09:02:29,143990,2,144040,144050,2,5854,31968
2018-07-10,09:02:29,144000,1,144040,144040,1,5854,31968
2018-07-10,09:02:30,144010,1,144040,144050,2,5854,31968
2018-07-10,09:02:30,144010,1,144040,144050,2,5854,31968
2018-07-10,09:02:31,143990,1,144010,144050,2,5856,31968
2018-07-10,09:02:32,144020,1,144040,144040,1,5858,31970
2018-07-10,09:02:32,144050,2,144050,144070,4,5862,31970
2018-07-10,09:02:33,144050,2,144060,144070,2,5868,31970
2018-07-10,09:02:33,144050,2,144070,144100,6,5872,31966
2018-07-10,09:02:34,144060,1,144070,144090,1,5872,31966
2018-07-10,09:02:34,144050,2,144070,144100,6,5872,31966
2018-07-10,09:02:35,144050,2,144070,144100,6,5872,31966
2018-07-10,09:02:35,144050,2,144070,144100,6,5872,31966
2018-07-10,09:02:36,144090,1,144100,144100,5,5874,31968
2018-07-10,09:02:36,144050,2,144090,144100,4,5878,31970
2018-07-10,09:02:37,144060,1,144090,144090,1,5878,31970
2018-07-10,09:02:37,144050,2,144090,144100,5,5878,31970
2018-07-10,09:02:41,144050,2,144090,144100,5,5878,31970
2018-07-10,09:02:43,144050,2,144090,144090,1,5878,31970
2018-07-10,09:02:44,143960,4,144050,144100,5,5884,31972
2018-07-10,09:02:45,143980,1,144050,144080,2,5884,31972
2018-07-10,09:02:45,143990,1,144050,144080,1,5884,31972
2018-07-10,09:02:46,144000,1,144050,144080,1,5884,31972
2018-07-10,09:02:46,144010,3,144050,144080,1,5884,31972
2018-07-10,09:02:47,144020,2,144050,144080,1,5884,31972
2018-07-10,09:02:47,144030,1,144050,144080,1,5884,31972
2018-07-10,09:02:48,144030,2,144050,144080,1,5884,31972
2018-07-10,09:02:48,144030,2,144050,144050,1,5884,31972
2018-07-10,09:02:49,144030,2,144050,144080,1,5886,31972
2018-07-10,09:02:49,144040,1,144050,144070,1,5886,31972
2018-07-10,09:02:50,144030,2,144050,144080,1,5886,31972
2018-07-10,09:02:50,144020,2,144030,144080,1,5890,31972
2018-07-10,09:02:51,144030,1,144030,144070,2,5890,31972
2018-07-10,09:02:51,144020,1,144080,144080,1,5892,31972
2018-07-10,09:02:52,144030,1,144080,144070,2,5892,31972
2018-07-10,09:02:52,144020,1,144080,144070,1,5892,31972
2018-07-10,09:02:55,144020,1,144080,144070,1,5892,31972
2018-07-10,09:02:56,144020,1,144080,144070,3,5892,31972
2018-07-10,09:02:56,144020,1,144080,144070,3,5892,31972
2018-07-10,09:02:57,144070,1,144070,144080,1,5898,31974
2018-07-10,09:02:57,143900,6,144070,144080,1,5900,31974
2018-07-10,09:02:58,143940,1,144070,144060,2,5900,31974
2018-07-10,09:02:58,143950,2,144070,144050,1,5900,31974
2018-07-10,09:02:59,143970,1,144070,144050,1,5900,31974
2018-07-10,09:02:59,144010,1,144070,144040,1,5900,31974
2018-07-10,09:03:00,144020,1,144070,144070,1,5900,31974
2018-07-10,09:03:00,144080,1,144100,144110,1,5910,31982
2018-07-10,09:03:01,144080,1,144090,144110,1,5912,31982
2018-07-10,09:03:01,144010,2,144100,144110,1,5918,31980
2018-07-10,09:03:02,144030,1,144100,144090,1,5918,31980
2018-07-10,09:03:02,144030,1,144100,144100,1,5918,31980
2018-07-10,09:03:03,144040,1,144100,144100,1,5918,31980
2018-07-10,09:03:03,144040,2,144100,144100,1,5918,31980
2018-07-10,09:03:05,144050,1,144100,144100,1,5918,31980
2018-07-10,09:03:05,144050,2,144100,144100,1,5918,31980
2018-07-10,09:03:06,144050,2,144100,144100,1,5918,31980
2018-07-10,09:03:07,144050,1,144100,144100,1,5918,31980
2018-07-10,09:03:08,144040,2,144050,144050,1,5920,31980
2018-07-10,09:03:08,144040,1,144050,144100,1,5922,31982
2018-07-10,09:03:09,144050,2,144050,144090,2,5922,31982
2018-07-10,09:03:09,144040,1,144090,144100,1,5924,31984
2018-07-10,09:03:10,144040,1,144050,144050,11,5926,31986
2018-07-10,09:03:10,144020,1,144040,144040,1,5930,31984
2018-07-10,09:03:11,144010,1,144010,144040,2,5934,31986
2018-07-10,09:03:11,143920,1,144010,144030,1,5936,31984
2018-07-10,09:03:12,144000,1,144010,144010,1,5936,31984
2018-07-10,09:03:12,143920,1,144000,144000,2,5938,31984
2018-07-10,09:03:13,143930,1,144000,143990,2,5938,31984
2018-07-10,09:03:13,143920,2,144000,143990,1,5938,31984
2018-07-10,09:03:14,143930,1,144000,143990,1,5938,31984
2018-07-10,09:03:14,143940,1,144000,143990,1,5938,31984
2018-07-10,09:03:15,143950,1,144000,143990,1,5938,31984
2018-07-10,09:03:15,144000,1,144000,144050,11,5940,31984
2018-07-10,09:03:16,144010,1,144000,144040,2,5940,31984
2018-07-10,09:03:16,144000,1,144000,144040,1,5940,31984
2018-07-10,09:03:17,144000,1,144000,144030,1,5940,31984
2018-07-10,09:03:17,144000,1,144000,144030,2,5940,31984
2018-07-10,09:03:18,144000,1,144000,144030,1,5940,31984
2018-07-10,09:03:19,144000,1,144000,144030,1,5940,31984
2018-07-10,09:03:20,144000,1,144000,144030,1,5940,31984
2018-07-10,09:03:20,144010,1,144000,144030,1,5940,31984
2018-07-10,09:03:21,144000,1,144010,144030,1,5942,31984
2018-07-10,09:03:23,144000,1,144030,144040,1,5944,31984
2018-07-10,09:03:23,144000,1,144030,144050,11,5944,31984
2018-07-10,09:03:24,144000,1,144030,144050,11,5944,31984
2018-07-10,09:03:25,144000,1,144030,144050,11,5944,31984
2018-07-10,09:03:26,144030,1,144030,144050,11,5944,31984
2018-07-10,09:03:27,144030,1,144030,144040,1,5944,31984
2018-07-10,09:03:27,144030,1,144030,144040,1,5944,31984
2018-07-10,09:03:29,144000,2,144030,144040,1,5946,31982
2018-07-10,09:03:30,144000,2,144030,144040,1,5946,31982
2018-07-10,09:03:31,144000,2,144030,144040,1,5946,31982
2018-07-10,09:03:36,144000,1,144000,144040,1,5948,31982
2018-07-10,09:03:38,143990,1,144000,144040,1,5950,31982
2018-07-10,09:03:39,144000,1,144000,144030,2,5950,31982
2018-07-10,09:03:39,143990,1,144000,144030,1,5950,31982
2018-07-10,09:03:42,143990,1,144000,144030,2,5950,31982
2018-07-10,09:03:46,143950,7,144000,144030,2,5950,31982
2018-07-10,09:03:46,143950,7,144000,144020,1,5950,31982
2018-07-10,09:03:47,143960,1,144000,144020,1,5950,31982
2018-07-10,09:03:47,143970,1,144000,144020,1,5950,31982
2018-07-10,09:03:50,143970,1,144020,144030,2,5952,31984
2018-07-10,09:03:50,143980,1,144020,144020,1,5952,31984
2018-07-10,09:03:51,143990,1,144020,144030,1,5952,31984
2018-07-10,09:03:55,143990,1,144020,144030,1,5952,31984
2018-07-10,09:03:56,143990,1,144020,144030,1,5952,31984
2018-07-10,09:03:57,143960,1,143990,144030,1,5954,31982
2018-07-10,09:03:57,143970,1,143990,144020,3,5954,31982
2018-07-10,09:03:58,143960,1,143990,144020,2,5954,31982
2018-07-10,09:04:00,143960,2,143990,144020,2,5954,31982
2018-07-10,09:04:00,143970,1,143990,144020,2,5954,31982
2018-07-10,09:04:01,143960,2,143970,144020,2,5956,31982
2018-07-10,09:04:01,143990,1,144010,144020,2,5958,31984
2018-07-10,09:04:02,143990,1,144010,144030,1,5958,31984
2018-07-10,09:04:02,143990,1,144010,144020,1,5958,31984
2018-07-10,09:04:03,143960,2,143990,144020,1,5960,31982
2018-07-10,09:04:03,143970,1,143990,144010,1,5960,31982
2018-07-10,09:04:04,143960,2,143990,144000,1,5960,31982
2018-07-10,09:04:04,143960,2,144030,144040,1,5964,31980
2018-07-10,09:04:05,143970,3,144030,144030,1,5964,31980
2018-07-10,09:04:05,143990,12,143970,144040,1,5966,31980
2018-07-10,09:04:06,143990,12,143990,144020,2,5968,31980
2018-07-10,09:04:06,144000,1,143990,144010,1,5968,31980
2018-07-10,09:04:07,144000,2,144010,144020,1,5970,31980
2018-07-10,09:04:07,144020,2,144020,144040,1,5972,31978
2018-07-10,09:04:08,144020,2,144040,144050,11,5976,31978
2018-07-10,09:04:08,144020,1,144020,144050,11,5978,31976
2018-07-10,09:04:09,144030,1,144020,144050,11,5980,31974
2018-07-10,09:04:09,144000,1,144030,144050,11,5982,31974
2018-07-10,09:04:10,144010,1,144030,144040,2,5982,31974
2018-07-10,09:04:10,144000,1,144030,144040,1,5982,31974
2018-07-10,09:04:11,144000,1,144030,144030,1,5982,31974
2018-07-10,09:04:15,144020,10,144030,144030,1,5982,31974
2018-07-10,09:04:16,144030,1,144030,144050,13,5986,31974
2018-07-10,09:04:17,144030,1,144050,144050,11,5990,31978
2018-07-10,09:04:18,144030,4,144050,144050,10,5992,31980
2018-07-10,09:04:18,144030,5,144030,144070,2,6032,31986
2018-07-10,09:04:19,144050,1,144070,144070,1,6034,31986
2018-07-10,09:04:19,144050,1,144100,144120,2,6038,31988
2018-07-10,09:04:20,144060,2,144100,144110,2,6038,31988
2018-07-10,09:04:20,144060,1,144100,144100,2,6038,31988
2018-07-10,09:04:21,144050,4,144100,144090,1,6040,31988
2018-07-10,09:04:21,144090,4,144090,144100,1,6042,31988
2018-07-10,09:04:22,144090,4,144100,144110,1,6044,31986
2018-07-10,09:04:22,144090,7,144100,144120,2,6044,31986
2018-07-10,09:04:23,144100,1,144100,144120,2,6044,31986
2018-07-10,09:04:23,144100,1,144100,144120,2,6048,31984
2018-07-10,09:04:24,144090,9,144100,144100,1,6050,31984
2018-07-10,09:04:24,144100,1,144100,144120,2,6052,31986
2018-07-10,09:04:26,144090,10,144100,144120,2,6054,31986
2018-07-10,09:04:26,144120,2,144120,144130,6,6058,31982
2018-07-10,09:04:27,144050,1,144120,144130,6,6066,31976
2018-07-10,09:04:27,144050,5,144060,144080,1,6068,31976
2018-07-10,09:04:28,144050,7,144060,144080,1,6068,31976
2018-07-10,09:04:28,144050,8,144060,144080,1,6068,31976
2018-07-10,09:04:29,144050,9,144060,144080,1,6068,31976
2018-07-10,09:04:29,144050,10,144060,144080,1,6068,31976
2018-07-10,09:04:30,144050,10,144060,144080,1,6068,31976
2018-07-10,09:04:30,144050,10,144060,144080,1,6068,31976
2018-07-10,09:04:33,144080,5,144080,144120,3,6070,31976
2018-07-10,09:04:33,144080,5,144080,144120,1,6070,31976
2018-07-10,09:04:34,144080,8,144080,144110,1,6070,31976
2018-07-10,09:04:34,144080,10,144080,144110,1,6070,31976
2018-07-10,09:04:35,144080,11,144080,144110,1,6070,31976
2018-07-10,09:04:35,144080,12,144080,144120,1,6072,31978
2018-07-10,09:04:36,144080,13,144080,144120,1,6072,31978
2018-07-10,09:04:36,144080,13,144080,144120,1,6072,31978
2018-07-10,09:04:37,144090,1,144080,144120,1,6072,31978
2018-07-10,09:04:39,144090,1,144080,144120,2,6072,31978
2018-07-10,09:04:40,144090,1,144080,144120,3,6072,31978
2018-07-10,09:04:41,144090,1,144080,144120,3,6072,31978
2018-07-10,09:04:41,144090,1,144120,144120,1,6076,31978
2018-07-10,09:04:42,144090,1,144120,144120,1,6076,31978
2018-07-10,09:04:43,144120,4,144120,144130,6,6078,31980
2018-07-10,09:04:43,144120,5,144120,144130,6,6078,31980
2018-07-10,09:04:44,144140,1,144130,144150,1,6090,31980
2018-07-10,09:04:44,144130,8,144140,144150,1,6092,31982
2018-07-10,09:04:45,144130,11,144140,144150,1,6092,31982
2018-07-10,09:04:45,144150,1,144180,144180,1,6096,31980
2018-07-10,09:04:46,144160,1,144180,144190,1,6098,31978
2018-07-10,09:04:46,144190,4,144190,144240,5,6100,31976
2018-07-10,09:04:47,144190,3,144190,144220,1,6106,31972
2018-07-10,09:04:47,144190,5,144190,144210,2,6108,31972
2018-07-10,09:04:48,144190,7,144190,144200,1,6108,31972
2018-07-10,09:04:48,144190,7,144190,144200,1,6114,31972
2018-07-10,09:04:49,144190,7,144200,144230,1,6118,31970
2018-07-10,09:04:49,144190,6,144190,144220,1,6124,31966
2018-07-10,09:04:50,144190,7,144210,144220,1,6134,31966
2018-07-10,09:04:51,144220,4,144220,144230,2,6138,31962
2018-07-10,09:04:51,144220,6,144220,144230,1,6140,31960
2018-07-10,09:04:52,144230,1,144230,144240,4,6144,31958
2018-07-10,09:04:52,144220,8,144220,144240,4,6148,31954
2018-07-10,09:04:53,144220,9,144230,144240,4,6150,31954
2018-07-10,09:04:53,144240,2,144240,144280,4,6158,31954
2018-07-10,09:04:54,144240,2,144240,144280,4,6160,31952
2018-07-10,09:04:54,144240,1,144240,144280,4,6166,31950
2018-07-10,09:04:55,144260,1,144280,144280,3,6168,31950
2018-07-10,09:04:55,144200,3,144270,144240,1,6178,31960
2018-07-10,09:04:56,144240,7,144240,144300,9,6180,31962
2018-07-10,09:04:56,144250,1,144240,144290,1,6180,31962
2018-07-10,09:04:57,144250,1,144240,144300,9,6180,31962
2018-07-10,09:04:57,144240,9,144250,144300,9,6182,31960
2018-07-10,09:04:58,144250,1,144250,144290,2,6182,31960
2018-07-10,09:04:58,144240,8,144250,144260,1,6182,31960
2018-07-10,09:04:59,144240,9,144260,144300,9,6184,31960
2018-07-10,09:04:59,144250,2,144260,144290,1,6184,31960
2018-07-10,09:05:00,144240,10,144260,144300,9,6184,31960
2018-07-10,09:05:00,144240,10,144300,144300,8,6190,31962
2018-07-10,09:05:01,144250,2,144250,144280,1,6192,31962
2018-07-10,09:05:01,144250,1,144250,144280,1,6192,31962
2018-07-10,09:05:02,144250,1,144250,144280,2,6192,31962
2018-07-10,09:05:02,144240,10,144250,144280,2,6198,31960
2018-07-10,09:05:03,144240,10,144250,144270,2,6198,31960
2018-07-10,09:05:03,144240,10,144250,144270,3,6198,31960
2018-07-10,09:05:04,144200,1,144240,144250,1,6218,31954
2018-07-10,09:05:04,144220,1,144240,144240,1,6224,31958
2018-07-10,09:05:05,144130,3,144230,144240,2,6232,31960
2018-07-10,09:05:05,144200,1,144230,144230,2,6236,31962
2018-07-10,09:05:06,144210,2,144230,144240,2,6236,31962
2018-07-10,09:05:06,144210,1,144230,144240,1,6236,31962
2018-07-10,09:05:09,144130,3,144210,144240,1,6238,31960
2018-07-10,09:05:10,144150,2,144210,144220,1,6238,31960
2018-07-10,09:05:10,144160,1,144210,144230,3,6238,31960
2018-07-10,09:05:11,144170,1,144210,144210,1,6238,31960
2018-07-10,09:05:11,144180,1,144210,144210,1,6238,31960
2018-07-10,09:05:12,144180,1,144180,144210,1,6240,31958
2018-07-10,09:05:12,144210,3,144210,144220,1,6242,31958
2018-07-10,09:05:13,144210,3,144210,144230,1,6242,31958
2018-07-10,09:05:14,144210,3,144210,144230,1,6242,31958
2018-07-10,09:05:14,144210,6,144210,144230,1,6242,31958
2018-07-10,09:05:15,144210,7,144230,144250,1,6244,31958
2018-07-10,09:05:15,144220,3,144250,144280,1,6246,31956
2018-07-10,09:05:16,144230,2,144250,144270,1,6246,31956
2018-07-10,09:05:16,144220,3,144250,144230,1,6246,31956
2018-07-10,09:05:17,144240,2,144230,144280,1,6248,31956
2018-07-10,09:05:17,144230,2,144240,144260,1,6252,31952
2018-07-10,09:05:18,144230,3,144230,144270,1,6258,31954
2018-07-10,09:05:18,144230,3,144230,144270,1,6260,31952
2018-07-10,09:05:19,144230,3,144230,144300,9,6260,31952
2018-07-10,09:05:19,144240,1,144290,144300,9,6264,31950
2018-07-10,09:05:20,144260,2,144290,144290,2,6264,31950
2018-07-10,09:05:20,144260,2,144290,144290,1,6264,31950
2018-07-10,09:05:21,144260,5,144290,144300,9,6264,31950
2018-07-10,09:05:22,144260,5,144290,144300,9,6264,31950
2018-07-10,09:05:23,144260,3,144260,144300,9,6268,31954
2018-07-10,09:05:24,144260,2,144260,144300,9,6270,31952
2018-07-10,09:05:24,144240,2,144260,144300,9,6274,31952
2018-07-10,09:05:25,144250,1,144260,144260,1,6274,31952
2018-07-10,09:05:25,144240,1,144250,144250,1,6276,31952
2018-07-10,09:05:26,144220,3,144240,144240,3,6278,31952
2018-07-10,09:05:26,144160,1,144220,144210,1,6284,31948
2018-07-10,09:05:27,144180,1,144210,144220,3,6288,31946
2018-07-10,09:05:27,144210,1,144220,144240,2,6296,31940
2018-07-10,09:05:28,144220,1,144220,144240,2,6296,31940
2018-07-10,09:05:28,144210,1,144240,144240,1,6298,31940
2018-07-10,09:05:29,144160,1,144240,144260,1,6300,31942
2018-07-10,09:05:29,144180,1,144240,144240,1,6300,31942
2018-07-10,09:05:30,144170,2,144240,144250,1,6300,31942
2018-07-10,09:05:30,144170,2,144240,144250,1,6300,31942
2018-07-10,09:05:31,144180,1,144240,144240,2,6300,31942
2018-07-10,09:05:31,144240,3,144240,144250,1,6304,31946
2018-07-10,09:05:32,144240,1,144240,144260,1,6308,31946
2018-07-10,09:05:32,144180,1,144240,144240,1,6310,31946
2018-07-10,09:05:33,144190,1,144240,144230,1,6310,31946
2018-07-10,09:05:33,144200,1,144240,144240,1,6310,31946
2018-07-10,09:05:34,144210,1,144240,144240,1,6310,31946
2018-07-10,09:05:34,144210,2,144240,144240,1,6310,31946
2018-07-10,09:05:37,144210,2,144240,144240,1,6310,31946
2018-07-10,09:05:43,144210,2,144240,144240,1,6310,31946
2018-07-10,09:05:43,144210,1,144240,144240,1,6310,31946
2018-07-10,09:05:47,144210,1,144240,144240,1,6310,31946
2018-07-10,09:05:48,144210,1,144240,144240,2,6310,31946
2018-07-10,09:05:48,144200,1,144210,144240,2,6312,31946
2018-07-10,09:05:49,144200,1,144210,144240,3,6312,31946
2018-07-10,09:05:49,144190,1,144200,144240,3,6314,31944
2018-07-10,09:05:50,144200,1,144200,144230,1,6314,31944
2018-07-10,09:05:50,144190,1,144200,144240,3,6314,31944
2018-07-10,09:05:52,144190,1,144200,144230,1,6314,31944
2018-07-10,09:05:53,144230,1,144230,144240,3,6316,31946
2018-07-10,09:05:54,144180,1,144230,144220,2,6318,31948
2018-07-10,09:05:54,144180,1,144180,144220,2,6320,31946
2018-07-10,09:05:55,144180,1,144180,144220,2,6320,31946
2018-07-10,09:05:55,144190,1,144180,144220,2,6320,31946
2018-07-10,09:05:56,144190,1,144180,144220,2,6320,31946
2018-07-10,09:06:00,144200,1,144220,144220,1,6322,31946
2018-07-10,09:06:00,144200,1,144220,144240,4,6324,31946
2018-07-10,09:06:01,144220,6,144220,144240,3,6324,31946
2018-07-10,09:06:01,144220,6,144240,144260,6,6330,31946
2018-07-10,09:06:02,144240,1,144260,144260,5,6332,31944
2018-07-10,09:06:02,144240,1,144260,144280,2,6344,31940
2018-07-10,09:06:03,144240,1,144280,144300,9,6348,31940
2018-07-10,09:06:03,144250,2,144280,144290,1,6348,31940
2018-07-10,09:06:04,144250,1,144280,144300,9,6348,31940
2018-07-10,09:06:04,144260,1,144280,144300,9,6348,31940
2018-07-10,09:06:05,144260,2,144280,144300,9,6348,31940
2018-07-10,09:06:06,144250,1,144260,144300,9,6354,31946
2018-07-10,09:06:06,144260,1,144260,144290,1,6354,31946
2018-07-10,09:06:07,144260,1,144260,144300,9,6354,31946
2018-07-10,09:06:07,144260,1,144260,144290,1,6354,31946
2018-07-10,09:06:08,144260,1,144260,144300,9,6354,31946
2018-07-10,09:06:12,144260,1,144260,144270,1,6354,31946
2018-07-10,09:06:12,144240,1,144260,144270,1,6360,31946
2018-07-10,09:06:13,144240,1,144260,144270,1,6360,31946
2018-07-10,09:06:13,144270,5,144270,144300,9,6362,31948
2018-07-10,09:06:14,144270,3,144270,144300,9,6366,31950
2018-07-10,09:06:14,144270,2,144270,144300,9,6370,31954
2018-07-10,09:06:15,144180,5,144270,144270,2,6374,31958
2018-07-10,09:06:15,144200,1,144270,144260,2,6374,31958
2018-07-10,09:06:16,144260,1,144260,144270,2,6376,31960
2018-07-10,09:06:16,144210,1,144260,144260,1,6378,31962
2018-07-10,09:06:17,144220,2,144260,144250,3,6378,31962
2018-07-10,09:06:17,144230,1,144250,144260,1,6384,31960
2018-07-10,09:06:18,144230,1,144260,144300,9,6386,31960
2018-07-10,09:06:18,144240,1,144240,144260,1,6388,31960
2018-07-10,09:06:19,144250,1,144240,144260,2,6388,31960
2018-07-10,09:06:20,144250,1,144240,144260,2,6388,31960
2018-07-10,09:06:22,144240,1,144250,144250,1,6390,31960
2018-07-10,09:06:22,144220,3,144250,144240,1,6390,31960
2018-07-10,09:06:23,144220,3,144250,144230,1,6390,31960
2018-07-10,09:06:23,144220,3,144260,144300,9,6398,31962
2018-07-10,09:06:24,144230,2,144260,144290,2,6398,31962
2018-07-10,09:06:24,144230,1,144260,144290,1,6398,31962
2018-07-10,09:06:29,144230,1,144260,144280,1,6398,31962
2018-07-10,09:06:31,144220,3,144230,144280,1,6400,31960
2018-07-10,09:06:31,144230,1,144230,144270,2,6400,31960
2018-07-10,09:06:32,144220,3,144230,144280,2,6400,31960
2018-07-10,09:06:32,144220,3,144230,144270,1,6400,31960
2018-07-10,09:06:33,144220,3,144230,144270,2,6400,31960
2018-07-10,09:06:34,144230,1,144230,144270,2,6400,31960
2018-07-10,09:06:35,144230,1,144230,144270,2,6400,31960
2018-07-10,09:06:40,144230,1,144230,144270,2,6400,31960
2018-07-10,09:06:41,144230,1,144230,144270,2,6400,31960
2018-07-10,09:06:42,144230,1,144270,144280,2,6404,31960
2018-07-10,09:06:42,144240,1,144270,144270,1,6404,31960
2018-07-10,09:06:43,144230,1,144270,144280,2,6404,31960
2018-07-10,09:06:44,144230,1,144270,144280,1,6404,31960
2018-07-10,09:06:45,144230,2,144270,144280,1,6404,31960
2018-07-10,09:06:46,144230,2,144230,144280,1,6408,31962
2018-07-10,09:06:46,144240,1,144230,144270,1,6408,31962
2018-07-10,09:06:47,144230,2,144230,144280,1,6408,31962
2018-07-10,09:06:47,144240,1,144230,144280,1,6408,31962
2018-07-10,09:06:48,144280,1,144280,144290,1,6410,31960
2018-07-10,09:06:49,144230,1,144240,144270,1,6416,31962
2018-07-10,09:06:49,144230,2,144270,144300,7,6418,31964
2018-07-10,09:06:50,144250,1,144240,144260,1,6420,31964
2018-07-10,09:06:50,144250,2,144260,144290,1,6422,31964
2018-07-10,09:06:51,144250,2,144260,144290,1,6422,31964
2018-07-10,09:06:52,144250,2,144290,144300,7,6424,31964
2018-07-10,09:06:53,144260,1,144290,144290,1,6424,31964
2018-07-10,09:06:53,144260,1,144290,144300,7,6424,31964
2018-07-10,09:06:54,144180,5,144200,144200,77,6440,31960
2018-07-10,09:06:54,144180,3,144200,144200,72,6490,31974
2018-07-10,09:06:55,144180,3,144200,144190,1,6492,31972
2018-07-10,09:06:55,144160,9,144180,144200,71,6504,31978
2018-07-10,09:06:56,144160,9,144180,144180,1,6504,31978
2018-07-10,09:06:56,144160,9,144180,144170,2,6506,31978
2018-07-10,09:06:57,144160,8,144160,144200,71,6512,31980
2018-07-10,09:06:57,144160,7,144160,144200,71,6514,31980
2018-07-10,09:06:58,144160,7,144160,144190,1,6514,31980
2018-07-10,09:06:58,144160,7,144190,144190,2,6516,31982
2018-07-10,09:06:59,144160,7,144190,144190,1,6516,31982
2018-07-10,09:06:59,144160,7,144190,144180,1,6518,31980
2018-07-10,09:07:00,144160,7,144190,144180,2,6518,31980
2018-07-10,09:07:00,144160,6,144160,144180,2,6520,31980
2018-07-10,09:07:01,144160,4,144160,144180,2,6524,31984
2018-07-10,09:07:01,144190,7,144180,144200,71,6540,31974
2018-07-10,09:07:02,144130,3,144200,144200,61,6578,31954
2018-07-10,09:07:02,144140,3,144140,144190,1,6582,31954
2018-07-10,09:07:03,144160,1,144180,144200,61,6584,31954
2018-07-10,09:07:03,144170,1,144200,144200,60,6586,31952
2018-07-10,09:07:04,144180,2,144200,144200,60,6586,31952
2018-07-10,09:07:04,144190,2,144200,144200,60,6586,31952
2018-07-10,09:07:05,144190,1,144190,144200,57,6594,31950
2018-07-10,09:07:05,144190,1,144200,144200,52,6604,31940
2018-07-10,09:07:06,144190,1,144200,144200,37,6634,31936
2018-07-10,09:07:06,144180,1,144200,144200,22,6664,31922
2018-07-10,09:07:07,144190,2,144200,144200,18,6672,31920
2018-07-10,09:07:07,144190,1,144200,144200,15,6682,31918
2018-07-10,09:07:08,144190,1,144200,144200,14,6684,31918
2018-07-10,09:07:08,144190,1,144200,144200,13,6686,31918
2018-07-10,09:07:09,144180,1,144190,144200,13,6690,31916
2018-07-10,09:07:09,144170,2,144180,144200,13,6692,31914
2018-07-10,09:07:10,144150,2,144170,144200,13,6696,31914
2018-07-10,09:07:10,144160,1,144170,144190,1,6696,31914
2018-07-10,09:07:11,144150,1,144170,144200,13,6696,31914
2018-07-10,09:07:11,144150,1,144170,144190,1,6696,31914
2018-07-10,09:07:12,144160,1,144170,144190,1,6696,31914
2018-07-10,09:07:13,144160,1,144170,144170,1,6696,31914
2018-07-10,09:07:13,144150,1,144160,144170,1,6698,31914
2018-07-10,09:07:14,144130,3,144150,144160,1,6700,31912
2018-07-10,09:07:14,144130,3,144150,144150,1,6700,31912
2018-07-10,09:07:15,144120,1,144130,144140,1,6706,31914
2018-07-10,09:07:15,144100,1,144150,144160,1,6714,31910
2018-07-10,09:07:16,144170,6,144170,144180,1,6722,31912
2018-07-10,09:07:16,144100,1,144170,144180,1,6738,31910
2018-07-10,09:07:17,144110,2,144170,144170,4,6738,31910
2018-07-10,09:07:17,144110,2,144170,144170,3,6738,31910
2018-07-10,09:07:18,144120,1,144170,144160,1,6738,31910
2018-07-10,09:07:18,144120,1,144120,144160,2,6740,31910
2018-07-10,09:07:19,144110,2,144120,144160,1,6742,31908
2018-07-10,09:07:19,144120,1,144120,144150,2,6742,31908
2018-07-10,09:07:20,144110,2,144120,144150,1,6742,31908
2018-07-10,09:07:21,144110,2,144120,144150,1,6742,31908
2018-07-10,09:07:22,144110,2,144120,144150,1,6742,31908
2018-07-10,09:07:24,144110,2,144120,144150,1,6742,31908
2018-07-10,09:07:25,144120,2,144120,144150,1,6742,31908
2018-07-10,09:07:26,144120,2,144120,144150,1,6742,31908
2018-07-10,09:07:27,144120,2,144150,144170,2,6744,31908
2018-07-10,09:07:28,144130,1,144150,144160,1,6744,31908
2018-07-10,09:07:28,144120,2,144150,144170,2,6744,31908
2018-07-10,09:07:30,144120,2,144150,144160,1,6744,31908
2018-07-10,09:07:31,144130,1,144120,144160,1,6746,31910
2018-07-10,09:07:32,144130,1,144120,144150,1,6746,31910
2018-07-10,09:07:32,144130,1,144120,144150,1,6746,31910
2018-07-10,09:07:33,144130,1,144120,144150,1,6746,31910
2018-07-10,09:07:33,144130,1,144150,144160,1,6748,31910
2018-07-10,09:07:34,144150,2,144150,144160,1,6748,31910
2018-07-10,09:07:34,144130,1,144150,144180,1,6758,31906
2018-07-10,09:07:35,144140,1,144150,144170,1,6758,31906
2018-07-10,09:07:35,144120,2,144130,144150,2,6760,31904
2018-07-10,09:07:36,144120,2,144150,144150,1,6762,31904
2018-07-10,09:07:36,144120,2,144150,144150,1,6762,31904
2018-07-10,09:07:38,144120,2,144150,144150,1,6762,31904
2018-07-10,09:07:41,144120,3,144150,144150,1,6762,31904
2018-07-10,09:07:42,144120,3,144150,144150,1,6762,31904
2018-07-10,09:07:43,144130,1,144150,144150,1,6762,31904
2018-07-10,09:07:44,144130,1,144150,144150,1,6762,31904
2018-07-10,09:07:46,144130,1,144150,144150,2,6762,31904
2018-07-10,09:07:48,144130,1,144150,144150,2,6762,31904
2018-07-10,09:07:48,144120,3,144130,144150,2,6764,31904
2018-07-10,09:07:51,144120,3,144130,144150,2,6764,31904
2018-07-10,09:07:52,144120,3,144130,144150,4,6764,31904
2018-07-10,09:07:53,144120,2,144120,144150,4,6768,31902
2018-07-10,09:07:53,144120,1,144120,144150,4,6770,31900
2018-07-10,09:07:54,144100,2,144120,144140,1,6772,31900
2018-07-10,09:07:54,144100,2,144120,144140,1,6772,31900
2018-07-10,09:07:55,144100,2,144120,144150,4,6772,31900
2018-07-10,09:07:55,144100,2,144120,144140,1,6772,31900
2018-07-10,09:07:58,144120,1,144120,144140,1,6772,31900
2018-07-10,09:07:58,144100,2,144120,144140,1,6774,31900
2018-07-10,09:07:59,144100,2,144140,144150,4,6776,31902
2018-07-10,09:07:59,144100,2,144110,144130,1,6778,31902
2018-07-10,09:08:00,144100,2,144110,144130,1,6778,31902
2018-07-10,09:08:04,144110,1,144110,144130,1,6778,31902
2018-07-10,09:08:05,144100,2,144110,144130,1,6780,31902
2018-07-10,09:08:05,144100,3,144110,144130,1,6780,31902
2018-07-10,09:08:06,144110,1,144110,144130,3,6780,31902
2018-07-10,09:08:06,144100,2,144110,144130,3,6780,31902
2018-07-10,09:08:07,144100,3,144110,144120,1,6780,31902
2018-07-10,09:08:07,144100,3,144110,144110,1,6780,31902
2018-07-10,09:08:08,144100,1,144100,144110,1,6784,31900
2018-07-10,09:08:08,144080,5,144100,144090,1,6786,31900
2018-07-10,09:08:09,144080,2,144080,144090,1,6792,31896
2018-07-10,09:08:09,144050,2,144080,144080,2,6796,31896
2018-07-10,09:08:10,144050,2,144080,144080,2,6796,31896
2018-07-10,09:08:10,144050,2,144080,144080,3,6796,31896
2018-07-10,09:08:11,144050,3,144080,144080,2,6798,31896
2018-07-10,09:08:11,144060,1,144080,144080,1,6800,31894
2018-07-10,09:08:12,144080,1,144080,144090,1,6802,31892
2018-07-10,09:08:12,144080,2,144090,144130,3,6804,31892
2018-07-10,09:08:13,144090,1,144090,144120,1,6804,31892
2018-07-10,09:08:13,144080,2,144090,144130,3,6804,31892
2018-07-10,09:08:14,144080,2,144090,144120,1,6804,31892
2018-07-10,09:08:14,144080,2,144090,144120,2,6804,31892
2018-07-10,09:08:15,144080,2,144120,144130,3,6808,31890
2018-07-10,09:08:15,144090,1,144120,144120,1,6808,31890
2018-07-10,09:08:16,144080,2,144120,144130,3,6808,31890
2018-07-10,09:08:17,144080,2,144120,144100,1,6808,31890
2018-07-10,09:08:20,144080,1,144120,144100,1,6808,31890
2018-07-10,09:08:20,144060,1,144080,144100,1,6810,31892
2018-07-10,09:08:21,144060,1,144080,144080,2,6810,31892
2018-07-10,09:08:23,144060,1,144080,144080,1,6812,31894
2018-07-10,09:08:24,144080,4,144080,144100,1,6814,31894
2018-07-10,09:08:24,144090,1,144080,144100,1,6814,31894
2018-07-10,09:08:25,144090,1,144100,144130,3,6816,31894
2018-07-10,09:08:25,144090,2,144100,144130,3,6816,31894
2018-07-10,09:08:26,144100,1,144100,144130,3,6816,31894
2018-07-10,09:08:26,144100,1,144100,144130,3,6816,31894
2018-07-10,09:08:27,144100,1,144100,144130,3,6816,31894
2018-07-10,09:08:28,144090,2,144100,144100,3,6818,31896
2018-07-10,09:08:29,144090,2,144100,144100,2,6820,31898
2018-07-10,09:08:29,144090,2,144100,144130,3,6824,31902
2018-07-10,09:08:30,144100,1,144100,144130,3,6824,31902
2018-07-10,09:08:32,144100,1,144100,144130,3,6824,31902
2018-07-10,09:08:37,144090,2,144100,144130,3,6826,31902
2018-07-10,09:08:37,144080,3,144090,144090,1,6828,31902
2018-07-10,09:08:38,144060,1,144080,144080,1,6834,31900
2018-07-10,09:08:38,144050,2,144080,144060,4,6834,31900
2018-07-10,09:08:39,144040,3,144050,144050,2,6838,31898
2018-07-10,09:08:39,144030,2,144030,144040,1,6850,31892
2018-07-10,09:08:40,144000,1,144030,144020,1,6854,31892
2018-07-10,09:08:40,144000,2,144010,144020,2,6856,31892
2018-07-10,09:08:43,144000,2,144010,144020,2,6856,31892
2018-07-10,09:08:43,144000,2,144020,144040,1,6860,31892
2018-07-10,09:08:44,144000,2,144010,144040,1,6862,31890
2018-07-10,09:08:46,144010,2,144010,144040,1,6862,31890
2018-07-10,09:08:47,144010,2,144010,144050,2,6862,31890
2018-07-10,09:08:47,144010,2,144010,144050,2,6862,31890
2018-07-10,09:08:48,144010,2,144010,144050,2,6862,31890
2018-07-10,09:08:49,144010,1,144010,144050,2,6864,31892
2018-07-10,09:08:49,144010,1,144010,144040,1,6864,31892
2018-07-10,09:08:50,144010,1,144010,144040,1,6864,31892
2018-07-10,09:08:51,144010,1,144010,144040,2,6864,31892
2018-07-10,09:08:52,144010,1,144040,144050,2,6868,31888
2018-07-10,09:08:54,144010,2,144040,144050,2,6868,31888
2018-07-10,09:08:57,144010,2,144040,144050,2,6868,31888
2018-07-10,09:08:57,144030,1,144040,144050,2,6868,31888
2018-07-10,09:08:59,144030,1,144040,144050,2,6868,31888
2018-07-10,09:09:01,144030,1,144040,144050,2,6868,31888
2018-07-10,09:09:04,144030,1,144040,144040,7,6868,31888
2018-07-10,09:09:04,144010,2,144030,144040,8,6870,31890
2018-07-10,09:09:05,144010,2,144030,144030,1,6870,31890
2018-07-10,09:09:05,144010,2,144030,144030,2,6870,31890
2018-07-10,09:09:06,144010,2,144030,144030,3,6870,31890
2018-07-10,09:09:06,144000,3,144010,144010,7,6874,31892
2018-07-10,09:09:07,143980,1,144000,143990,1,6880,31888
2018-07-10,09:09:07,143920,1,143970,143970,1,6886,31888
2018-07-10,09:09:08,143960,1,143960,143970,1,6890,31890
2018-07-10,09:09:08,143960,2,143960,143970,2,6890,31890
2018-07-10,09:09:09,143930,1,143960,143970,2,6894,31890
2018-07-10,09:09:10,143920,1,143930,143970,2,6896,31890
2018-07-10,09:09:10,143930,1,143930,143960,2,6896,31890
2018-07-10,09:09:11,143920,1,143930,143960,1,6896,31890
2018-07-10,09:09:11,143920,1,143930,143970,2,6896,31890
2018-07-10,09:09:14,143920,1,143930,143970,2,6896,31890
2018-07-10,09:09:16,143920,1,143930,143970,2,6896,31890
2018-07-10,09:09:17,143920,1,143930,143970,2,6896,31890
2018-07-10,09:09:20,143920,1,143930,143970,2,6896,31890
2018-07-10,09:09:20,143930,1,143920,143970,2,6898,31892
2018-07-10,09:09:21,143930,1,143920,143960,1,6898,31892
2018-07-10,09:09:21,143930,3,143920,143960,1,6898,31892
2018-07-10,09:09:22,143930,2,143920,143970,2,6898,31892
2018-07-10,09:09:22,143930,3,143920,143960,1,6898,31892
2018-07-10,09:09:23,143930,3,143920,143970,1,6898,31892
2018-07-10,09:09:23,143930,3,143920,143970,2,6898,31892
2018-07-10,09:09:25,143930,3,143920,143970,2,6898,31892
2018-07-10,09:09:27,143930,2,143930,143970,2,6900,31892
2018-07-10,09:09:28,143920,1,143930,143960,1,6904,31892
2018-07-10,09:09:28,143970,10,143970,143980,3,6908,31892
2018-07-10,09:09:29,143960,1,143970,143980,4,6928,31910
2018-07-10,09:09:29,143920,1,143970,143980,4,6932,31912
2018-07-10,09:09:30,143920,2,143970,143970,2,6932,31912
2018-07-10,09:09:30,143960,2,143970,143970,2,6932,31912
2018-07-10,09:09:31,143920,1,143960,143960,2,6936,31908
2018-07-10,09:09:31,143920,2,143960,143960,2,6936,31908
2018-07-10,09:09:32,143930,1,143960,143960,3,6936,31908
2018-07-10,09:09:32,143930,2,143960,143960,3,6936,31908
2018-07-10,09:09:33,143930,1,143960,143960,3,6936,31908
2018-07-10,09:09:33,143940,1,143960,143960,3,6936,31908
2018-07-10,09:09:34,143970,2,143960,143980,3,6942,31908
2018-07-10,09:09:34,143970,2,143960,143980,3,6942,31908
2018-07-10,09:09:35,143970,1,143970,143980,3,6944,31908
2018-07-10,09:09:35,143960,1,143970,143980,3,6946,31908
2018-07-10,09:09:37,143940,1,143960,143960,6,6948,31910
2018-07-10,09:09:37,143920,2,143940,143940,3,6950,31912
2018-07-10,09:09:38,143900,7,143960,143960,4,6966,31916
2018-07-10,09:09:38,143910,1,143960,143960,4,6966,31916
2018-07-10,09:09:39,143910,2,143960,143960,4,6966,31916
2018-07-10,09:09:39,143920,1,143960,143960,5,6966,31916
2018-07-10,09:09:40,143920,2,143960,143960,2,6972,31922
2018-07-10,09:09:40,143920,2,143960,144040,7,6976,31920
2018-07-10,09:09:41,143930,3,143960,144020,1,6976,31920
2018-07-10,09:09:41,143940,2,143960,144020,1,6976,31920
2018-07-10,09:09:42,143950,1,143960,144030,3,6976,31920
2018-07-10,09:09:42,143950,2,143960,144020,2,6976,31920
2018-07-10,09:09:43,143960,1,143960,144010,1,6976,31920
2018-07-10,09:09:43,143950,2,143960,144010,1,6976,31920
2018-07-10,09:09:44,143950,2,143960,144010,1,6976,31920
2018-07-10,09:09:48,143950,2,143960,144010,2,6976,31920
2018-07-10,09:09:48,143950,1,143950,143980,1,6978,31922
2018-07-10,09:09:49,143940,2,143950,143980,1,6978,31922
2018-07-10,09:09:49,143940,2,143950,143970,1,6978,31922
2018-07-10,09:09:50,143940,2,143950,143970,1,6978,31922
2018-07-10,09:09:50,143940,2,143950,143970,1,6978,31922
2018-07-10,09:09:51,143940,2,143950,143970,1,6978,31922
2018-07-10,09:09:52,143940,2,143950,143970,1,6978,31922
2018-07-10,09:09:52,143940,2,143950,143970,2,6978,31922
2018-07-10,09:09:53,143940,2,143950,143970,3,6978,31922
2018-07-10,09:09:53,143940,1,143950,143970,3,6978,31922
2018-07-10,09:09:54,143930,1,143950,143970,3,6978,31922
2018-07-10,09:09:54,143930,1,143950,143970,3,6978,31922
2018-07-10,09:09:55,143930,1,143970,143970,2,6980,31922
2018-07-10,09:09:56,143930,1,143970,143980,2,6984,31922
2018-07-10,09:09:57,143950,1,143970,143980,2,6984,31922
2018-07-10,09:10:00,143950,1,143980,144000,2,6988,31920
2018-07-10,09:10:00,143950,1,143980,143990,1,6988,31920
2018-07-10,09:10:02,143950,1,143980,143990,1,6988,31920
2018-07-10,09:10:02,143950,3,143980,143990,1,6988,31920
2018-07-10,09:10:03,143950,3,143980,143990,2,6988,31920
2018-07-10,09:10:04,143950,3,143980,143990,2,6988,31920
2018-07-10,09:10:04,143950,3,143990,143990,1,6990,31922
2018-07-10,09:10:05,143960,1,143990,143980,1,6990,31922
2018-07-10,09:10:05,143960,1,143980,144000,2,6992,31920
2018-07-10,09:10:06,143960,2,143980,144000,3,6992,31920
2018-07-10,09:10:06,143960,3,143980,144000,3,6992,31920
2018-07-10,09:10:07,143980,1,143980,144000,3,6992,31920
2018-07-10,09:10:07,143980,1,143980,144000,3,6992,31920
2018-07-10,09:10:08,143980,1,143980,143990,1,6992,31920
2018-07-10,09:10:08,143980,1,143980,143990,1,6992,31920
2018-07-10,09:10:09,143980,1,143990,143990,1,6994,31918
2018-07-10,09:10:09,143980,1,144000,144000,1,6998,31916
2018-07-10,09:10:10,143980,2,144000,144020,1,7000,31914
2018-07-10,09:10:10,143990,1,144000,144020,1,7000,31914
2018-07-10,09:10:11,143990,1,144000,144020,1,7000,31914
2018-07-10,09:10:14,144000,1,144000,144020,1,7000,31914
2018-07-10,09:10:17,144000,2,144020,144040,7,7002,31914
2018-07-10,09:10:17,144000,3,144020,144040,7,7002,31914
2018-07-10,09:10:18,144000,3,144020,144040,7,7002,31914
2018-07-10,09:10:19,144000,3,144020,144090,3,7002,31914
2018-07-10,09:10:19,144010,3,144020,144080,2,7002,31914
2018-07-10,09:10:20,144020,2,144020,144080,3,7002,31914
2018-07-10,09:10:20,144030,1,144020,144060,1,7002,31914
2018-07-10,09:10:21,144020,2,144020,144060,1,7002,31914
2018-07-10,09:10:21,144020,1,144020,144060,2,7004,31914
2018-07-10,09:10:22,144010,2,144020,144020,6,7006,31914
2018-07-10,09:10:23,144000,1,144000,144010,1,7010,31916
2018-07-10,09:10:23,143990,1,144000,144000,1,7012,31916
2018-07-10,09:10:24,143900,6,143950,144010,1,7016,31914
2018-07-10,09:10:24,143920,1,143950,144000,1,7016,31914
2018-07-10,09:10:25,143930,1,143950,143990,1,7016,31914
2018-07-10,09:10:25,143930,1,143950,143990,1,7016,31914
2018-07-10,09:10:26,143940,1,143950,143980,1,7016,31914
2018-07-10,09:10:26,143950,1,143950,143980,1,7016,31914
2018-07-10,09:10:27,143950,1,143950,143990,1,7016,31914
2018-07-10,09:10:28,143950,1,143950,143990,1,7016,31914
2018-07-10,09:10:30,143950,1,143950,143990,1,7016,31914
2018-07-10,09:10:31,143950,1,143950,143990,1,7016,31914
2018-07-10,09:10:33,143950,1,143950,143990,1,7016,31914
2018-07-10,09:10:36,143990,1,143990,144010,1,7018,31914
2018-07-10,09:10:37,143950,1,143990,144010,1,7020,31916
2018-07-10,09:10:37,143950,1,143990,144000,1,7020,31916
2018-07-10,09:10:44,143950,1,143990,144000,1,7020,31916
2018-07-10,09:10:48,143980,1,143990,144000,1,7020,31916
2018-07-10,09:10:48,143980,1,143990,144010,2,7020,31916
2018-07-10,09:10:49,143980,2,143990,144010,2,7020,31916
2018-07-10,09:10:49,143990,1,143990,144010,2,7020,31916
2018-07-10,09:10:50,143990,2,144010,144090,3,7024,31912
2018-07-10,09:10:50,144000,4,144010,144080,4,7024,31912
2018-07-10,09:10:51,144000,4,144010,144040,1,7024,31912
2018-07-10,09:10:51,144000,2,144010,144040,2,7024,31912
2018-07-10,09:10:52,144000,2,144010,144040,2,7024,31912
2018-07-10,09:10:52,144000,2,144010,144040,2,7024,31912
2018-07-10,09:10:53,143990,1,144000,144000,4,7028,31912
2018-07-10,09:10:53,143950,1,143980,143990,1,7030,31914
2018-07-10,09:10:54,143950,1,143980,143990,1,7030,31914
2018-07-10,09:10:55,143950,1,143980,143990,1,7030,31914
2018-07-10,09:10:56,143950,1,143980,143990,1,7030,31914
2018-07-10,09:10:56,143950,1,143980,143990,2,7030,31914
2018-07-10,09:10:57,143950,1,143980,143990,2,7030,31914
2018-07-10,09:11:25,143960,1,143980,144010,2,7036,31914
2018-07-10,09:11:27,143960,1,143980,144000,1,7036,31914
2018-07-10,09:11:31,143960,1,143980,144010,2,7036,31914
2018-07-10,09:11:33,143960,1,143980,144010,2,7036,31914
2018-07-10,09:11:38,143980,1,143980,144010,2,7036,31914
2018-07-10,09:11:38,143980,1,143980,144010,2,7036,31914
2018-07-10,09:11:39,143980,2,143980,144010,2,7036,31914
2018-07-10,09:11:40,143980,2,143980,144000,4,7036,31914
2018-07-10,09:11:41,143980,1,143980,144000,4,7038,31914
2018-07-10,09:11:41,143950,1,143980,143980,1,7040,31914
2018-07-10,09:11:42,143950,1,143980,143980,1,7040,31914
2018-07-10,09:11:44,143950,1,143980,143980,1,7040,31914
2018-07-10,09:11:48,143950,1,143980,144000,6,7042,31914
2018-07-10,09:11:48,143950,2,143980,144000,6,7042,31914
2018-07-10,09:11:49,143950,2,143980,143990,1,7042,31914
2018-07-10,09:11:54,143950,2,143980,143990,1,7042,31914
2018-07-10,09:11:57,143950,2,143980,143990,1,7042,31914
2018-07-10,09:11:58,143950,2,143980,143990,1,7042,31914
2018-07-10,09:12:02,143910,1,143950,143950,4,7046,31912
2018-07-10,09:12:03,143960,1,143950,143990,1,7054,31904
2018-07-10,09:12:05,143960,1,143950,143990,1,7054,31904
2018-07-10,09:12:07,143960,1,143950,143990,1,7054,31904
2018-07-10,09:12:09,143900,5,143960,143960,1,7056,31902
2018-07-10,09:12:10,143910,1,143910,143950,1,7060,31900
2018-07-10,09:12:10,143910,2,143950,143990,1,7062,31900
2018-07-10,09:12:11,143920,2,143950,143980,2,7062,31900
2018-07-10,09:12:11,143920,3,143950,143980,2,7062,31900
2018-07-10,09:12:12,143920,3,143950,143970,1,7062,31900
2018-07-10,09:12:13,143920,2,143920,143970,1,7064,31900
2018-07-10,09:12:16,143920,2,143920,143970,3,7064,31900
2018-07-10,09:12:16,143920,1,143920,143960,2,7064,31900
2018-07-10,09:12:17,143930,1,143920,143950,1,7064,31900
2018-07-10,09:12:17,143930,2,143920,143950,1,7064,31900
2018-07-10,09:12:18,143930,2,143920,143960,2,7064,31900
2018-07-10,09:12:20,143930,2,143960,143960,1,7066,31900
2018-07-10,09:12:21,143930,2,143960,143970,2,7068,31898
2018-07-10,09:12:21,143940,1,143960,143970,2,7068,31898
2018-07-10,09:12:23,143940,1,143960,143970,2,7068,31898
2018-07-10,09:12:28,143940,1,143960,143970,2,7068,31898
2018-07-10,09:12:29,143940,1,143960,143970,2,7068,31898
2018-07-10,09:12:39,143960,1,143960,143970,2,7068,31898
2018-07-10,09:12:39,143970,2,143970,143980,1,7072,31900
2018-07-10,09:12:40,143990,1,143990,144010,1,7076,31898
2018-07-10,09:12:40,143980,2,143990,144100,3,7080,31896
2018-07-10,09:12:41,143990,4,143990,144080,1,7080,31896
2018-07-10,09:12:41,144000,1,143990,144070,2,7080,31896
2018-07-10,09:12:42,144010,1,143990,144030,1,7080,31896
2018-07-10,09:12:42,144000,1,144010,144030,2,7082,31896
2018-07-10,09:12:43,143990,2,144010,144020,1,7082,31896
2018-07-10,09:12:43,143990,2,144010,144020,2,7082,31896
2018-07-10,09:12:46,143990,2,144010,144020,2,7082,31896
2018-07-10,09:12:46,143990,2,144010,144020,2,7082,31896
2018-07-10,09:12:48,143990,2,144010,144020,2,7082,31896
2018-07-10,09:12:49,143990,2,144010,144000,4,7082,31896
2018-07-10,09:12:50,143960,1,143990,143990,2,7086,31900
2018-07-10,09:12:50,143960,1,143990,143980,1,7086,31900
2018-07-10,09:12:51,143960,1,143990,143980,2,7086,31900
2018-07-10,09:12:51,143930,2,143960,143980,2,7088,31902
2018-07-10,09:12:52,143930,2,143960,143980,2,7088,31902
2018-07-10,09:12:55,143930,2,143960,143980,2,7088,31902
2018-07-10,09:12:56,143930,2,143960,143980,2,7088,31902
2018-07-10,09:12:56,143950,5,143960,143980,2,7088,31902
2018-07-10,09:12:57,143950,5,143960,143990,3,7088,31902
2018-07-10,09:12:57,143950,5,143960,143990,2,7088,31902
2018-07-10,09:12:58,143950,5,143960,144000,4,7088,31902
2018-07-10,09:12:58,143950,5,143960,144000,4,7088,31902
2018-07-10,09:13:00,143950,5,143960,144000,4,7088,31902
2018-07-10,09:13:01,143950,5,143960,144000,4,7088,31902
2018-07-10,09:13:02,143950,5,143960,144000,4,7088,31902
2018-07-10,09:13:03,143960,5,143960,144000,4,7088,31902
2018-07-10,09:13:03,143960,6,143960,144000,4,7088,31902
2018-07-10,09:13:05,143960,6,143960,144000,4,7088,31902
2018-07-10,09:13:05,143960,5,143960,144000,4,7088,31902
2018-07-10,09:13:08,143960,5,143960,144000,4,7088,31902
2018-07-10,09:13:09,143960,4,143960,144000,4,7090,31900
2018-07-10,09:13:09,143960,4,143960,143990,1,7090,31900
2018-07-10,09:13:10,143960,4,143960,143990,1,7090,31900
2018-07-10,09:13:11,143970,1,143960,143990,1,7090,31900
2018-07-10,09:13:15,143980,5,143960,143990,1,7090,31900
2018-07-10,09:13:16,143990,2,144000,144000,3,7094,31896
2018-07-10,09:13:16,144000,2,144000,144020,1,7100,31896
2018-07-10,09:13:17,144000,3,144020,144020,1,7102,31894
2018-07-10,09:13:17,144020,1,144020,144030,1,7106,31892
2018-07-10,09:13:18,144030,1,144030,144040,1,7108,31892
2018-07-10,09:13:18,144040,1,144040,144100,3,7110,31890
2018-07-10,09:13:19,143990,2,144040,144090,1,7114,31888
2018-07-10,09:13:19,144000,2,144040,144080,3,7114,31888
2018-07-10,09:13:20,144000,2,144040,144070,1,7114,31888
2018-07-10,09:13:20,144000,2,144040,144060,1,7114,31888
2018-07-10,09:13:21,144000,1,144040,144050,1,7114,31888
2018-07-10,09:13:21,144000,1,144040,144040,1,7114,31888
2018-07-10,09:13:22,143990,2,144040,144040,2,7114,31888
2018-07-10,09:13:24,143970,1,144040,144040,2,7114,31888
2018-07-10,09:13:24,143980,1,144040,144030,1,7114,31888
2018-07-10,09:13:25,143980,1,144040,144020,1,7114,31888
2018-07-10,09:13:25,143980,1,144040,144020,1,7114,31888
2018-07-10,09:13:26,143980,1,144040,144020,1,7114,31888
2018-07-10,09:13:30,143980,1,144040,144020,2,7114,31888
2018-07-10,09:13:31,143980,1,144040,144020,2,7114,31888
2018-07-10,09:13:33,143980,1,144020,144020,1,7116,31888
2018-07-10,09:13:41,143980,1,144020,144020,1,7116,31888
2018-07-10,09:13:44,143980,1,144020,144020,2,7116,31888
2018-07-10,09:13:46,143980,1,144020,144020,2,7116,31888
2018-07-10,09:13:48,143980,1,144020,144020,1,7118,31888
2018-07-10,09:13:51,143980,1,144020,144030,1,7120,31888
2018-07-10,09:13:52,143970,1,143980,144030,1,7122,31886
2018-07-10,09:13:52,143970,1,143980,144020,1,7122,31886
2018-07-10,09:13:53,143960,4,144020,144030,1,7126,31888
2018-07-10,09:13:53,143970,2,144020,144020,1,7126,31888
2018-07-10,09:13:54,143970,1,143970,144030,2,7130,31888
2018-07-10,09:13:54,143970,1,143970,144020,1,7130,31888
2018-07-10,09:13:55,143970,1,143970,144020,5,7130,31888
2018-07-10,09:13:55,143970,1,143970,144010,1,7130,31888
2018-07-10,09:13:56,143970,1,144010,144010,2,7132,31890
2018-07-10,09:13:56,143960,4,143970,144010,1,7134,31890
2018-07-10,09:13:57,143960,3,144010,144020,4,7138,31888
2018-07-10,09:13:57,143970,1,144010,144020,4,7138,31888
2018-07-10,09:13:58,143970,2,144010,144020,4,7138,31888
2018-07-10,09:13:59,143970,2,144010,144010,1,7138,31888
2018-07-10,09:13:59,143970,1,144010,144020,4,7140,31888
2018-07-10,09:14:00,143970,1,144010,144020,1,7140,31888
2018-07-10,09:14:02,143970,1,144010,144010,1,7140,31888
2018-07-10,09:14:02,143970,1,144010,144010,1,7140,31888
2018-07-10,09:14:06,143970,1,144010,144010,2,7140,31888
2018-07-10,09:14:06,143970,1,144010,144010,1,7140,31888
2018-07-10,09:14:07,143980,1,144010,144010,1,7140,31888
2018-07-10,09:14:16,143980,1,144010,144010,1,7140,31888
2018-07-10,09:14:18,143980,1,144010,144020,1,7142,31888
2018-07-10,09:14:18,143980,1,144010,144030,2,7142,31888
2018-07-10,09:14:21,143980,1,144010,144030,2,7142,31888
2018-07-10,09:14:24,143980,1,144010,144030,2,7144,31888
2018-07-10,09:14:30,143980,1,144010,144030,2,7144,31888
2018-07-10,09:14:32,143980,2,144010,144030,2,7144,31888
2018-07-10,09:14:45,143980,2,144010,144030,2,7144,31888
2018-07-10,09:15:05,143980,3,144010,144030,3,7144,31888
2018-07-10,09:15:05,143980,3,144010,144030,3,7144,31888
2018-07-10,09:15:07,143980,3,144010,144030,3,7144,31888
2018-07-10,09:15:11,143980,3,144030,144030,1,7148,31890
2018-07-10,09:15:12,143990,1,144030,144030,1,7148,31890
2018-07-10,09:15:16,143980,3,143990,144030,1,7150,31888
2018-07-10,09:15:16,143990,1,143990,144030,1,7150,31888
2018-07-10,09:15:17,143980,3,143990,144030,1,7152,31888
2018-07-10,09:15:20,143980,5,143990,144030,1,7152,31888
2018-07-10,09:15:24,144030,1,144030,144050,1,7154,31886
2018-07-10,09:15:24,143980,4,144030,144030,1,7156,31886
2018-07-10,09:15:25,143990,1,144030,144030,1,7156,31886
2018-07-10,09:15:26,143980,4,143990,144030,1,7158,31884
2018-07-10,09:15:28,143980,4,144030,144040,1,7160,31884
2018-07-10,09:15:28,143990,1,144030,144040,1,7160,31884
2018-07-10,09:15:29,143990,1,144030,144030,1,7160,31884
2018-07-10,09:15:29,143980,4,144030,144030,1,7160,31884
2018-07-10,09:15:31,143980,3,143980,144030,1,7162,31882
2018-07-10,09:15:33,143980,3,143980,144030,1,7162,31882
2018-07-10,09:15:36,143990,1,143980,144030,1,7162,31882
2018-07-10,09:15:38,143990,1,143980,144030,2,7162,31882
2018-07-10,09:15:39,143990,1,143980,144020,1,7162,31882
2018-07-10,09:15:39,143990,1,144020,144030,2,7164,31882
2018-07-10,09:15:40,143990,1,144020,144020,1,7164,31882
2018-07-10,09:15:40,143990,1,144020,144030,2,7166,31882
2018-07-10,09:15:41,143990,1,144020,144030,4,7166,31882
2018-07-10,09:15:46,143990,1,144020,144030,5,7166,31882
2018-07-10,09:15:49,143990,1,144020,144030,5,7166,31882
2018-07-10,09:15:50,143990,1,144020,144030,5,7166,31882
2018-07-10,09:15:50,143980,3,144020,144030,5,7166,31882
2018-07-10,09:15:51,143980,3,144020,144020,1,7166,31882
2018-07-10,09:15:51,143980,3,144020,144030,3,7168,31884
2018-07-10,09:15:52,143990,1,144020,144020,3,7168,31884
2018-07-10,09:15:52,143980,3,144020,144020,1,7172,31886
2018-07-10,09:15:53,143990,1,144020,144020,3,7172,31886
2018-07-10,09:16:05,143990,2,144020,144020,3,7172,31886
2018-07-10,09:16:10,143990,2,144020,144020,3,7172,31886
2018-07-10,09:16:10,143990,3,144020,144020,3,7172,31886
2018-07-10,09:16:26,143990,3,144020,144020,3,7172,31886
2018-07-10,09:16:29,144000,1,144020,144020,2,7174,31888
2018-07-10,09:16:29,144000,1,144020,144030,2,7180,31890
2018-07-10,09:16:30,144000,1,144000,144030,1,7182,31888
2018-07-10,09:16:30,143990,3,144000,144030,1,7184,31886
2018-07-10,09:16:31,143990,2,143990,144030,1,7186,31884
2018-07-10,09:16:31,143990,1,143990,144030,1,7188,31884
2018-07-10,09:16:32,143990,1,143990,144020,1,7188,31884
2018-07-10,09:16:32,143990,1,143990,144020,2,7188,31884
2018-07-10,09:16:33,143990,1,143990,144020,2,7188,31884
2018-07-10,09:16:38,144020,3,144020,144030,2,7192,31882
2018-07-10,09:16:38,144020,2,144030,144050,1,7196,31880
2018-07-10,09:16:46,144020,2,144030,144050,1,7196,31880
2018-07-10,09:16:48,143990,1,144030,144050,1,7196,31880
2018-07-10,09:16:49,144000,1,144030,144040,2,7196,31880
2018-07-10,09:16:49,144000,1,144050,144050,1,7200,31880
2018-07-10,09:16:51,144010,1,144050,144050,1,7200,31880
2018-07-10,09:16:55,144000,1,144010,144050,1,7202,31880
2018-07-10,09:16:57,143990,1,144000,144000,2,7204,31880
2018-07-10,09:16:57,143990,2,144000,144040,1,7208,31880
2018-07-10,09:16:58,144000,1,144000,144040,1,7208,31880
2018-07-10,09:17:01,144000,1,144040,144050,1,7210,31880
2018-07-10,09:17:03,144010,1,144040,144050,1,7210,31880
2018-07-10,09:17:04,144010,1,144050,144100,3,7212,31880
2018-07-10,09:17:04,144020,3,144050,144090,2,7212,31880
2018-07-10,09:17:05,144030,1,144050,144090,3,7212,31880
2018-07-10,09:17:05,144040,1,144050,144080,1,7212,31880
2018-07-10,09:17:06,144030,1,144050,144080,2,7212,31880
2018-07-10,09:17:07,144030,1,144050,144040,1,7212,31880
2018-07-10,09:17:08,144040,1,144040,144080,1,7214,31878
2018-07-10,09:17:08,144040,1,144040,144080,2,7214,31878
2018-07-10,09:17:09,144040,1,144040,144070,1,7214,31878
2018-07-10,09:17:10,144020,2,144040,144040,2,7216,31876
2018-07-10,09:17:10,144010,1,144040,144040,2,7216,31876
2018-07-10,09:17:12,144010,1,144040,144040,1,7218,31876
2018-07-10,09:17:12,144000,1,144010,144040,1,7220,31878
2018-07-10,09:17:13,144000,1,144030,144040,1,7222,31880
2018-07-10,09:17:13,144000,1,144030,144030,1,7222,31880
2018-07-10,09:17:14,144000,1,144030,144040,1,7224,31880
2018-07-10,09:17:16,144010,1,144030,144040,1,7224,31880
2018-07-10,09:17:27,144010,1,144030,144070,1,7224,31880
2018-07-10,09:17:27,144020,1,144030,144070,2,7224,31880
2018-07-10,09:17:28,144020,1,144030,144070,2,7224,31880
2018-07-10,09:17:29,144020,1,144030,144060,1,7224,31880
2018-07-10,09:17:29,144000,1,144030,144020,2,7224,31880
2018-07-10,09:17:30,143990,2,144030,144020,2,7224,31880
2018-07-10,09:17:30,143990,1,144020,144020,1,7228,31880
2018-07-10,09:17:31,143990,1,144020,144060,1,7232,31880
2018-07-10,09:17:32,144000,2,144020,144050,1,7232,31880
2018-07-10,09:17:34,144000,2,144020,144050,1,7232,31880
2018-07-10,09:17:35,144000,2,144050,144060,2,7234,31878
2018-07-10,09:17:36,144010,1,144050,144060,2,7234,31878
2018-07-10,09:17:40,144010,1,144050,144060,1,7234,31878
2018-07-10,09:17:41,144060,2,144060,144100,3,7238,31876
2018-07-10,09:17:42,144060,1,144060,144100,3,7240,31874
2018-07-10,09:17:42,144000,1,144060,144100,3,7242,31874
2018-07-10,09:17:43,144010,2,144060,144090,3,7242,31874
2018-07-10,09:17:43,144020,1,144060,144080,1,7242,31874
2018-07-10,09:17:44,144030,1,144060,144080,1,7242,31874
2018-07-10,09:17:44,144040,1,144060,144090,2,7242,31874
2018-07-10,09:17:45,144040,1,144060,144090,1,7242,31874
2018-07-10,09:17:50,144030,1,144040,144040,3,7244,31876
2018-07-10,09:17:51,144020,2,144040,144100,3,7250,31876
2018-07-10,09:17:51,144030,1,144040,144090,1,7250,31876
2018-07-10,09:17:55,144030,1,144040,144090,1,7250,31876
2018-07-10,09:17:56,144040,1,144040,144080,1,7250,31876
2018-07-10,09:17:57,144040,1,144080,144090,1,7252,31878
2018-07-10,09:17:57,144040,1,144090,144100,3,7254,31876
2018-07-10,09:17:58,144050,1,144090,144100,3,7254,31876
2018-07-10,09:17:58,144060,1,144090,144100,3,7254,31876
2018-07-10,09:17:59,144060,1,144090,144100,3,7254,31876
2018-07-10,09:18:08,144070,4,144090,144100,3,7254,31876
2018-07-10,09:18:09,144080,1,144090,144100,3,7254,31876
2018-07-10,09:18:09,144080,1,144090,144100,3,7254,31876
2018-07-10,09:18:12,144070,4,144080,144080,4,7256,31874
2018-07-10,09:18:12,144070,2,144070,144080,4,7260,31878
2018-07-10,09:18:13,144050,1,144070,144070,4,7264,31880
2018-07-10,09:18:13,144020,1,144070,144050,1,7264,31880
2018-07-10,09:18:14,144030,1,144070,144050,1,7264,31880
2018-07-10,09:18:20,144030,1,144050,144070,2,7266,31882
2018-07-10,09:18:21,144040,1,144050,144080,4,7266,31882
2018-07-10,09:18:29,144040,1,144050,144080,4,7266,31882
2018-07-10,09:18:29,144040,1,144050,144080,4,7266,31882
2018-07-10,09:18:32,144040,1,144050,144080,4,7266,31882
2018-07-10,09:18:34,144040,1,144050,144080,5,7266,31882
2018-07-10,09:18:44,144030,1,144040,144080,5,7268,31882
2018-07-10,09:18:44,144030,1,144040,144070,1,7268,31882
2018-07-10,09:18:48,144030,2,144040,144070,1,7268,31882
2018-07-10,09:18:49,144040,1,144040,144070,1,7268,31882
2018-07-10,09:18:49,144040,1,144040,144070,1,7268,31882
2018-07-10,09:19:02,144030,3,144040,144070,1,7270,31880
2018-07-10,09:19:05,144030,3,144040,144070,1,7270,31880
2018-07-10,09:19:14,144030,2,144030,144070,1,7272,31878
2018-07-10,09:19:19,144030,2,144030,144070,1,7272,31878
2018-07-10,09:19:19,144030,1,144030,144070,1,7274,31878
2018-07-10,09:19:31,144030,1,144030,144070,1,7274,31878
2018-07-10,09:19:32,144040,1,144030,144070,1,7274,31878
2018-07-10,09:19:36,144040,1,144070,144080,5,7276,31878
2018-07-10,09:19:37,144030,1,144070,144080,5,7276,31878
2018-07-10,09:19:37,144040,1,144070,144070,1,7276,31878
2018-07-10,09:19:44,144040,1,144070,144070,2,7276,31878
2018-07-10,09:19:46,144040,1,144070,144070,2,7276,31878
2018-07-10,09:19:46,144040,2,144070,144070,2,7276,31878
2018-07-10,09:19:47,144040,2,144070,144070,2,7276,31878
2018-07-10,09:19:47,144040,2,144070,144070,2,7276,31878
2018-07-10,09:19:54,144040,2,144070,144070,2,7276,31878
2018-07-10,09:20:02,144040,2,144070,144070,1,7276,31878
2018-07-10,09:20:03,144040,2,144070,144060,1,7276,31878
2018-07-10,09:20:07,144040,2,144070,144070,1,7276,31878
2018-07-10,09:20:20,144040,2,144070,144080,5,7278,31876
2018-07-10,09:20:21,144040,3,144070,144080,5,7278,31876
2018-07-10,09:20:21,144040,2,144040,144080,5,7280,31874
2018-07-10,09:20:22,144030,7,144040,144070,1,7284,31878
2018-07-10,09:20:22,144030,4,144030,144070,2,7290,31880
2018-07-10,09:20:23,144000,1,144030,144060,1,7298,31888
2018-07-10,09:20:23,144000,1,144030,144050,1,7298,31888
2018-07-10,09:20:30,144000,1,144030,144050,1,7298,31888
2018-07-10,09:20:31,144000,1,144030,144050,2,7298,31888
2018-07-10,09:20:32,144000,1,144030,144050,2,7298,31888
2018-07-10,09:20:39,144000,1,144030,144050,2,7298,31888
2018-07-10,09:20:45,144000,1,144030,144050,2,7298,31888
2018-07-10,09:20:47,144000,1,144030,144050,2,7298,31888
2018-07-10,09:21:07,144050,8,144050,144060,1,7302,31888
2018-07-10,09:21:07,144050,7,144050,144070,2,7306,31886
2018-07-10,09:21:09,144060,1,144050,144070,2,7306,31886
2018-07-10,09:21:10,144050,7,144060,144070,2,7308,31888
2018-07-10,09:21:13,144050,7,144060,144070,2,7308,31888
2018-07-10,09:21:14,144050,6,144050,144070,2,7310,31888
2018-07-10,09:21:15,144000,1,144050,144070,2,7322,31884
2018-07-10,09:21:15,144010,2,144050,144070,2,7322,31884
2018-07-10,09:21:16,144010,4,144050,144070,2,7322,31884
2018-07-10,09:21:16,144020,1,144050,144070,2,7322,31884
2018-07-10,09:21:17,144030,1,144050,144070,2,7322,31884
2018-07-10,09:21:17,144030,1,144050,144070,2,7322,31884
2018-07-10,09:21:18,144030,1,144050,144070,2,7322,31884
2018-07-10,09:21:19,144030,1,144050,144070,2,7322,31884
2018-07-10,09:21:20,144030,2,144050,144070,2,7322,31884
2018-07-10,09:21:22,144030,2,144050,144070,2,7322,31884
2018-07-10,09:21:24,144030,2,144050,144070,2,7322,31884
2018-07-10,09:21:25,144030,3,144050,144070,2,7322,31884
2018-07-10,09:21:25,144040,1,144050,144070,1,7322,31884
2018-07-10,09:21:26,144030,2,144040,144080,7,7324,31884
2018-07-10,09:21:26,144030,3,144040,144080,7,7324,31884
2018-07-10,09:21:29,144030,2,144030,144080,7,7326,31882
2018-07-10,09:21:30,144040,1,144030,144070,1,7326,31882
2018-07-10,09:21:30,144030,1,144040,144070,2,7328,31882
2018-07-10,09:21:31,144030,2,144040,144070,2,7328,31882
2018-07-10,09:21:32,144030,2,144070,144070,1,7330,31882
2018-07-10,09:21:33,144030,1,144070,144070,1,7330,31882
2018-07-10,09:21:36,144030,1,144070,144070,1,7330,31882
2018-07-10,09:21:39,144030,1,144070,144080,7,7330,31882
2018-07-10,09:21:40,144030,1,144070,144070,1,7330,31882
2018-07-10,09:21:41,144030,1,144070,144070,2,7330,31882
2018-07-10,09:21:42,144030,1,144070,144070,1,7330,31882
2018-07-10,09:21:42,144050,2,144070,144060,1,7330,31882
2018-07-10,09:21:43,144050,1,144060,144070,1,7334,31880
2018-07-10,09:21:43,144020,1,144020,144070,2,7340,31880
2018-07-10,09:21:44,144020,1,144020,144060,1,7340,31880
2018-07-10,09:21:45,144020,1,144060,144070,1,7342,31882
2018-07-10,09:21:45,144020,1,144060,144060,1,7342,31882
2018-07-10,09:21:48,144020,1,144060,144060,1,7342,31882
2018-07-10,09:21:48,144050,2,144060,144060,1,7342,31882
2018-07-10,09:21:49,144050,1,144060,144070,1,7346,31882
2018-07-10,09:21:50,144020,1,144050,144070,1,7348,31880
2018-07-10,09:21:51,144020,1,144050,144070,2,7348,31880
2018-07-10,09:21:53,144050,1,144050,144070,2,7348,31880
2018-07-10,09:21:53,144050,1,144050,144070,2,7348,31880
2018-07-10,09:21:54,144050,1,144050,144070,1,7348,31880
2018-07-10,09:21:56,144020,1,144050,144070,1,7350,31880
2018-07-10,09:21:57,144020,1,144050,144070,1,7350,31880
2018-07-10,09:21:57,144030,1,144050,144070,1,7350,31880
2018-07-10,09:22:03,144030,1,144050,144070,1,7350,31880
2018-07-10,09:22:07,144030,1,144050,144070,1,7350,31880
2018-07-10,09:22:08,144030,1,144070,144080,6,7352,31880
2018-07-10,09:22:09,144040,1,144070,144080,6,7352,31880
2018-07-10,09:22:09,144030,2,144040,144080,7,7354,31878
2018-07-10,09:22:10,144030,2,144040,144070,1,7354,31878
2018-07-10,09:22:10,144040,1,144040,144070,1,7354,31878
2018-07-10,09:22:11,144040,2,144040,144080,7,7354,31878
2018-07-10,09:22:14,144040,2,144040,144070,1,7354,31878
2018-07-10,09:22:15,144040,1,144040,144070,1,7356,31880
2018-07-10,09:22:16,144030,2,144040,144070,1,7356,31880
2018-07-10,09:22:17,144030,2,144040,144060,1,7356,31880
2018-07-10,09:22:18,144030,2,144040,144060,1,7356,31880
2018-07-10,09:22:20,144030,2,144060,144070,1,7358,31880
2018-07-10,09:22:20,144040,1,144060,144070,2,7358,31880
2018-07-10,09:22:21,144030,2,144040,144070,1,7362,31880
2018-07-10,09:22:21,144030,1,144040,144070,1,7362,31880
2018-07-10,09:22:22,144030,1,144040,144060,1,7362,31880
2018-07-10,09:22:22,144030,1,144040,144060,1,7362,31880
2018-07-10,09:22:23,144030,1,144040,144060,2,7362,31880
2018-07-10,09:22:28,144030,1,144040,144060,2,7362,31880
2018-07-10,09:22:31,144030,1,144060,144080,8,7366,31882
2018-07-10,09:22:31,144030,1,144060,144070,1,7366,31882
2018-07-10,09:22:44,144030,1,144060,144070,1,7366,31882
2018-07-10,09:22:49,144020,1,144060,144070,1,7366,31882
2018-07-10,09:22:51,144030,1,144060,144070,1,7366,31882
2018-07-10,09:23:15,144020,1,144060,144070,1,7366,31882
2018-07-10,09:23:15,144020,1,144060,144070,3,7366,31882
2018-07-10,09:23:17,144030,1,144060,144070,3,7366,31882
2018-07-10,09:23:17,144030,2,144060,144070,3,7366,31882
2018-07-10,09:23:19,144030,2,144060,144070,3,7366,31882
2018-07-10,09:23:26,144030,2,144060,144070,3,7366,31882
2018-07-10,09:23:35,144030,2,144060,144070,3,7366,31882
2018-07-10,09:23:45,144060,1,144060,144070,3,7366,31882
2018-07-10,09:23:46,144060,1,144060,144070,2,7366,31882
2018-07-10,09:23:46,144060,2,144070,144080,8,7370,31882
2018-07-10,09:23:47,144060,2,144080,144080,5,7376,31880
2018-07-10,09:23:47,144060,2,144070,144100,11,7388,31878
2018-07-10,09:23:48,144060,2,144070,144100,11,7388,31878
2018-07-10,09:23:50,144060,2,144070,144100,11,7388,31878
2018-07-10,09:23:50,144060,2,144070,144100,11,7388,31878
2018-07-10,09:23:52,144060,2,144070,144100,11,7388,31878
2018-07-10,09:23:52,144060,2,144070,144100,11,7388,31878
2018-07-10,09:23:54,144060,2,144070,144100,11,7388,31878
2018-07-10,09:23:55,144060,2,144070,144100,11,7388,31878
2018-07-10,09:23:55,144060,2,144100,144100,7,7396,31876
2018-07-10,09:23:56,144070,1,144100,144100,7,7396,31876
2018-07-10,09:23:56,144070,1,144100,144100,7,7396,31876
2018-07-10,09:23:57,144070,2,144100,144100,7,7396,31876
2018-07-10,09:24:05,144070,2,144100,144100,7,7396,31876
2018-07-10,09:24:05,144070,2,144100,144100,8,7396,31876
2018-07-10,09:24:06,144070,1,144100,144100,8,7396,31876
2018-07-10,09:24:06,144070,1,144100,144090,1,7396,31876
2018-07-10,09:24:10,144060,1,144070,144090,1,7398,31874
2018-07-10,09:24:11,144060,1,144070,144090,1,7398,31874
2018-07-10,09:24:20,144040,1,144070,144090,1,7398,31874
2018-07-10,09:24:20,144050,1,144070,144090,2,7398,31874
2018-07-10,09:24:24,144050,1,144070,144070,2,7398,31874
2018-07-10,09:24:24,144040,1,144070,144070,2,7398,31874
2018-07-10,09:24:25,144040,1,144070,144070,3,7398,31874
2018-07-10,09:24:27,144000,6,144070,144070,3,7398,31874
2018-07-10,09:24:28,144010,1,144070,144060,1,7398,31874
2018-07-10,09:24:28,144010,2,144070,144060,1,7398,31874
2018-07-10,09:24:29,144020,1,144070,144060,2,7398,31874
2018-07-10,09:24:29,144020,2,144070,144060,1,7398,31874
2018-07-10,09:24:30,144020,3,144070,144060,1,7398,31874
2018-07-10,09:24:30,144020,3,144070,144060,1,7398,31874
2018-07-10,09:24:33,144020,2,144070,144060,1,7398,31874
2018-07-10,09:24:34,144030,1,144070,144060,1,7398,31874
2018-07-10,09:24:35,144030,1,144060,144070,2,7400,31876
2018-07-10,09:24:39,144030,1,144060,144050,1,7400,31876
2018-07-10,09:24:39,144030,2,144060,144050,1,7400,31876
2018-07-10,09:24:40,144030,2,144050,144070,2,7402,31876
2018-07-10,09:24:49,144030,1,144050,144070,2,7402,31876
2018-07-10,09:24:50,144040,1,144050,144070,2,7402,31876
2018-07-10,09:24:51,144040,1,144050,144070,2,7402,31876
2018-07-10,09:24:55,144030,1,144050,144070,2,7402,31876
2018-07-10,09:24:56,144040,1,144050,144070,2,7402,31876
2018-07-10,09:24:58,144030,1,144050,144070,2,7402,31876
2018-07-10,09:24:58,144030,1,144050,144060,1,7402,31876
2018-07-10,09:25:01,144040,1,144050,144060,1,7402,31876
2018-07-10,09:25:04,144030,1,144050,144060,1,7402,31876
2018-07-10,09:25:04,144030,1,144050,144060,1,7402,31876
2018-07-10,09:25:05,144030,1,144050,144060,1,7402,31876
2018-07-10,09:25:16,144040,1,144050,144060,1,7402,31876
2018-07-10,09:25:17,144040,2,144050,144070,2,7402,31876
2018-07-10,09:25:23,144040,1,144040,144070,2,7404,31874
2018-07-10,09:25:23,144030,1,144040,144070,2,7406,31872
2018-07-10,09:25:24,144030,1,144040,144060,1,7406,31872
2018-07-10,09:25:25,144020,2,144030,144060,1,7408,31872
2018-07-10,09:25:25,144020,1,144030,144060,1,7408,31872
2018-07-10,09:25:31,144050,2,144030,144060,1,7408,31872
2018-07-10,09:25:32,144010,1,144020,144050,1,7414,31868
2018-07-10,09:25:38,144010,1,144050,144060,1,7416,31866
2018-07-10,09:25:39,144010,2,144050,144060,1,7416,31866
2018-07-10,09:25:40,144020,1,144050,144060,1,7416,31866
2018-07-10,09:25:46,144020,1,144060,144070,2,7418,31868
2018-07-10,09:25:47,144020,1,144060,144060,1,7418,31868
2018-07-10,09:25:48,144020,1,144060,144060,1,7418,31868
2018-07-10,09:25:48,144020,1,144060,144060,3,7418,31868
2018-07-10,09:25:51,144020,1,144060,144050,1,7418,31868
2018-07-10,09:25:52,144020,1,144060,144050,1,7418,31868
2018-07-10,09:25:53,144020,1,144060,144050,2,7418,31868
2018-07-10,09:25:53,144020,1,144060,144050,2,7418,31868
2018-07-10,09:25:55,144020,1,144060,144050,2,7418,31868
2018-07-10,09:25:56,144020,1,144060,144040,5,7418,31868
2018-07-10,09:25:57,144020,1,144060,144040,5,7418,31868
2018-07-10,09:25:57,144020,1,144060,144040,10,7418,31868
2018-07-10,09:25:58,144000,6,144020,144020,1,7420,31868
2018-07-10,09:25:58,144000,6,144020,144020,2,7420,31868
2018-07-10,09:25:59,144000,4,144000,144020,2,7424,31870
2018-07-10,09:25:59,143990,1,144000,144020,2,7432,31874
2018-07-10,09:26:00,143950,2,143990,144010,4,7434,31876
2018-07-10,09:26:00,143950,2,143990,144000,1,7434,31876
2018-07-10,09:26:01,143950,2,143990,144000,1,7434,31876
2018-07-10,09:26:03,143960,1,143990,144000,1,7434,31876
2018-07-10,09:26:03,143950,2,143960,144010,1,7436,31876
2018-07-10,09:26:04,143960,1,143960,144010,2,7436,31876
2018-07-10,09:26:06,143960,1,143960,144010,2,7436,31876
2018-07-10,09:26:06,143960,1,143960,144010,2,7436,31876
2018-07-10,09:26:09,143950,2,143960,144010,2,7438,31876
2018-07-10,09:26:09,143950,2,143960,144000,2,7438,31876
2018-07-10,09:26:10,143950,2,143960,144000,2,7438,31876
2018-07-10,09:26:10,143950,2,143960,144000,3,7438,31876
2018-07-10,09:26:11,143950,2,143960,144000,3,7438,31876
2018-07-10,09:26:13,143950,2,143960,144000,3,7438,31876
2018-07-10,09:26:14,143950,2,143960,143990,1,7438,31876
2018-07-10,09:26:14,143950,2,143960,143990,1,7438,31876
2018-07-10,09:26:15,143950,2,143960,143990,2,7438,31876
2018-07-10,09:26:16,143950,2,143960,143990,2,7438,31876
2018-07-10,09:26:18,143950,2,143960,143990,1,7438,31876
2018-07-10,09:26:21,143950,2,143960,143990,1,7438,31876
2018-07-10,09:26:21,143960,1,143960,143990,1,7438,31876
2018-07-10,09:26:22,143960,1,143960,143990,1,7438,31876
2018-07-10,09:26:25,143960,1,143960,143990,1,7438,31876
2018-07-10,09:26:34,143960,1,143960,143990,2,7438,31876
2018-07-10,09:26:37,143960,1,143960,143990,2,7438,31876
2018-07-10,09:26:40,143960,1,143960,143990,2,7438,31876
2018-07-10,09:26:42,143960,1,143960,143990,2,7438,31876
2018-07-10,09:26:44,143960,1,143990,143990,1,7440,31878
2018-07-10,09:26:47,143960,1,143990,144000,1,7440,31878
2018-07-10,09:26:48,143960,1,143990,143990,1,7440,31878
2018-07-10,09:27:38,143990,5,143990,144000,1,7442,31878
2018-07-10,09:27:39,143990,5,143990,144010,1,7442,31878
2018-07-10,09:27:39,143990,5,143990,144040,10,7442,31878
2018-07-10,09:27:40,143990,5,143990,144030,1,7442,31878
2018-07-10,09:27:57,143990,6,143990,144030,1,7442,31878
2018-07-10,09:28:06,143990,6,144030,144040,10,7444,31878
2018-07-10,09:28:06,144000,1,144030,144040,10,7444,31878
2018-07-10,09:28:07,144000,2,144030,144040,10,7444,31878
2018-07-10,09:28:13,144000,2,144030,144040,10,7444,31878
2018-07-10,09:28:15,144000,2,144030,144040,10,7444,31878
2018-07-10,09:28:16,144010,1,144030,144040,10,7444,31878
2018-07-10,09:28:16,144010,2,144030,144030,1,7444,31878
2018-07-10,09:28:17,144010,2,144030,144040,10,7446,31878
2018-07-10,09:28:21,144010,2,144040,144040,9,7448,31878
2018-07-10,09:28:22,144010,2,144040,144040,9,7448,31878
2018-07-10,09:28:24,144010,2,144040,144040,9,7448,31878
2018-07-10,09:28:35,144010,1,144010,144040,9,7450,31880
2018-07-10,09:28:37,144010,1,144010,144040,9,7450,31880
2018-07-10,09:28:51,144010,1,144010,144030,4,7450,31880
2018-07-10,09:28:52,144000,1,144010,144010,1,7452,31880
2018-07-10,09:28:52,143990,5,144010,144010,1,7452,31880
2018-07-10,09:28:54,143990,5,144010,144010,1,7452,31880
2018-07-10,09:29:00,143990,5,144010,144030,4,7452,31880
2018-07-10,09:29:00,144000,1,144010,144030,4,7452,31880
2018-07-10,09:29:02,144000,1,144010,144020,1,7452,31880
2018-07-10,09:29:03,144000,1,144010,144020,2,7452,31880
2018-07-10,09:29:03,143990,5,144000,144020,2,7454,31880
2018-07-10,09:29:07,143990,5,144000,144020,2,7454,31880
2018-07-10,09:29:07,143990,5,144000,144020,2,7454,31880
2018-07-10,09:29:09,143990,5,144000,144020,3,7454,31880
2018-07-10,09:29:10,143990,5,144000,144010,1,7454,31880
2018-07-10,09:29:10,143990,4,143990,144010,2,7456,31880
2018-07-10,09:29:11,143960,1,143990,143990,1,7464,31880
2018-07-10,09:29:11,143960,1,143990,143990,1,7464,31880
2018-07-10,09:29:14,143960,1,143990,144010,2,7466,31878
2018-07-10,09:29:16,143960,1,143990,144010,2,7466,31878
2018-07-10,09:29:18,143960,1,143990,144010,2,7466,31878
2018-07-10,09:29:19,143960,1,143990,144000,1,7466,31878
2018-07-10,09:29:27,143950,2,143960,144000,1,7468,31878
2018-07-10,09:29:28,143950,2,143960,144000,2,7468,31878
2018-07-10,09:29:30,143950,3,143960,144000,2,7468,31878
2018-07-10,09:29:34,143960,1,143960,144000,2,7468,31878
2018-07-10,09:29:35,143960,2,143960,144000,2,7468,31878
2018-07-10,09:29:49,143960,2,143960,144000,2,7468,31878
2018-07-10,09:29:53,143960,2,143960,144000,2,7468,31878
2018-07-10,09:29:53,143960,2,143960,144000,2,7468,31878
2018-07-10,09:29:57,143960,1,143960,144000,2,7468,31878
2018-07-10,09:30:00,143950,2,143960,144000,2,7468,31878
2018-07-10,09:30:03,143950,2,143960,144000,2,7468,31878
2018-07-10,09:30:06,144000,3,144000,144010,2,7472,31874
2018-07-10,09:30:07,144000,3,144000,144030,2,7472,31874
2018-07-10,09:30:07,144000,3,144000,144030,1,7472,31874
2018-07-10,09:30:11,144000,3,144000,144030,1,7472,31874
2018-07-10,09:30:14,144000,3,144000,144030,2,7472,31874
2018-07-10,09:30:18,144030,1,144030,144040,9,7476,31872
2018-07-10,09:30:18,144000,3,144030,144020,2,7478,31870
2018-07-10,09:30:19,144000,3,144020,144040,9,7482,31872
2018-07-10,09:30:21,143960,1,144020,144040,9,7482,31872
2018-07-10,09:30:21,143970,2,144020,144030,3,7482,31872
2018-07-10,09:30:22,143980,1,144020,144030,3,7482,31872
2018-07-10,09:30:22,143980,2,144020,144030,2,7482,31872
2018-07-10,09:30:29,143990,1,144020,144030,2,7482,31872
2018-07-10,09:30:30,143990,2,144020,144040,9,7482,31872
2018-07-10,09:30:40,143990,2,144020,144030,1,7482,31872
2018-07-10,09:30:45,143990,2,144020,144030,1,7482,31872
2018-07-10,09:30:51,143990,2,144020,144020,1,7482,31872
2018-07-10,09:30:52,143990,2,144020,144020,1,7482,31872
2018-07-10,09:30:56,143990,3,144020,144030,1,7484,31872
2018-07-10,09:31:00,143990,2,143990,144030,1,7486,31872
2018-07-10,09:31:01,144000,1,143990,144030,1,7486,31872
2018-07-10,09:31:02,144000,1,143990,144030,1,7486,31872
2018-07-10,09:31:03,143990,2,144000,144030,1,7488,31872
2018-07-10,09:31:10,143990,2,144030,144040,9,7490,31870
2018-07-10,09:31:11,143990,2,144030,144030,1,7490,31870
2018-07-10,09:31:18,144000,1,143990,144030,1,7492,31870
2018-07-10,09:31:19,144000,2,143990,144030,1,7492,31870
2018-07-10,09:31:21,144000,1,144000,144030,1,7494,31870
2018-07-10,09:31:21,143990,1,144000,144030,1,7496,31870
2018-07-10,09:31:23,143990,1,144000,144030,1,7496,31870
2018-07-10,09:31:24,143990,1,144000,144020,1,7496,31870
2018-07-10,09:31:27,144020,1,144020,144030,1,7498,31868
2018-07-10,09:31:27,143990,1,144020,144030,1,7500,31866
2018-07-10,09:31:28,143990,1,143990,144030,1,7502,31866
2018-07-10,09:31:28,144000,1,143990,144030,1,7502,31866
2018-07-10,09:31:29,143990,1,144000,144030,1,7504,31866
2018-07-10,09:31:31,143990,1,144030,144020,1,7506,31868
2018-07-10,09:31:32,143980,1,144020,144010,1,7510,31868
2018-07-10,09:31:32,143980,2,144020,144010,1,7510,31868
2018-07-10,09:31:35,143990,1,144020,144010,1,7510,31868
2018-07-10,09:31:35,144010,2,144010,144040,9,7514,31866
2018-07-10,09:31:36,144010,2,144010,144040,9,7514,31866
2018-07-10,09:31:37,144030,1,144010,144040,9,7514,31866
2018-07-10,09:31:37,144010,2,144030,144040,9,7516,31868
2018-07-10,09:31:38,144010,3,144030,144040,9,7516,31868
2018-07-10,09:31:40,144010,1,144010,144040,9,7520,31866
2018-07-10,09:31:40,143960,2,144010,144040,9,7522,31866
2018-07-10,09:31:41,143970,2,144010,144030,3,7522,31866
2018-07-10,09:31:41,143970,3,144030,144030,3,7524,31868
2018-07-10,09:31:42,143980,2,144030,144030,3,7524,31868
2018-07-10,09:31:42,143980,3,144030,144020,1,7524,31868
2018-07-10,09:31:43,143980,2,144030,144020,1,7524,31868
2018-07-10,09:31:43,143980,2,144030,144030,2,7526,31868
2018-07-10,09:31:47,143980,2,144030,144030,2,7526,31868
2018-07-10,09:31:48,143990,1,144030,144030,2,7526,31868
2018-07-10,09:31:49,143990,1,144000,144030,1,7528,31868
2018-07-10,09:31:56,143980,2,144000,144030,1,7528,31868
2018-07-10,09:32:03,143980,2,144000,144030,1,7528,31868
2018-07-10,09:32:13,144000,1,144000,144030,1,7528,31868
2018-07-10,09:32:13,144000,1,144000,144030,1,7528,31868
2018-07-10,09:32:14,143980,2,144000,144030,1,7530,31866
2018-07-10,09:32:22,144000,1,144000,144030,1,7530,31866
2018-07-10,09:32:22,143980,2,144000,144030,1,7532,31864
2018-07-10,09:32:24,143980,2,144030,144040,9,7534,31864
2018-07-10,09:32:24,143990,1,144030,144040,9,7534,31864
2018-07-10,09:32:25,143990,2,144030,144040,9,7534,31864
2018-07-10,09:32:26,143990,1,143990,144040,9,7536,31864
2018-07-10,09:32:26,143990,1,144030,144030,1,7538,31864
2018-07-10,09:32:27,144000,1,144030,144040,9,7540,31864
2018-07-10,09:32:27,143990,1,144000,144040,9,7542,31864
2018-07-10,09:32:28,143980,2,143990,144040,9,7544,31864
2018-07-10,09:32:28,143980,1,143990,144030,2,7544,31864
2018-07-10,09:32:29,143980,1,144030,144030,1,7546,31864
2018-07-10,09:32:30,143970,1,143980,144040,9,7550,31864
2018-07-10,09:32:30,143980,1,143980,144030,2,7550,31864
2018-07-10,09:32:32,143980,1,144030,144020,1,7552,31864
2018-07-10,09:32:32,143990,1,144030,144020,1,7552,31864
2018-07-10,09:32:33,143980,1,143990,144030,1,7554,31862
2018-07-10,09:32:33,143990,1,143990,144030,1,7554,31862
2018-07-10,09:32:34,143990,1,143990,144030,1,7556,31860
2018-07-10,09:32:34,143990,1,143990,144020,1,7556,31860
2018-07-10,09:32:35,143990,1,143990,144030,1,7556,31860
2018-07-10,09:32:35,143990,1,143990,144030,2,7556,31860
2018-07-10,09:32:36,143990,1,144020,144030,2,7558,31862
2018-07-10,09:32:37,144000,1,144020,144030,2,7558,31862
2018-07-10,09:32:37,143990,1,144030,144030,1,7562,31862
2018-07-10,09:32:38,143990,1,144030,144020,1,7564,31864
2018-07-10,09:32:38,144000,1,144030,144020,1,7564,31864
2018-07-10,09:32:39,144010,1,144020,144040,9,7566,31866
2018-07-10,09:32:39,144020,1,144020,144040,9,7566,31866
2018-07-10,09:32:40,143990,1,144020,144040,9,7568,31866
2018-07-10,09:32:40,144000,1,144000,144030,1,7570,31866
2018-07-10,09:32:42,143990,1,144000,144040,9,7574,31866
2018-07-10,09:32:43,143970,1,144040,144040,8,7578,31870
2018-07-10,09:32:43,143980,1,144040,144030,3,7578,31870
2018-07-10,09:32:47,143980,1,144040,144020,1,7578,31870
2018-07-10,09:32:59,143980,1,144040,144020,1,7578,31870
2018-07-10,09:33:01,143980,1,144040,144020,1,7578,31870
2018-07-10,09:33:02,143970,1,143980,144030,3,7582,31870
2018-07-10,09:33:02,143970,1,143980,144020,1,7582,31870
2018-07-10,09:33:03,143980,1,143980,144020,1,7582,31870
2018-07-10,09:33:03,143990,1,144020,144030,2,7586,31870
2018-07-10,09:33:04,143970,1,143990,144030,1,7588,31868
2018-07-10,09:33:04,143980,1,144020,144030,1,7590,31870
2018-07-10,09:33:05,143990,1,144020,144020,1,7590,31870
2018-07-10,09:33:08,143990,1,144020,144030,1,7590,31870
2018-07-10,09:33:11,143990,1,144030,144040,10,7592,31870
2018-07-10,09:33:14,143980,1,143990,144040,10,7594,31868
2018-07-10,09:33:14,143980,1,143990,144030,3,7594,31868
2018-07-10,09:33:15,143970,1,144030,144030,2,7596,31870
2018-07-10,09:33:15,143980,1,144030,144030,2,7596,31870
2018-07-10,09:33:16,143980,1,144030,144020,1,7598,31872
2018-07-10,09:33:16,143980,1,143990,144020,1,7600,31870
2018-07-10,09:33:17,143970,1,143980,144030,1,7602,31868
2018-07-10,09:33:17,144010,1,143980,144020,1,7602,31868
2018-07-10,09:33:18,143980,1,143980,144020,1,7606,31866
2018-07-10,09:33:18,143970,1,143980,144020,1,7608,31866
2018-07-10,09:33:20,143970,1,144020,144030,1,7610,31868
2018-07-10,09:33:21,143980,2,144020,144030,1,7610,31868
2018-07-10,09:33:21,143980,1,144030,144040,10,7614,31868
2018-07-10,09:33:22,143990,1,144030,144030,1,7614,31868
2018-07-10,09:33:23,143990,1,144030,144040,10,7616,31870
2018-07-10,09:33:23,143990,1,144030,144040,10,7618,31872
2018-07-10,09:33:24,143980,1,143990,144030,1,7620,31870
2018-07-10,09:33:24,143990,1,143990,144020,1,7620,31870
2018-07-10,09:33:26,143990,1,143990,144020,1,7620,31870
2018-07-10,09:33:26,143990,1,144020,144030,3,7622,31872
2018-07-10,09:33:27,143990,1,144000,144030,3,7624,31870
2018-07-10,09:33:27,143970,1,144030,144030,2,7628,31868
2018-07-10,09:33:28,143980,1,144030,144020,2,7628,31868
2018-07-10,09:33:28,143970,1,143980,144020,1,7630,31866
2018-07-10,09:33:29,143970,1,144020,144030,2,7632,31868
2018-07-10,09:33:29,143980,2,144020,144020,1,7632,31868
2018-07-10,09:33:30,143970,1,144020,144030,2,7636,31872
2018-07-10,09:33:30,143980,1,144020,144020,1,7636,31872
2018-07-10,09:33:35,143970,1,143980,144020,1,7638,31870
2018-07-10,09:33:36,143970,1,143980,144020,2,7638,31870
2018-07-10,09:33:36,143970,1,143980,144010,1,7638,31870
2018-07-10,09:33:37,143970,2,143980,144010,1,7638,31870
2018-07-10,09:33:39,143970,1,143980,144010,1,7638,31870
2018-07-10,09:33:40,143970,1,143980,144000,1,7638,31870
2018-07-10,09:33:41,143970,1,143980,144010,1,7638,31870
2018-07-10,09:33:41,143980,1,143980,144010,2,7638,31870
2018-07-10,09:33:42,143970,1,143980,144010,2,7640,31868
2018-07-10,09:33:43,143970,1,143980,144010,2,7640,31868
2018-07-10,09:33:43,143970,1,143980,144010,2,7640,31868
2018-07-10,09:33:44,143970,1,143980,144000,1,7640,31868
2018-07-10,09:33:44,143970,2,143980,144000,2,7640,31868
2018-07-10,09:33:45,143970,2,143980,144000,1,7640,31868
2018-07-10,09:33:47,143970,2,143980,144000,1,7640,31868
2018-07-10,09:33:48,143970,2,144000,144010,2,7642,31866
2018-07-10,09:33:50,143980,1,144000,144010,2,7642,31866
2018-07-10,09:33:50,143980,1,144000,144010,2,7642,31866
2018-07-10,09:33:51,143980,2,144000,144010,2,7642,31866
2018-07-10,09:33:52,143990,1,144030,144030,1,7650,31868
2018-07-10,09:33:52,144000,1,144030,144030,1,7650,31868
2018-07-10,09:33:53,144000,2,144030,144030,1,7650,31868
2018-07-10,09:33:53,144000,2,144030,144030,1,7650,31868
2018-07-10,09:33:54,144010,1,144030,144030,1,7650,31868
2018-07-10,09:33:54,144010,1,144030,144030,1,7650,31868
2018-07-10,09:33:55,144020,1,144030,144030,1,7650,31868
2018-07-10,09:33:55,144020,1,144030,144030,1,7650,31868
2018-07-10,09:33:56,144020,2,144030,144030,1,7650,31868
2018-07-10,09:33:56,144020,2,144030,144040,10,7652,31868
2018-07-10,09:33:57,144030,1,144030,144040,10,7652,31868
2018-07-10,09:33:57,144000,1,144030,144040,10,7654,31868
2018-07-10,09:33:58,144000,3,144030,144040,10,7654,31868
2018-07-10,09:34:01,144010,1,144030,144020,2,7654,31868
2018-07-10,09:34:02,144020,1,144020,144040,10,7658,31872
2018-07-10,09:34:02,144020,2,144020,144040,10,7658,31872
2018-07-10,09:34:03,144020,3,144020,144040,10,7658,31872
2018-07-10,09:34:03,144040,1,144040,144060,1,7678,31884
2018-07-10,09:34:04,144040,2,144060,144080,2,7680,31884
2018-07-10,09:34:04,144050,1,144060,144080,2,7680,31884
2018-07-10,09:34:05,144050,1,144060,144080,2,7680,31884
2018-07-10,09:34:05,144060,1,144060,144080,2,7680,31884
2018-07-10,09:34:06,144050,1,144060,144080,2,7680,31884
2018-07-10,09:34:06,144060,1,144060,144080,2,7680,31884
2018-07-10,09:34:07,144060,1,144060,144080,2,7680,31884
2018-07-10,09:34:07,144060,2,144060,144080,2,7680,31884
2018-07-10,09:34:08,144060,2,144060,144080,2,7680,31884
2018-07-10,09:34:08,144070,1,144060,144080,2,7680,31884
2018-07-10,09:34:09,144070,1,144080,144080,1,7682,31884
2018-07-10,09:34:09,144070,2,144080,144080,1,7684,31882
2018-07-10,09:34:10,144070,1,144080,144100,2,7686,31884
2018-07-10,09:34:10,144070,1,144080,144100,3,7686,31884
2018-07-10,09:34:11,144090,1,144080,144100,3,7686,31884
2018-07-10,09:34:12,144010,1,144090,144100,3,7688,31884
2018-07-10,09:34:12,144020,2,144090,144090,3,7688,31884
2018-07-10,09:34:13,144030,2,144090,144080,1,7688,31884
2018-07-10,09:34:13,144030,4,144090,144080,1,7688,31884
2018-07-10,09:34:14,144040,1,144090,144090,2,7688,31884
2018-07-10,09:34:14,144040,1,144090,144090,1,7688,31884
2018-07-10,09:34:15,144040,3,144090,144090,1,7688,31884
2018-07-10,09:34:16,144050,1,144090,144090,1,7688,31884
2018-07-10,09:34:16,144050,1,144090,144090,1,7688,31884
2018-07-10,09:34:17,144050,2,144090,144090,1,7688,31884
2018-07-10,09:34:17,144050,2,144090,144090,1,7688,31884
2018-07-10,09:34:18,144050,1,144090,144090,1,7688,31884
2018-07-10,09:34:18,144050,1,144090,144090,1,7688,31884
2018-07-10,09:34:19,144050,1,144090,144090,1,7688,31884
2018-07-10,09:34:26,144050,1,144090,144090,2,7688,31884
2018-07-10,09:34:32,144060,1,144090,144090,2,7688,31884
2018-07-10,09:34:33,144060,1,144090,144090,2,7688,31884
2018-07-10,09:34:33,144060,2,144090,144090,2,7688,31884
2018-07-10,09:34:34,144060,1,144090,144090,2,7688,31884
2018-07-10,09:34:38,144040,2,144060,144090,2,7690,31882
2018-07-10,09:34:45,144050,1,144060,144090,2,7690,31882
2018-07-10,09:34:50,144060,1,144060,144090,2,7690,31882
2018-07-10,09:34:52,144040,2,144060,144090,2,7690,31882
2018-07-10,09:34:53,144050,1,144060,144090,2,7690,31882
2018-07-10,09:34:54,144050,1,144060,144090,2,7690,31882
2018-07-10,09:35:02,144040,2,144060,144090,2,7690,31882
2018-07-10,09:35:03,144040,2,144060,144090,2,7690,31882
2018-07-10,09:35:07,144040,2,144060,144090,1,7690,31882
2018-07-10,09:35:07,144040,2,144060,144080,4,7690,31882
2018-07-10,09:35:10,144040,2,144080,144080,3,7692,31882
2018-07-10,09:35:15,144040,2,144080,144080,3,7692,31882
2018-07-10,09:35:15,144040,2,144080,144050,1,7692,31882
2018-07-10,09:35:16,144020,1,144030,144080,3,7698,31884
2018-07-10,09:35:16,143990,1,144030,144070,1,7698,31884
2018-07-10,09:35:17,144000,3,144030,144060,3,7698,31884
2018-07-10,09:35:18,144010,1,144030,144060,3,7698,31884
2018-07-10,09:35:18,144010,1,144060,144060,1,7700,31886
2018-07-10,09:35:19,144010,2,144060,144060,1,7700,31886
2018-07-10,09:35:27,144010,2,144060,144060,2,7700,31886
2018-07-10,09:35:28,144010,2,144060,144050,1,7700,31886
2018-07-10,09:35:29,144000,2,144010,144050,1,7704,31890
2018-07-10,09:35:30,144000,2,144010,144040,1,7704,31890
2018-07-10,09:35:31,144000,2,144010,144040,1,7704,31890
2018-07-10,09:35:32,144000,2,144010,144050,1,7704,31890
2018-07-10,09:35:33,144000,2,144010,144040,1,7704,31890
2018-07-10,09:35:33,144000,2,144010,144030,1,7704,31890
2018-07-10,09:35:34,144000,2,144010,144040,1,7704,31890
2018-07-10,09:35:35,144020,8,144010,144040,1,7704,31890
2018-07-10,09:35:35,144020,8,144010,144070,2,7704,31890
2018-07-10,09:35:36,144030,1,144010,144070,3,7704,31890
2018-07-10,09:35:36,144030,1,144010,144060,1,7704,31890
2018-07-10,09:35:37,144020,8,144010,144060,1,7704,31890
2018-07-10,09:35:41,144020,8,144010,144050,1,7704,31890
2018-07-10,09:35:42,144020,8,144010,144050,2,7704,31890
2018-07-10,09:35:42,144020,8,144010,144050,2,7704,31890
2018-07-10,09:35:43,144020,8,144010,144040,1,7704,31890
2018-07-10,09:35:43,144020,8,144010,144040,1,7704,31890
2018-07-10,09:35:44,144020,8,144010,144040,2,7704,31890
2018-07-10,09:35:45,144020,8,144010,144040,2,7704,31890
2018-07-10,09:35:46,144020,8,144040,144040,1,7706,31890
2018-07-10,09:35:47,144040,1,144040,144070,1,7708,31890
2018-07-10,09:35:47,144040,1,144040,144070,1,7708,31890
2018-07-10,09:35:48,144040,1,144040,144060,2,7708,31890
2018-07-10,09:35:50,144020,8,144040,144060,2,7710,31890
2018-07-10,09:35:51,144030,1,144040,144060,2,7710,31890
2018-07-10,09:35:53,144020,8,144040,144060,2,7710,31890
2018-07-10,09:35:54,144020,8,144040,144050,1,7710,31890
2018-07-10,09:35:56,144020,8,144040,144050,2,7710,31890
2018-07-10,09:36:03,144020,7,144020,144050,2,7712,31892
2018-07-10,09:36:03,144020,7,144020,144050,2,7712,31892
2018-07-10,09:36:04,144020,7,144020,144050,1,7712,31892
2018-07-10,09:36:04,144020,7,144050,144060,2,7714,31890
2018-07-10,09:36:05,144030,1,144050,144060,2,7714,31890
2018-07-10,09:36:10,144030,1,144050,144050,1,7714,31890
2018-07-10,09:36:11,144020,7,144050,144060,2,7716,31890
2018-07-10,09:36:11,144020,7,144050,144040,1,7716,31890
2018-07-10,09:36:12,144020,7,144050,144060,2,7716,31890
2018-07-10,09:36:13,144020,7,144050,144050,1,7716,31890
2018-07-10,09:36:15,144020,6,144020,144050,1,7718,31890
2018-07-10,09:36:17,144020,5,144020,144050,1,7720,31890
2018-07-10,09:36:21,144020,4,144020,144050,1,7722,31890
2018-07-10,09:36:22,144020,4,144020,144050,1,7722,31890
2018-07-10,09:36:26,144000,3,144020,144050,1,7722,31890
2018-07-10,09:36:26,144000,3,144020,144040,1,7722,31890
2018-07-10,09:36:27,144000,3,144020,144040,2,7722,31890
2018-07-10,09:36:28,144000,3,144020,144030,1,7722,31890
2018-07-10,09:36:28,144000,3,144020,144030,2,7722,31890
2018-07-10,09:36:30,144000,3,144020,144020,1,7722,31890
2018-07-10,09:36:30,144000,3,144020,144020,1,7722,31890
2018-07-10,09:36:32,144000,3,144020,144030,1,7722,31890
2018-07-10,09:36:32,144000,3,144020,144030,1,7722,31890
2018-07-10,09:36:34,144000,3,144020,144030,1,7722,31890
2018-07-10,09:36:35,144000,3,144020,144020,1,7722,31890
2018-07-10,09:36:35,144000,3,144020,144020,1,7722,31890
2018-07-10,09:36:37,144000,3,144020,144030,1,7724,31888
2018-07-10,09:36:47,144000,3,144020,144030,1,7724,31888
2018-07-10,09:37:06,144000,2,144000,144030,1,7726,31888
2018-07-10,09:37:07,143960,2,144000,144000,8,7730,31884
2018-07-10,09:37:08,143960,2,144000,143990,1,7730,31884
2018-07-10,09:37:08,143960,2,144000,143990,1,7730,31884
2018-07-10,09:37:10,143960,2,144000,143990,1,7730,31884
2018-07-10,09:37:17,143960,1,143990,144000,8,7732,31884
2018-07-10,09:37:17,143960,1,143990,143990,1,7732,31884
2018-07-10,09:37:19,143960,1,143990,143990,1,7732,31884
2018-07-10,09:37:34,143960,1,143990,144000,8,7734,31886
2018-07-10,09:37:36,143960,1,144000,144000,4,7742,31886
2018-07-10,09:37:37,143970,1,144000,144080,3,7750,31880
2018-07-10,09:37:37,143980,4,144000,144070,4,7750,31880
2018-07-10,09:37:38,143990,2,144000,144070,4,7750,31880
2018-07-10,09:37:38,144000,4,144000,144070,4,7750,31880
2018-07-10,09:37:39,144010,1,144000,144070,4,7750,31880
2018-07-10,09:37:39,144020,2,144000,144070,3,7750,31880
2018-07-10,09:37:40,144020,1,144000,144070,2,7750,31880
2018-07-10,09:37:41,144020,1,144000,144060,1,7750,31880
2018-07-10,09:37:41,144010,1,144000,144060,1,7750,31880
2018-07-10,09:37:42,144000,1,144000,144050,2,7750,31880
2018-07-10,09:37:42,143990,1,144000,144000,1,7750,31880
2018-07-10,09:37:43,143980,1,144000,144050,2,7752,31880
2018-07-10,09:37:43,143980,1,144000,144040,1,7752,31880
2018-07-10,09:37:44,143980,1,144000,144030,1,7752,31880
2018-07-10,09:37:48,143990,1,144000,144030,1,7752,31880
2018-07-10,09:37:49,143990,1,144000,144040,1,7752,31880
2018-07-10,09:37:49,144000,5,144000,144040,1,7752,31880
2018-07-10,09:37:50,144010,1,144000,144040,2,7752,31880
2018-07-10,09:37:50,144020,1,144000,144040,2,7752,31880
2018-07-10,09:37:51,144000,5,144020,144020,1,7754,31880
2018-07-10,09:37:51,144000,5,144020,144020,1,7754,31880
2018-07-10,09:37:53,144000,5,144020,144020,1,7754,31880
2018-07-10,09:37:55,144000,5,144020,144020,1,7754,31880
2018-07-10,09:37:59,143980,1,144000,144000,3,7764,31878
2018-07-10,09:37:59,143980,1,144000,144000,3,7764,31878
2018-07-10,09:38:01,143980,1,144000,143990,1,7764,31878
2018-07-10,09:38:02,143980,1,144000,144000,3,7764,31878
2018-07-10,09:38:04,143980,1,144000,143990,1,7764,31878
2018-07-10,09:38:05,143960,1,144000,143990,1,7764,31878
2018-07-10,09:38:05,143960,1,144000,143980,1,7764,31878
2018-07-10,09:38:10,143960,1,144000,143980,1,7764,31878
2018-07-10,09:38:12,143960,1,144000,143980,1,7764,31878
2018-07-10,09:38:14,143960,1,144000,143980,1,7764,31878
2018-07-10,09:38:15,143960,1,144000,143980,1,7764,31878
2018-07-10,09:38:16,143960,1,144000,143980,1,7764,31878
2018-07-10,09:38:20,143960,1,144000,143980,1,7764,31878
2018-07-10,09:38:22,143960,1,143980,144000,3,7766,31880
2018-07-10,09:38:22,143960,1,143980,144000,3,7766,31880
2018-07-10,09:38:23,143960,1,143980,143990,1,7768,31878
2018-07-10,09:38:24,143960,1,143980,143990,1,7768,31878
2018-07-10,09:38:26,144000,6,144000,144050,1,7776,31870
2018-07-10,09:38:27,144000,6,144000,144040,1,7776,31870
2018-07-10,09:38:27,144000,6,144000,144040,2,7776,31870
2018-07-10,09:38:28,144000,6,144000,144040,2,7776,31870
2018-07-10,09:38:32,144010,1,144000,144030,1,7776,31870
2018-07-10,09:38:33,144000,6,144010,144030,2,7778,31870
2018-07-10,09:38:33,144000,6,144010,144030,3,7778,31870
2018-07-10,09:38:34,144000,6,144010,144030,4,7778,31870
2018-07-10,09:38:35,144000,6,144010,144030,4,7778,31870
2018-07-10,09:38:36,144000,6,144010,144030,4,7778,31870
2018-07-10,09:38:36,144000,6,144030,144040,2,7786,31866
2018-07-10,09:38:37,144000,6,144030,144040,2,7786,31866
2018-07-10,09:38:38,144000,6,144030,144040,2,7786,31866
2018-07-10,09:38:40,144000,1,144000,144040,2,7796,31866
2018-07-10,09:38:40,143960,1,144000,144040,2,7798,31866
2018-07-10,09:38:41,143970,2,144000,144030,2,7798,31866
2018-07-10,09:38:41,143970,2,144000,144030,2,7798,31866
2018-07-10,09:38:42,143980,1,144000,144030,2,7798,31866
2018-07-10,09:38:42,143980,1,144000,144030,1,7798,31866
2018-07-10,09:38:44,143980,1,144000,144010,1,7798,31866
2018-07-10,09:38:44,143970,1,144000,144010,1,7798,31866
2018-07-10,09:38:46,143970,1,144000,144010,1,7798,31866
2018-07-10,09:38:51,143970,1,144000,144010,1,7798,31866
2018-07-10,09:38:58,143960,1,143970,144010,1,7800,31864
2018-07-10,09:38:58,143960,1,143970,144000,1,7800,31864
2018-07-10,09:39:04,143960,1,144000,144010,1,7802,31864
2018-07-10,09:39:05,143970,1,144000,144010,1,7802,31864
2018-07-10,09:39:05,143960,1,143970,144010,1,7804,31862
2018-07-10,09:39:06,143960,1,143970,144000,1,7804,31862
2018-07-10,09:39:06,143960,1,143970,144000,1,7804,31862
2018-07-10,09:39:08,143960,1,143970,144000,2,7804,31862
2018-07-10,09:39:09,143970,1,143970,144000,2,7804,31862
2018-07-10,09:39:09,143960,1,144000,144000,1,7808,31862
2018-07-10,09:39:13,143960,1,144000,144000,1,7808,31862
2018-07-10,09:39:17,143950,4,143960,144000,1,7810,31862
2018-07-10,09:39:17,143960,1,143960,144000,2,7810,31862
2018-07-10,09:39:19,143960,1,143960,144000,3,7810,31862
2018-07-10,09:39:20,143960,1,144000,144000,1,7814,31860
2018-07-10,09:39:24,143960,2,144000,144000,1,7814,31860
2018-07-10,09:39:33,143950,4,143960,143960,2,7818,31856
2018-07-10,09:39:34,143950,4,143960,144000,1,7822,31852
2018-07-10,09:39:34,143950,4,143960,143990,1,7822,31852
2018-07-10,09:39:36,143950,4,143990,144000,2,7824,31854
2018-07-10,09:39:37,143960,1,143990,144000,2,7824,31854
2018-07-10,09:39:41,143950,4,143960,144000,2,7826,31852
2018-07-10,09:39:41,143950,4,143960,143990,1,7826,31852
2018-07-10,09:39:47,143950,4,143960,143990,1,7826,31852
2018-07-10,09:39:48,143950,4,143960,143990,1,7826,31852
2018-07-10,09:39:51,143950,4,143960,143990,2,7826,31852
2018-07-10,09:39:51,143950,4,143960,143980,1,7826,31852
2018-07-10,09:39:56,143950,4,143980,143990,2,7828,31852
2018-07-10,09:39:56,143960,1,143980,143990,2,7828,31852
2018-07-10,09:39:57,143950,2,143950,143990,2,7834,31850
2018-07-10,09:39:58,143950,2,143950,143990,3,7834,31850
2018-07-10,09:40:02,143950,3,143950,143990,3,7834,31850
2018-07-10,09:40:03,143950,2,143950,143990,3,7836,31850
2018-07-10,09:40:06,143950,2,143950,143990,4,7836,31850
2018-07-10,09:40:07,143950,2,143950,143980,1,7836,31850
2018-07-10,09:40:12,143950,2,143980,143990,4,7838,31852
2018-07-10,09:40:13,143950,2,143980,143960,2,7838,31852
2018-07-10,09:40:13,143930,2,143950,143960,2,7842,31852
2018-07-10,09:40:14,143930,2,143950,143980,1,7842,31852
2018-07-10,09:40:14,143930,1,143930,143980,2,7846,31854
2018-07-10,09:40:15,143930,1,143930,143970,2,7846,31854
2018-07-10,09:40:15,143930,1,143930,143970,3,7846,31854
2018-07-10,09:40:17,143900,5,143930,143970,3,7848,31854
2018-07-10,09:40:18,143900,5,143930,143960,1,7848,31854
2018-07-10,09:40:18,143910,1,143930,143950,1,7848,31854
2018-07-10,09:40:19,143910,1,143930,143950,1,7848,31854
2018-07-10,09:40:20,143900,5,143910,143950,1,7850,31854
2018-07-10,09:40:21,143900,5,143910,143940,1,7850,31854
2018-07-10,09:40:21,143900,5,143940,143940,1,7852,31854
2018-07-10,09:40:22,143900,5,143940,143940,1,7852,31854
2018-07-10,09:40:22,143900,5,143910,143940,1,7854,31854
2018-07-10,09:40:26,143900,5,143910,143940,1,7854,31854
2018-07-10,09:40:26,143900,8,143910,143940,1,7854,31854
2018-07-10,09:40:27,143900,8,143910,143940,1,7854,31854
2018-07-10,09:40:32,143940,1,143940,143950,1,7856,31854
2018-07-10,09:40:32,143900,5,143940,143940,2,7858,31852
2018-07-10,09:40:33,143900,8,143940,143940,2,7858,31852
2018-07-10,09:40:35,143900,8,143940,143940,2,7858,31852
2018-07-10,09:40:35,143900,8,143940,143940,1,7860,31854
2018-07-10,09:40:36,143910,1,143940,143940,1,7860,31854
2018-07-10,09:40:36,143910,2,143940,143940,1,7860,31854
2018-07-10,09:40:37,143910,5,143940,143940,1,7860,31854
2018-07-10,09:40:37,143910,5,143940,143940,1,7860,31854
2018-07-10,09:40:38,143910,5,143940,143940,1,7860,31854
2018-07-10,09:40:40,143910,5,143940,143970,6,7860,31854
2018-07-10,09:40:41,143920,1,143940,143960,1,7860,31854
2018-07-10,09:40:41,143910,2,143940,143960,1,7860,31854
2018-07-10,09:40:42,143910,5,143940,143930,1,7860,31854
2018-07-10,09:40:42,143930,1,143930,143960,1,7862,31856
2018-07-10,09:40:43,143930,1,143930,143960,1,7862,31856
2018-07-10,09:40:43,143930,4,143930,143960,1,7862,31856
2018-07-10,09:40:44,143930,4,143930,143950,1,7862,31856
2018-07-10,09:40:48,143930,3,143930,143950,1,7864,31858
2018-07-10,09:40:49,143930,2,143930,143950,1,7866,31860
2018-07-10,09:40:50,143930,2,143930,143950,1,7866,31860
2018-07-10,09:40:53,143930,6,143930,143950,1,7866,31860
2018-07-10,09:40:55,143930,6,143930,143960,1,7866,31860
2018-07-10,09:40:57,143930,6,143930,143950,1,7866,31860
2018-07-10,09:41:02,143950,3,143950,143960,1,7868,31860
2018-07-10,09:41:03,143910,1,143910,143930,1,7878,31862
2018-07-10,09:41:03,143950,3,143930,143970,6,7880,31860
2018-07-10,09:41:04,143910,1,143950,143970,6,7896,31862
2018-07-10,09:41:04,143910,4,143950,143960,2,7896,31862
2018-07-10,09:41:05,143910,4,143920,143960,2,7898,31860
2018-07-10,09:41:07,143910,3,143910,143960,2,7900,31858
2018-07-10,09:41:08,143950,5,143910,143960,2,7900,31858
2018-07-10,09:41:08,143950,3,143950,143960,1,7904,31862
2018-07-10,09:41:09,143920,1,143950,143960,1,7914,31866
2018-07-10,09:41:14,143920,1,143950,143960,1,7914,31866
2018-07-10,09:41:15,143920,1,143950,143950,1,7914,31866
2018-07-10,09:41:19,143950,4,143950,143960,1,7916,31866
2018-07-10,09:41:20,143950,4,143950,143970,6,7916,31866
2018-07-10,09:41:20,143950,4,143950,143970,8,7916,31866
2018-07-10,09:41:28,143900,5,143950,143970,8,7916,31866
2018-07-10,09:41:28,143900,5,143950,143960,2,7916,31866
2018-07-10,09:41:29,143900,5,143950,143950,1,7916,31866
2018-07-10,09:41:29,143900,5,143970,143970,5,7924,31864
2018-07-10,09:41:30,143910,3,143970,143960,1,7924,31864
2018-07-10,09:41:30,143920,1,143970,143970,7,7924,31864
2018-07-10,09:41:31,143930,1,143970,143970,7,7924,31864
2018-07-10,09:41:31,143930,2,143970,143970,7,7924,31864
2018-07-10,09:41:36,143930,2,143970,143960,1,7924,31864
2018-07-10,09:41:36,143930,1,143930,143960,1,7926,31864
2018-07-10,09:41:43,143930,2,143930,143960,1,7926,31864
2018-07-10,09:41:46,143930,1,143930,143960,1,7928,31864
2018-07-10,09:41:48,143930,1,143960,143970,7,7930,31864
2018-07-10,09:41:48,143930,2,143960,143970,7,7930,31864
2018-07-10,09:41:55,143930,7,143960,143970,7,7930,31864
2018-07-10,09:41:55,143930,7,143940,143970,5,7936,31866
2018-07-10,09:41:56,143940,1,143970,143980,1,7946,31856
2018-07-10,09:41:56,143940,2,143990,144000,1,7950,31858
2018-07-10,09:41:57,143950,1,144000,144010,2,7952,31858
2018-07-10,09:41:57,143970,2,144000,144010,2,7952,31858
2018-07-10,09:41:58,143970,3,144000,144010,2,7952,31858
2018-07-10,09:41:58,143980,1,144000,144010,2,7952,31858
2018-07-10,09:41:59,143990,1,144000,144010,2,7952,31858
2018-07-10,09:41:59,144010,1,144010,144100,2,7956,31854
2018-07-10,09:42:00,144020,7,144010,144090,2,7956,31854
2018-07-10,09:42:00,144030,2,144010,144090,3,7956,31854
2018-07-10,09:42:01,144040,2,144010,144080,1,7956,31854
2018-07-10,09:42:01,144030,1,144040,144070,2,7960,31856
2018-07-10,09:42:02,144010,1,144030,144070,3,7972,31862
2018-07-10,09:42:02,143970,2,144010,144070,4,7974,31862
2018-07-10,09:42:03,143980,3,144010,144060,2,7974,31862
2018-07-10,09:42:03,143990,1,144010,144040,1,7974,31862
2018-07-10,09:42:04,143990,1,144010,144030,2,7974,31862
2018-07-10,09:42:04,143990,1,144010,144030,2,7974,31862
2018-07-10,09:42:06,143990,1,144010,144030,2,7974,31862
2018-07-10,09:42:07,143990,1,144010,144030,2,7974,31862
2018-07-10,09:42:09,143990,1,144010,144030,2,7974,31862
2018-07-10,09:42:12,143990,1,144010,144030,2,7974,31862
2018-07-10,09:42:24,143990,1,144010,144020,1,7974,31862
2018-07-10,09:42:24,143990,3,144010,144020,1,7974,31862
2018-07-10,09:42:30,143990,3,144010,144000,3,7974,31862
2018-07-10,09:42:31,143990,3,144000,144000,1,7978,31858
2018-07-10,09:42:31,144000,1,144000,144010,1,7980,31856
2018-07-10,09:42:32,144000,1,144000,144010,1,7980,31856
2018-07-10,09:42:32,144010,2,144010,144020,1,7982,31856
2018-07-10,09:42:33,144030,1,144020,144090,1,7984,31854
2018-07-10,09:42:33,144030,3,144020,144080,2,7984,31854
2018-07-10,09:42:34,144030,3,144020,144080,3,7984,31854
2018-07-10,09:42:34,144030,3,144020,144080,3,7984,31854
2018-07-10,09:42:35,144030,3,144020,144080,3,7984,31854
2018-07-10,09:42:35,144030,3,144020,144080,3,7984,31854
2018-07-10,09:42:36,144030,3,144020,144070,1,7984,31854
2018-07-10,09:42:37,144030,1,144030,144060,1,7988,31856
2018-07-10,09:42:37,144020,1,144030,144060,2,7990,31858
2018-07-10,09:42:38,143990,1,144020,144030,6,7992,31858
2018-07-10,09:42:38,143970,2,144020,144020,1,7992,31858
2018-07-10,09:42:39,143980,1,144020,144020,3,7992,31858
2018-07-10,09:42:39,143970,2,144020,144020,3,7992,31858
2018-07-10,09:42:43,143970,2,144020,144020,3,7992,31858
2018-07-10,09:42:43,143970,1,143970,144020,3,7994,31860
2018-07-10,09:42:44,143970,1,143970,144010,1,7994,31860
2018-07-10,09:42:44,143970,1,143970,144000,1,7994,31860
2018-07-10,09:42:47,143970,1,143970,144000,1,7994,31860
2018-07-10,09:42:48,143970,1,143970,144000,1,7994,31860
2018-07-10,09:42:48,143970,1,143970,144000,1,7994,31860
2018-07-10,09:42:57,143980,1,143970,144000,1,7994,31860
2018-07-10,09:42:57,143910,1,143970,143970,2,7998,31860
2018-07-10,09:42:58,143920,1,143970,143970,2,8000,31858
2018-07-10,09:42:58,143920,2,143970,143970,2,8000,31858
2018-07-10,09:42:59,143930,1,143970,143970,2,8000,31858
2018-07-10,09:42:59,143930,2,143970,143970,2,8000,31858
2018-07-10,09:43:00,143930,2,143970,143970,2,8000,31858
2018-07-10,09:43:02,143940,1,143970,143970,2,8000,31858
2018-07-10,09:43:02,143940,2,143970,143970,2,8000,31858
2018-07-10,09:43:03,143940,2,143970,143970,2,8000,31858
2018-07-10,09:43:05,143940,2,143970,143970,2,8000,31858
2018-07-10,09:43:14,143940,2,143970,143970,2,8000,31858
2018-07-10,09:43:15,143950,1,143970,143970,4,8000,31858
2018-07-10,09:43:15,143950,2,143970,143970,4,8000,31858
2018-07-10,09:43:17,143950,2,143970,143970,4,8000,31858
2018-07-10,09:43:18,143950,2,143970,143970,4,8000,31858
2018-07-10,09:43:20,143950,3,143970,143970,4,8000,31858
2018-07-10,09:43:20,143950,2,143970,143970,3,8002,31858
2018-07-10,09:43:21,143950,2,143970,143970,1,8006,31854
2018-07-10,09:43:21,143970,1,143970,144010,1,8008,31852
2018-07-10,09:43:22,143970,1,143970,144010,1,8008,31852
2018-07-10,09:43:26,143950,1,143970,144010,1,8010,31850
2018-07-10,09:43:27,143960,1,143970,144000,1,8010,31850
2018-07-10,09:43:27,143950,1,143970,144010,2,8010,31850
2018-07-10,09:43:29,143950,1,143970,144000,1,8010,31850
2018-07-10,09:43:30,143950,1,143970,144000,2,8010,31850
2018-07-10,09:43:31,143950,1,143970,144000,2,8010,31850
2018-07-10,09:43:31,143930,1,143950,144000,2,8012,31850
2018-07-10,09:43:32,143930,1,143950,143990,2,8012,31850
2018-07-10,09:43:32,143910,1,143950,143980,1,8012,31850
2018-07-10,09:43:33,143920,1,143950,143970,1,8012,31850
2018-07-10,09:43:33,143920,1,143950,143970,1,8012,31850
2018-07-10,09:43:34,143930,2,143950,143970,1,8012,31850
2018-07-10,09:43:34,143930,2,143950,143980,1,8012,31850
2018-07-10,09:43:35,143930,2,143950,143980,2,8012,31850
2018-07-10,09:43:38,143930,2,143950,143980,2,8012,31850
2018-07-10,09:43:42,143940,1,143950,143980,2,8012,31850
2018-07-10,09:43:52,143940,2,143950,143980,2,8012,31850
2018-07-10,09:44:10,143940,2,143950,143970,1,8012,31850
2018-07-10,09:44:10,143940,2,143950,143970,2,8012,31850
2018-07-10,09:44:11,143930,2,143940,143970,2,8016,31852
2018-07-10,09:44:12,143930,3,143940,143970,2,8016,31852
2018-07-10,09:44:43,143930,3,143940,143970,2,8016,31852
2018-07-10,09:44:43,143930,3,143940,143970,1,8016,31852
2018-07-10,09:44:49,143930,3,143940,143970,2,8016,31852
2018-07-10,09:44:52,143930,3,143970,143980,2,8020,31854
2018-07-10,09:44:53,143940,1,143970,143980,2,8020,31854
2018-07-10,09:44:53,143940,1,143970,143980,2,8020,31854
2018-07-10,09:44:54,143940,2,143970,143980,2,8020,31854
2018-07-10,09:44:54,143940,2,143970,143980,1,8020,31854
2018-07-10,09:44:55,143940,1,143940,143980,1,8022,31854
2018-07-10,09:44:55,143940,1,143970,143980,1,8024,31856
2018-07-10,09:45:04,143930,2,143940,143980,1,8026,31856
2018-07-10,09:45:05,143940,1,143940,143980,1,8026,31856
2018-07-10,09:45:08,143940,1,143940,143970,1,8026,31856
2018-07-10,09:45:09,143940,1,143940,143970,2,8026,31856
2018-07-10,09:45:09,143940,1,143940,143970,3,8026,31856
2018-07-10,09:45:10,143930,2,143940,143970,3,8026,31856
2018-07-10,09:45:10,143930,2,143940,143960,1,8026,31856
2018-07-10,09:45:11,143930,2,143940,143960,1,8026,31856
2018-07-10,09:45:11,143930,2,143940,143940,1,8026,31856
2018-07-10,09:45:12,143930,2,143940,143970,1,8028,31856
2018-07-10,09:45:12,143940,1,143940,143970,1,8028,31856
2018-07-10,09:45:13,143930,2,143940,143970,2,8028,31856
2018-07-10,09:45:13,143930,2,143940,143960,1,8028,31856
2018-07-10,09:45:14,143930,2,143940,143960,1,8028,31856
2018-07-10,09:45:14,143930,2,143940,143960,2,8028,31856
2018-07-10,09:45:15,143930,2,143940,143960,3,8028,31856
2018-07-10,09:45:24,143930,2,143940,143940,1,8028,31856
2018-07-10,09:45:24,143930,2,143940,143960,1,8030,31856
2018-07-10,09:45:25,143930,2,143940,143960,2,8030,31856
2018-07-10,09:45:25,143930,2,143940,143960,3,8030,31856
2018-07-10,09:45:28,143930,2,143940,143940,1,8030,31856
2018-07-10,09:45:29,143930,2,143940,143940,1,8030,31856
2018-07-10,09:45:29,143930,2,143940,143940,2,8030,31856
2018-07-10,09:45:30,143910,1,143930,143940,3,8034,31858
2018-07-10,09:45:30,143910,1,143930,143940,2,8034,31858
2018-07-10,09:45:32,143910,1,143930,143940,2,8034,31858
2018-07-10,09:45:33,143910,1,143930,143930,1,8034,31858
2018-07-10,09:45:33,143900,7,143910,143910,1,8036,31860
2018-07-10,09:45:34,143900,7,143930,143960,1,8042,31858
2018-07-10,09:45:34,143910,2,143930,143960,3,8042,31858
2018-07-10,09:45:35,143910,2,143930,143950,1,8042,31858
2018-07-10,09:45:35,143910,1,143930,143950,1,8042,31858
2018-07-10,09:45:36,143900,7,143930,143950,2,8042,31858
2018-07-10,09:46:01,143900,7,143930,143940,1,8042,31858
2018-07-10,09:46:02,143900,5,143900,143940,1,8048,31862
2018-07-10,09:46:02,143900,4,143900,143940,2,8050,31864
2018-07-10,09:46:03,143900,4,143900,143940,3,8050,31864
2018-07-10,09:46:08,143910,1,143900,143940,3,8050,31864
2018-07-10,09:46:08,143910,1,143900,143940,2,8050,31864
2018-07-10,09:46:12,143910,1,143900,143940,1,8050,31864
2018-07-10,09:46:13,143910,1,143900,143950,1,8050,31864
2018-07-10,09:46:16,143950,3,143950,143960,1,8052,31864
2018-07-10,09:46:16,143950,3,143960,144030,6,8054,31862
2018-07-10,09:46:17,143960,2,143960,144020,2,8054,31862
2018-07-10,09:46:17,143960,2,143960,144020,3,8054,31862
2018-07-10,09:46:18,143960,2,143960,144010,1,8054,31862
2018-07-10,09:46:18,143960,1,143960,144010,1,8054,31862
2018-07-10,09:46:19,143960,1,143960,144010,1,8054,31862
2018-07-10,09:46:23,143960,1,143960,144000,1,8054,31862
2018-07-10,09:46:24,144000,4,144000,144010,1,8056,31862
2018-07-10,09:46:24,143950,3,144000,144020,1,8064,31858
2018-07-10,09:46:25,143960,1,144000,144020,1,8064,31858
2018-07-10,09:46:25,143970,1,144000,144020,2,8064,31858
2018-07-10,09:46:28,143970,1,144000,144020,2,8064,31858
2018-07-10,09:46:30,143960,1,143970,144020,2,8066,31860
2018-07-10,09:46:30,143960,1,143970,144010,1,8066,31860
2018-07-10,09:46:34,143960,1,143970,144010,1,8066,31860
2018-07-10,09:46:47,143960,1,143970,144010,2,8066,31860
2018-07-10,09:46:48,143960,1,143970,144000,1,8066,31860
2018-07-10,09:46:49,143960,1,143970,143990,1,8066,31860
2018-07-10,09:46:51,143960,1,143970,143980,1,8066,31860
2018-07-10,09:46:51,143950,3,143970,143980,1,8066,31860
2018-07-10,09:46:52,143950,3,143970,143980,1,8066,31860
2018-07-10,09:47:00,143950,3,143970,143990,1,8066,31860
2018-07-10,09:47:01,143960,1,143970,143990,1,8066,31860
2018-07-10,09:47:05,143960,1,143970,143990,1,8066,31860
2018-07-10,09:47:05,143960,1,143970,143990,2,8066,31860
2018-07-10,09:47:07,143990,3,143990,144010,1,8070,31856
2018-07-10,09:47:15,144000,3,143990,144010,1,8070,31856
2018-07-10,09:47:15,144000,2,144000,144020,1,8076,31858
2018-07-10,09:47:16,144000,2,144000,144020,1,8076,31858
2018-07-10,09:47:20,144000,2,144000,144020,1,8076,31858
2018-07-10,09:47:22,144020,1,144020,144030,6,8078,31858
2018-07-10,09:47:23,144020,1,144020,144030,6,8078,31858
2018-07-10,09:47:23,144000,2,144020,144030,6,8080,31856
2018-07-10,09:47:24,144000,2,144020,144020,1,8080,31856
2018-07-10,09:47:25,143950,3,144020,144020,1,8080,31856
2018-07-10,09:47:25,143960,1,144020,144010,1,8080,31856
2018-07-10,09:47:26,143960,2,144020,144010,1,8080,31856
2018-07-10,09:47:26,143970,1,144020,144010,1,8080,31856
2018-07-10,09:47:27,143970,2,144020,144020,1,8080,31856
2018-07-10,09:47:27,143980,1,144020,144020,1,8080,31856
2018-07-10,09:47:28,143980,2,144020,144020,1,8080,31856
2018-07-10,09:47:28,143990,1,144020,144020,1,8080,31856
2018-07-10,09:47:29,143990,2,144020,144020,1,8080,31856
2018-07-10,09:47:33,143990,2,144020,144020,2,8080,31856
2018-07-10,09:47:44,143990,2,144020,144020,2,8080,31856
2018-07-10,09:47:45,143990,2,144020,144000,1,8080,31856
2018-07-10,09:47:45,143990,1,144000,144020,2,8082,31858
2018-07-10,09:47:46,143990,1,144000,144000,1,8082,31858
2018-07-10,09:47:47,143980,2,143990,143990,1,8084,31860
2018-07-10,09:47:47,143980,1,143990,144000,1,8086,31860
2018-07-10,09:47:59,143980,1,143990,144000,1,8086,31860
2018-07-10,09:48:00,143980,2,143990,144000,1,8086,31860
2018-07-10,09:48:00,143980,2,144000,144020,2,8088,31860
2018-07-10,09:48:01,143990,1,144000,144020,2,8088,31860
2018-07-10,09:48:01,143990,1,144000,144020,2,8088,31860
2018-07-10,09:48:02,143990,2,144000,144020,2,8088,31860
2018-07-10,09:48:03,143990,2,144000,144020,2,8088,31860
2018-07-10,09:48:12,143990,2,144000,144010,1,8088,31860
2018-07-10,09:48:12,143990,1,144000,144010,1,8088,31860
2018-07-10,09:48:13,143990,1,144000,144020,2,8088,31860
2018-07-10,09:48:14,143990,1,144000,144000,1,8088,31860
2018-07-10,09:48:15,143990,1,144000,144020,2,8088,31860
2018-07-10,09:48:16,143990,1,144000,144010,1,8088,31860
2018-07-10,09:48:16,143990,1,144000,144010,1,8088,31860
2018-07-10,09:48:26,143990,1,144000,144020,2,8088,31860
2018-07-10,09:48:27,143990,1,144000,144000,1,8088,31860
2018-07-10,09:48:31,143980,1,143990,143990,1,8090,31860
2018-07-10,09:48:32,143970,1,143990,143990,1,8090,31860
2018-07-10,09:48:32,143970,1,143990,144020,2,8090,31860
2018-07-10,09:48:33,143960,1,143970,144020,2,8092,31858
2018-07-10,09:48:33,143950,3,143970,144010,1,8092,31858
2018-07-10,09:48:34,143960,1,143970,144010,2,8092,31858
2018-07-10,09:48:34,143950,3,143970,144010,2,8092,31858
2018-07-10,09:48:35,143960,1,143970,144010,2,8092,31858
2018-07-10,09:48:42,143970,1,143970,144010,2,8092,31858
2018-07-10,09:48:42,143970,1,143970,144010,1,8092,31858
2018-07-10,09:48:58,143970,1,143970,144000,1,8092,31858
2018-07-10,09:48:59,143970,1,143970,144000,2,8092,31858
2018-07-10,09:48:59,143970,1,143970,144000,3,8092,31858
2018-07-10,09:49:08,143970,1,143970,144000,3,8092,31858
2018-07-10,09:49:13,143950,3,143970,144000,3,8092,31858
2018-07-10,09:49:15,143950,3,143970,144000,3,8092,31858
2018-07-10,09:49:15,143960,1,143970,144000,3,8092,31858
2018-07-10,09:49:18,143960,1,143970,144000,3,8092,31858
2018-07-10,09:49:20,143950,3,143970,144000,3,8092,31858
2018-07-10,09:49:21,143960,1,143970,144000,3,8092,31858
2018-07-10,09:49:24,143950,3,143970,144000,3,8092,31858
2018-07-10,09:49:25,143960,1,143970,144000,3,8092,31858
2018-07-10,09:49:28,143950,3,143970,144000,3,8092,31858
2018-07-10,09:49:29,143960,1,143970,144000,3,8092,31858
2018-07-10,09:49:30,143960,1,143970,144000,3,8092,31858
2018-07-10,09:49:35,143950,3,143970,144000,3,8092,31858
2018-07-10,09:49:36,143960,2,143970,144000,3,8092,31858
2018-07-10,09:49:46,143960,2,143970,144000,3,8092,31858
2018-07-10,09:49:50,143960,1,143970,144000,3,8092,31858
2018-07-10,09:49:51,143960,1,143970,144000,3,8092,31858
2018-07-10,09:49:54,143960,1,143970,144000,2,8092,31858
2018-07-10,09:49:55,143960,1,143970,144000,1,8092,31858
2018-07-10,09:49:56,143960,1,143970,144000,1,8092,31858
2018-07-10,09:49:57,143960,1,143970,144000,1,8092,31858
2018-07-10,09:49:57,143970,1,143970,144000,1,8092,31858
2018-07-10,09:50:00,143960,1,143970,144000,1,8092,31858
2018-07-10,09:50:01,143970,1,143970,144000,1,8092,31858
2018-07-10,09:50:01,143970,1,143970,144000,2,8092,31858
2018-07-10,09:50:08,143970,1,143970,144000,2,8092,31858
2018-07-10,09:50:11,143970,1,143970,144000,3,8092,31858
2018-07-10,09:50:12,143960,1,143970,144000,3,8092,31858
2018-07-10,09:50:14,143960,1,144000,144000,1,8096,31854
2018-07-10,09:50:15,143980,1,144000,144000,1,8096,31854
2018-07-10,09:50:15,143980,1,144000,144000,1,8096,31854
2018-07-10,09:50:18,143980,1,144000,144000,1,8096,31854
2018-07-10,09:50:31,143980,1,144000,144000,1,8096,31854
2018-07-10,09:50:32,143970,1,143980,144000,1,8098,31854
2018-07-10,09:50:32,143960,1,143980,144000,1,8098,31854
2018-07-10,09:50:43,143960,1,143980,144000,1,8098,31854
2018-07-10,09:50:44,143960,1,143980,144000,1,8098,31854
2018-07-10,09:50:45,143960,1,143980,143990,1,8098,31854
2018-07-10,09:51:01,143960,1,143980,143990,1,8098,31854
2018-07-10,09:51:01,143970,1,143980,143990,2,8098,31854
2018-07-10,09:51:05,143960,1,143980,143990,2,8098,31854
2018-07-10,09:51:05,143960,1,143980,143990,1,8098,31854
2018-07-10,09:51:06,143970,1,143980,143990,1,8098,31854
2018-07-10,09:51:06,143970,2,143980,143990,1,8098,31854
2018-07-10,09:51:07,143980,1,143980,143990,1,8098,31854
2018-07-10,09:51:07,143980,1,143980,143990,1,8098,31854
2018-07-10,09:51:09,143980,2,143980,143990,1,8098,31854
2018-07-10,09:51:09,143990,1,143990,144000,1,8100,31854
2018-07-10,09:51:10,143990,1,144000,144020,2,8104,31856
2018-07-10,09:51:12,143980,1,144000,144020,2,8104,31856
2018-07-10,09:51:12,143970,1,144000,144020,2,8104,31856
2018-07-10,09:51:14,143960,1,143970,144010,1,8106,31856
2018-07-10,09:51:16,143970,1,143970,144010,1,8106,31856
2018-07-10,09:51:16,143970,1,143970,144000,1,8106,31856
2018-07-10,09:51:20,143960,1,143970,144000,1,8106,31856
2018-07-10,09:51:21,143970,1,143970,144000,1,8106,31856
2018-07-10,09:51:25,143970,1,143970,143990,1,8106,31856
2018-07-10,09:51:26,143970,1,143970,143990,1,8106,31856
2018-07-10,09:51:27,143970,1,143980,143990,1,8108,31856
2018-07-10,09:51:29,143970,1,143980,143980,1,8108,31856
2018-07-10,09:51:30,143990,3,143990,144010,1,8112,31858
2018-07-10,09:51:30,143970,1,143990,143990,1,8118,31864
2018-07-10,09:51:35,143970,1,143990,143990,2,8118,31864
2018-07-10,09:51:38,143960,1,143990,143990,2,8118,31864
2018-07-10,09:51:38,143960,1,143990,143990,1,8118,31864
2018-07-10,09:51:40,143970,1,143990,143990,1,8118,31864
2018-07-10,09:51:40,143970,1,143990,143990,1,8118,31864
2018-07-10,09:51:48,143970,1,143990,143990,6,8118,31864
2018-07-10,09:51:48,143960,1,143970,143990,6,8120,31862
2018-07-10,09:51:50,143960,1,143970,143980,1,8120,31862
2018-07-10,09:51:53,143960,1,143970,143980,1,8120,31862
2018-07-10,09:51:58,143960,1,143970,143980,1,8120,31862
2018-07-10,09:51:59,143980,1,143980,143990,6,8122,31862
2018-07-10,09:51:59,143960,1,143980,143990,6,8124,31862
2018-07-10,09:52:01,143960,1,143980,143990,6,8124,31862
2018-07-10,09:52:02,143970,1,143980,143990,6,8124,31862
2018-07-10,09:52:08,143960,1,143970,143990,6,8126,31862
2018-07-10,09:52:12,143960,2,143970,143990,6,8126,31862
2018-07-10,09:52:12,143960,2,143990,143990,3,8132,31862
2018-07-10,09:52:13,143960,3,143990,144010,1,8138,31866
2018-07-10,09:52:13,143970,1,143990,144010,1,8138,31866
2018-07-10,09:52:14,143970,1,143990,144010,1,8138,31866
2018-07-10,09:52:17,143980,1,143990,144010,1,8138,31866
2018-07-10,09:52:21,143970,1,143990,144010,1,8138,31866
2018-07-10,09:52:22,143970,1,143990,144000,1,8138,31866
2018-07-10,09:52:25,143970,2,143990,144000,1,8138,31866
2018-07-10,09:52:26,143970,1,143990,144000,1,8138,31866
2018-07-10,09:52:34,143980,1,143990,144000,1,8138,31866
2018-07-10,09:52:37,143980,1,143990,144000,1,8138,31866
2018-07-10,09:52:46,143980,1,143990,143990,1,8138,31866
2018-07-10,09:52:48,143970,1,143990,143990,1,8138,31866
2018-07-10,09:52:48,143960,2,143990,143990,1,8138,31866
2018-07-10,09:52:52,143970,1,143990,143990,1,8138,31866
2018-07-10,09:52:59,143990,2,143990,144000,1,8140,31866
2018-07-10,09:53:00,143970,1,143990,144000,1,8144,31862
2018-07-10,09:53:02,143970,2,143990,144000,1,8144,31862
2018-07-10,09:53:06,143970,2,143990,144000,3,8144,31862
2018-07-10,09:53:09,143970,2,144000,144020,2,8150,31862
2018-07-10,09:53:09,143980,1,144000,144020,2,8150,31862
2018-07-10,09:53:11,143980,1,144000,144020,2,8150,31862
2018-07-10,09:53:13,143990,1,144000,144020,2,8150,31862
2018-07-10,09:53:17,143980,1,144000,144020,2,8150,31862
2018-07-10,09:53:23,143990,1,144000,144020,2,8150,31862
2018-07-10,09:53:24,143980,1,144000,144020,2,8150,31862
2018-07-10,09:53:28,143980,1,144000,144020,2,8150,31862
2018-07-10,09:53:40,143990,1,144000,144020,2,8150,31862
2018-07-10,09:53:45,143990,1,144000,144020,2,8150,31862
2018-07-10,09:53:53,143990,1,144000,144020,1,8150,31862
2018-07-10,09:53:58,143980,1,143990,144020,1,8152,31864
2018-07-10,09:54:13,143980,1,144020,144030,6,8154,31862
2018-07-10,09:54:13,144020,1,144020,144030,6,8154,31862
2018-07-10,09:54:14,143980,1,144020,144030,6,8156,31860
2018-07-10,09:54:14,143980,2,144020,144020,1,8156,31860
2018-07-10,09:54:17,143990,1,144020,144020,1,8156,31860
2018-07-10,09:54:17,143990,2,144020,144020,1,8156,31860
2018-07-10,09:54:18,143990,2,144020,144030,6,8158,31862
2018-07-10,09:54:19,143990,2,144020,144020,1,8158,31862
2018-07-10,09:54:21,143990,2,144020,144030,6,8158,31862
2018-07-10,09:54:25,143990,2,144020,144020,1,8158,31862
2018-07-10,09:54:28,143990,2,144020,144020,1,8158,31862
2018-07-10,09:54:29,144000,1,144020,144020,1,8158,31862
2018-07-10,09:54:29,144020,2,144020,144040,1,8160,31862
2018-07-10,09:54:30,144030,1,144040,144100,8,8162,31862
2018-07-10,09:54:30,144040,1,144040,144090,1,8162,31862
2018-07-10,09:54:31,144060,1,144040,144090,2,8162,31862
2018-07-10,09:54:31,144040,1,144060,144090,3,8164,31860
2018-07-10,09:54:33,144040,1,144060,144080,1,8164,31860
2018-07-10,09:54:33,144020,2,144060,144080,2,8164,31860
2018-07-10,09:54:34,144030,1,144060,144070,1,8164,31860
2018-07-10,09:54:34,144030,3,144060,144080,2,8164,31860
2018-07-10,09:54:35,144030,3,144060,144080,3,8164,31860
2018-07-10,09:54:35,144030,2,144040,144040,5,8166,31860
2018-07-10,09:54:36,144020,2,144030,144040,5,8168,31860
2018-07-10,09:54:36,143990,1,144020,144040,5,8172,31856
2018-07-10,09:54:37,143990,2,144020,144030,1,8172,31856
2018-07-10,09:54:37,144000,1,144020,144030,1,8172,31856
2018-07-10,09:54:39,144000,1,144020,144030,1,8172,31856
2018-07-10,09:54:40,144000,1,144020,144030,1,8172,31856
2018-07-10,09:54:43,144000,2,144020,144030,1,8172,31856
2018-07-10,09:54:44,144000,2,144020,144040,5,8172,31856
2018-07-10,09:54:44,144000,3,144020,144040,5,8172,31856
2018-07-10,09:54:48,144000,3,144020,144040,6,8172,31856
2018-07-10,09:54:50,144000,2,144020,144040,6,8172,31856
2018-07-10,09:54:53,144000,4,144020,144040,6,8172,31856
2018-07-10,09:54:58,144000,3,144000,144040,6,8174,31854
2018-07-10,09:54:59,144000,3,144000,144030,1,8174,31854
2018-07-10,09:55:01,144000,3,144000,144030,1,8174,31854
2018-07-10,09:55:01,144000,3,144000,144030,1,8174,31854
2018-07-10,09:55:03,144000,3,144000,144030,1,8174,31854
2018-07-10,09:55:07,144000,3,144000,144030,1,8174,31854
2018-07-10,09:55:32,144000,3,144030,144040,5,8176,31856
2018-07-10,09:55:33,144010,1,144030,144040,5,8176,31856
2018-07-10,09:55:33,144020,1,144030,144040,5,8176,31856
2018-07-10,09:55:34,144020,2,144030,144040,5,8176,31856
2018-07-10,09:55:34,144020,2,144040,144040,3,8180,31856
2018-07-10,09:55:35,144020,2,144040,144060,1,8186,31854
2018-07-10,09:55:35,144030,1,144040,144060,1,8186,31854
2018-07-10,09:55:36,144040,1,144040,144060,1,8186,31854
2018-07-10,09:55:36,144040,3,144040,144060,1,8186,31854
2018-07-10,09:55:37,144040,2,144040,144060,1,8188,31856
2018-07-10,09:55:47,144040,2,144040,144050,1,8188,31856
2018-07-10,09:55:48,144030,1,144040,144050,1,8192,31854
2018-07-10,09:55:54,144020,1,144030,144050,1,8194,31852
2018-07-10,09:55:55,144010,1,144030,144050,1,8194,31852
2018-07-10,09:56:16,144010,1,144030,144030,1,8194,31852
2018-07-10,09:56:16,144000,2,144030,144030,1,8194,31852
2018-07-10,09:56:22,144030,2,144030,144050,1,8196,31854
2018-07-10,09:56:24,144030,2,144030,144050,2,8196,31854
2018-07-10,09:56:25,144030,2,144030,144050,3,8196,31854
2018-07-10,09:56:44,144030,2,144030,144050,3,8196,31854
2018-07-10,09:56:45,144030,1,144030,144050,3,8198,31854
2018-07-10,09:56:46,144000,2,144030,144050,3,8200,31854
2018-07-10,09:56:46,144010,1,144030,144050,3,8200,31854
2018-07-10,09:57:11,144010,1,144030,144040,1,8200,31854
2018-07-10,09:57:51,144010,2,144030,144040,1,8200,31854
2018-07-10,09:57:51,144010,2,144030,144040,1,8200,31854
2018-07-10,09:57:58,144010,1,144010,144040,1,8202,31854
2018-07-10,09:57:59,144020,1,144010,144040,1,8202,31854
2018-07-10,09:58:00,144010,1,144010,144040,1,8204,31854
2018-07-10,09:58:11,144020,2,144010,144040,1,8204,31854
2018-07-10,09:58:11,144020,2,144010,144040,1,8204,31854
2018-07-10,09:58:33,144020,2,144040,144050,3,8206,31854
2018-07-10,09:58:33,144020,2,144040,144050,4,8206,31854
2018-07-10,09:58:51,144020,2,144040,144050,4,8206,31854
2018-07-10,09:59:07,144020,2,144040,144050,4,8206,31854
2018-07-10,09:59:09,144020,2,144040,144050,4,8206,31854
2018-07-10,09:59:20,144020,1,144020,144050,4,8208,31854
2018-07-10,09:59:20,144010,1,144020,144040,1,8210,31854
2018-07-10,09:59:21,144010,1,144020,144040,1,8210,31854
2018-07-10,09:59:21,144010,1,144020,144040,2,8210,31854
2018-07-10,09:59:23,144010,1,144020,144040,2,8210,31854
2018-07-10,09:59:24,144010,1,144020,144040,1,8210,31854
2018-07-10,09:59:27,144000,2,144010,144040,1,8212,31854
2018-07-10,09:59:28,144000,1,144000,144040,1,8214,31852
2018-07-10,09:59:38,144000,1,144000,144040,1,8214,31852
2018-07-10,09:59:54,144000,1,144000,144040,2,8214,31852
2018-07-10,09:59:55,144000,1,144000,144040,2,8214,31852
2018-07-10,10:00:00,144000,1,144000,144030,2,8214,31852
2018-07-10,10:00:05,144000,3,144000,144030,2,8214,31852
2018-07-10,10:00:06,144000,6,144000,144030,2,8214,31852
2018-07-10,10:00:08,144000,6,144030,144030,1,8216,31854
2018-07-10,10:00:08,144010,1,144030,144040,2,8218,31854
2018-07-10,10:00:10,144010,1,144030,144040,2,8218,31854
2018-07-10,10:00:12,144010,1,144030,144040,2,8218,31854
2018-07-10,10:00:15,144010,1,144030,144040,2,8218,31854
2018-07-10,10:00:16,144010,1,144030,144040,2,8218,31854
2018-07-10,10:00:29,144010,1,144030,144040,2,8218,31854
2018-07-10,10:00:33,144010,1,144030,144040,2,8218,31854
2018-07-10,10:00:41,144010,1,144030,144040,2,8218,31854
2018-07-10,10:00:49,144000,6,144010,144040,2,8220,31856
2018-07-10,10:00:57,144000,6,144010,144030,1,8220,31856
2018-07-10,10:01:06,144000,5,144010,144030,1,8220,31856
2018-07-10,10:01:12,144030,1,144030,144040,2,8222,31858
2018-07-10,10:01:14,144000,5,144030,144040,2,8224,31858
2018-07-10,10:01:18,144000,5,144030,144040,3,8224,31858
2018-07-10,10:01:18,144000,6,144030,144040,3,8224,31858
2018-07-10,10:01:22,144000,6,144030,144040,3,8224,31858
2018-07-10,10:01:25,144010,1,144030,144040,3,8224,31858
2018-07-10,10:01:25,144010,1,144030,144040,3,8224,31858
2018-07-10,10:01:26,144010,2,144030,144040,3,8224,31858
2018-07-10,10:01:28,144010,2,144030,144030,1,8224,31858
2018-07-10,10:01:35,144010,2,144030,144030,1,8224,31858
2018-07-10,10:01:41,144010,2,144030,144030,1,8224,31858
2018-07-10,10:01:42,144010,2,144030,144030,2,8224,31858
2018-07-10,10:01:44,144010,1,144030,144030,2,8224,31858
2018-07-10,10:01:45,144010,1,144030,144020,1,8224,31858
2018-07-10,10:01:45,144000,5,144010,144020,1,8226,31860
2018-07-10,10:01:46,144000,5,144010,144020,2,8226,31860
2018-07-10,10:01:46,143990,1,144000,144020,2,8236,31866
2018-07-10,10:01:47,143970,1,143990,144010,1,8238,31866
2018-07-10,10:01:47,143970,1,143990,144000,1,8238,31866
2018-07-10,10:01:51,143970,2,143990,144000,1,8238,31866
2018-07-10,10:01:52,144000,1,144000,144010,2,8240,31868
2018-07-10,10:01:53,143970,2,144000,144010,2,8242,31870
2018-07-10,10:01:53,143970,2,144000,144010,1,8242,31870
2018-07-10,10:01:56,143970,2,143980,144010,1,8244,31872
2018-07-10,10:02:03,143970,2,143980,144010,1,8244,31872
2018-07-10,10:02:04,143970,1,143980,144010,1,8244,31872
2018-07-10,10:02:05,143970,1,143980,144010,1,8244,31872
2018-07-10,10:02:09,143980,1,143980,144010,1,8244,31872
2018-07-10,10:02:10,143980,1,143980,144000,1,8244,31872
2018-07-10,10:02:20,143980,1,143980,144000,1,8244,31872
2018-07-10,10:02:21,143980,1,143980,144000,1,8244,31872
2018-07-10,10:02:24,143980,1,144000,144010,1,8246,31870
2018-07-10,10:02:28,143980,3,144000,144010,1,8246,31870
2018-07-10,10:02:29,143980,3,144000,144020,2,8246,31870
2018-07-10,10:02:33,143980,3,144000,144020,2,8246,31870
2018-07-10,10:02:40,143980,3,144000,144020,2,8246,31870
2018-07-10,10:03:21,143980,3,144000,144020,2,8246,31870
2018-07-10,10:03:22,143980,4,144000,144020,2,8246,31870
2018-07-10,10:03:54,143980,5,144000,144020,2,8246,31870
2018-07-10,10:04:01,143980,4,144000,144020,2,8246,31870
2018-07-10,10:04:11,143980,4,144020,144020,1,8248,31870
2018-07-10,10:04:12,143990,1,144020,144030,1,8250,31868
2018-07-10,10:04:12,143990,2,144020,144030,1,8250,31868
2018-07-10,10:04:13,143990,3,144020,144030,1,8250,31868
2018-07-10,10:04:59,143980,3,143990,143990,2,8256,31866
2018-07-10,10:04:59,143980,3,143990,144030,1,8260,31862
2018-07-10,10:05:00,143980,3,143990,144020,1,8260,31862
2018-07-10,10:05:00,143980,3,143990,144020,2,8260,31862
2018-07-10,10:05:01,143980,3,143990,144010,1,8260,31862
2018-07-10,10:05:01,143980,3,143990,144010,2,8260,31862
2018-07-10,10:05:07,143980,3,143990,144010,3,8260,31862
2018-07-10,10:05:08,143980,3,143990,144010,4,8260,31862
2018-07-10,10:05:09,143980,3,144010,144010,2,8264,31866
2018-07-10,10:05:09,143980,3,144010,144010,3,8264,31866
2018-07-10,10:05:19,143980,3,144010,144010,2,8264,31866
2018-07-10,10:05:27,143980,4,144010,144010,2,8264,31866
2018-07-10,10:05:45,143980,6,144010,144010,2,8264,31866
2018-07-10,10:05:45,143990,1,144010,144010,2,8264,31866
2018-07-10,10:05:52,143990,2,144010,144010,2,8264,31866
2018-07-10,10:05:54,143990,2,144010,144010,2,8264,31866
2018-07-10,10:05:58,143990,2,144010,144020,2,8268,31868
2018-07-10,10:05:59,143990,3,144010,144020,1,8268,31868
2018-07-10,10:05:59,143990,3,144010,144030,1,8268,31868
2018-07-10,10:06:19,143990,3,144010,144030,1,8268,31868
2018-07-10,10:06:20,143990,3,144030,144040,1,8270,31868
2018-07-10,10:06:21,144000,1,144030,144040,1,8270,31868
2018-07-10,10:06:25,144000,1,144030,144040,1,8270,31868
2018-07-10,10:06:34,144000,1,144030,144030,1,8270,31868
2018-07-10,10:06:38,144000,1,144030,144040,1,8270,31868
2018-07-10,10:06:59,144000,1,144030,144040,1,8270,31868
2018-07-10,10:06:59,144000,2,144030,144040,1,8270,31868
2018-07-10,10:07:14,144000,1,144000,144040,1,8272,31868
2018-07-10,10:07:15,144000,1,144000,144030,1,8272,31868
2018-07-10,10:07:24,144000,1,144030,144040,1,8274,31868
2018-07-10,10:07:38,144000,1,144030,144040,1,8274,31868
2018-07-10,10:07:46,144000,1,144030,144040,2,8274,31868
2018-07-10,10:07:46,144000,1,144030,144040,2,8276,31868
2018-07-10,10:07:50,144000,1,144040,144040,1,8278,31870
2018-07-10,10:07:53,144000,1,144040,144050,2,8280,31872
2018-07-10,10:07:53,144000,2,144040,144050,2,8280,31872
2018-07-10,10:07:54,144010,1,144040,144050,2,8280,31872
2018-07-10,10:07:54,144010,2,144040,144050,2,8280,31872
2018-07-10,10:07:55,144010,3,144040,144050,2,8280,31872
2018-07-10,10:07:55,144020,1,144040,144050,2,8280,31872
2018-07-10,10:07:56,144020,2,144040,144050,2,8280,31872
2018-07-10,10:07:59,144030,1,144040,144050,2,8280,31872
2018-07-10,10:07:59,144030,2,144040,144050,2,8280,31872
2018-07-10,10:08:00,144030,2,144050,144060,1,8284,31872
2018-07-10,10:08:06,144030,2,144050,144060,1,8284,31872
2018-07-10,10:08:31,144030,2,144050,144060,1,8284,31872
2018-07-10,10:08:38,144030,1,144030,144060,1,8286,31874
2018-07-10,10:08:56,143990,3,144010,144000,3,8300,31886
2018-07-10,10:08:57,144010,2,144000,144060,1,8306,31888
2018-07-10,10:08:57,144020,1,144000,144050,1,8306,31888
2018-07-10,10:08:58,144040,1,144000,144050,1,8306,31888
2018-07-10,10:08:58,144010,2,144040,144040,3,8310,31886
2018-07-10,10:08:59,144010,2,144040,144040,2,8310,31886
2018-07-10,10:09:00,144010,2,144040,144040,2,8310,31886
2018-07-10,10:09:01,144010,2,144040,144030,1,8310,31886
2018-07-10,10:09:02,144010,2,144040,144030,1,8310,31886
2018-07-10,10:09:02,144010,2,144040,144040,2,8310,31886
2018-07-10,10:09:05,143990,2,144040,144040,2,8310,31886
2018-07-10,10:09:05,143990,2,144040,144030,1,8310,31886
2018-07-10,10:09:06,143990,2,144040,144030,1,8310,31886
2018-07-10,10:09:10,143990,2,144040,144020,1,8310,31886
2018-07-10,10:09:11,143990,2,144040,144020,1,8310,31886
2018-07-10,10:09:23,143990,2,144040,144020,1,8310,31886
2018-07-10,10:09:23,144000,1,144040,144020,1,8310,31886
2018-07-10,10:09:24,144000,1,144040,144030,1,8310,31886
2018-07-10,10:09:26,144000,1,144040,144030,1,8310,31886
2018-07-10,10:09:29,144000,1,144040,144030,1,8310,31886
2018-07-10,10:09:31,144010,1,144040,144030,1,8310,31886
2018-07-10,10:09:32,144030,1,144030,144040,1,8312,31884
2018-07-10,10:09:32,144030,1,144040,144050,1,8314,31884
2018-07-10,10:09:33,144030,1,144040,144060,1,8314,31884
2018-07-10,10:09:34,144030,1,144040,144050,1,8314,31884
2018-07-10,10:09:36,144030,1,144040,144040,1,8314,31884
2018-07-10,10:09:36,144010,1,144030,144060,1,8318,31880
2018-07-10,10:09:37,144010,1,144030,144050,1,8318,31880
2018-07-10,10:09:38,144010,1,144030,144050,1,8318,31880
2018-07-10,10:09:47,144010,1,144030,144040,1,8318,31880
2018-07-10,10:09:59,144010,1,144030,144030,1,8318,31880
2018-07-10,10:09:59,144010,1,144030,144030,2,8318,31880
2018-07-10,10:10:00,144010,1,144030,144030,3,8318,31880
2018-07-10,10:10:00,144000,1,144010,144030,3,8320,31878
2018-07-10,10:10:15,144000,2,144010,144030,3,8320,31878
2018-07-10,10:10:22,144000,5,144010,144010,1,8320,31878
2018-07-10,10:10:23,144010,1,144010,144030,1,8322,31878
2018-07-10,10:10:23,144000,5,144030,144030,1,8324,31876
2018-07-10,10:10:24,144000,5,144030,144030,1,8326,31874
2018-07-10,10:10:29,144000,5,144030,144010,1,8326,31874
2018-07-10,10:10:30,144010,1,144010,144040,1,8328,31876
2018-07-10,10:10:30,144010,1,144010,144040,2,8328,31876
2018-07-10,10:10:46,144000,5,144010,144040,2,8330,31878
2018-07-10,10:10:47,144000,5,144010,144040,3,8330,31878
2018-07-10,10:10:47,144000,6,144010,144040,2,8330,31878
2018-07-10,10:10:58,144000,6,144040,144040,1,8332,31880
2018-07-10,10:10:58,144010,1,144040,144060,2,8334,31880
2018-07-10,10:10:59,144010,1,144040,144060,2,8334,31880
2018-07-10,10:10:59,144010,2,144040,144060,2,8334,31880
2018-07-10,10:11:00,144020,1,144040,144060,2,8334,31880
2018-07-10,10:11:00,144020,1,144040,144060,2,8334,31880
2018-07-10,10:11:01,144020,2,144040,144060,2,8334,31880
2018-07-10,10:11:03,144020,2,144100,144100,3,8348,31876
2018-07-10,10:11:04,144030,2,144100,144090,2,8350,31874
2018-07-10,10:11:04,144040,1,144100,144080,1,8350,31874
2018-07-10,10:11:05,144040,2,144100,144080,1,8350,31874
2018-07-10,10:11:14,144030,1,144040,144040,10,8354,31874
2018-07-10,10:11:15,144020,1,144040,144040,6,8366,31878
2018-07-10,10:11:15,144020,1,144040,144040,4,8370,31878
2018-07-10,10:11:16,144020,1,144040,144040,2,8374,31878
2018-07-10,10:11:16,144020,1,144040,144040,1,8378,31874
2018-07-10,10:11:17,144020,1,144040,144080,1,8380,31876
2018-07-10,10:11:17,144020,1,144040,144070,2,8380,31876
2018-07-10,10:11:18,144020,1,144040,144060,1,8380,31876
2018-07-10,10:11:18,144020,1,144040,144050,1,8380,31876
2018-07-10,10:11:19,144010,1,144040,144050,1,8380,31876
2018-07-10,10:11:22,144010,1,144040,144050,2,8380,31876
2018-07-10,10:11:37,144010,1,144040,144050,2,8380,31876
2018-07-10,10:11:45,144010,2,144040,144050,2,8380,31876
2018-07-10,10:12:02,144050,3,144050,144060,1,8384,31872
2018-07-10,10:12:02,144050,3,144060,144070,1,8386,31874
2018-07-10,10:12:04,144050,3,144060,144070,1,8386,31874
2018-07-10,10:12:11,144050,3,144060,144070,1,8386,31874
2018-07-10,10:12:18,144050,3,144060,144070,1,8386,31874
2018-07-10,10:12:24,144050,2,144050,144070,1,8388,31872
2018-07-10,10:12:25,144010,2,144050,144050,4,8392,31870
2018-07-10,10:12:30,144010,2,144050,144050,1,8398,31868
2018-07-10,10:12:31,144020,1,144050,144050,1,8398,31868
2018-07-10,10:12:34,144020,1,144050,144070,1,8398,31868
2018-07-10,10:12:55,144020,1,144050,144070,1,8398,31868
2018-07-10,10:12:57,144010,3,144020,144020,1,8400,31868
2018-07-10,10:12:57,144030,2,144020,144100,3,8402,31868
2018-07-10,10:12:58,144040,1,144020,144090,1,8402,31868
2018-07-10,10:12:58,144040,1,144020,144090,2,8402,31868
2018-07-10,10:12:59,144040,1,144020,144080,1,8402,31868
2018-07-10,10:12:59,144030,2,144020,144080,2,8402,31868
2018-07-10,10:13:01,144030,2,144080,144090,2,8406,31870
2018-07-10,10:13:02,144040,2,144080,144090,2,8406,31870
2018-07-10,10:13:02,144050,1,144080,144090,2,8406,31870
2018-07-10,10:13:05,144050,1,144080,144090,2,8406,31870
2018-07-10,10:13:12,144050,1,144080,144080,2,8406,31870
2018-07-10,10:13:12,144050,1,144080,144080,2,8406,31870
2018-07-10,10:13:14,144050,1,144080,144080,2,8406,31870
2018-07-10,10:13:15,144050,1,144080,144090,2,8410,31870
2018-07-10,10:13:27,144050,1,144080,144080,1,8410,31870
2018-07-10,10:13:30,144050,1,144080,144080,1,8410,31870
2018-07-10,10:13:30,144050,1,144080,144080,1,8410,31870
2018-07-10,10:13:34,144050,1,144080,144080,2,8410,31870
2018-07-10,10:13:35,144040,1,144050,144080,2,8412,31870
2018-07-10,10:13:43,144040,1,144050,144080,2,8412,31870
2018-07-10,10:14:01,144040,1,144050,144080,2,8412,31870
2018-07-10,10:14:11,144020,1,144040,144080,2,8414,31868
2018-07-10,10:14:12,144020,1,144040,144070,2,8414,31868
2018-07-10,10:14:12,144020,1,144040,144060,1,8414,31868
2018-07-10,10:14:22,144010,2,144040,144060,1,8414,31868
2018-07-10,10:14:25,144010,2,144040,144060,1,8414,31868
2018-07-10,10:14:28,144010,1,144010,144060,1,8416,31866
2018-07-10,10:14:30,144010,1,144010,144060,2,8416,31866
2018-07-10,10:14:30,144010,1,144010,144050,1,8416,31866
2018-07-10,10:14:31,144010,1,144010,144050,2,8416,31866
2018-07-10,10:14:40,144010,1,144050,144060,1,8420,31868
2018-07-10,10:14:49,144010,1,144050,144060,1,8420,31868
2018-07-10,10:14:49,144010,1,144050,144060,1,8420,31868
2018-07-10,10:15:00,144010,1,144050,144060,1,8420,31868
2018-07-10,10:30:00,144060,12,144060,144070,2,8422,31870
2018-07-10,10:30:01,144060,12,144060,144070,1,8422,31870
2018-07-10,10:30:01,144060,12,144070,144080,2,8426,31868
2018-07-10,10:30:02,144060,12,144080,144090,1,8430,31870
2018-07-10,10:30:02,144060,12,144080,144090,1,8430,31870
2018-07-10,10:30:03,144060,12,144080,144090,1,8430,31870
2018-07-10,10:30:06,144060,12,144080,144080,1,8430,31870
2018-07-10,10:30:06,144060,12,144080,144080,1,8430,31870
2018-07-10,10:30:18,144060,12,144080,144080,2,8430,31870
2018-07-10,10:30:18,144060,12,144080,144080,2,8430,31870
2018-07-10,10:30:27,144060,12,144080,144080,2,8430,31870
2018-07-10,10:30:27,144060,12,144080,144080,1,8432,31870
2018-07-10,10:30:28,144080,2,144080,144090,1,8434,31870
2018-07-10,10:30:28,144080,2,144100,144100,1,8440,31870
2018-07-10,10:30:29,144100,1,144100,144140,1,8442,31872
2018-07-10,10:30:33,144100,1,144140,144150,2,8444,31872
2018-07-10,10:30:33,144110,1,144150,144150,1,8446,31872
2018-07-10,10:30:36,144110,1,144150,144150,1,8446,31872
2018-07-10,10:30:37,144110,1,144150,144150,1,8446,31872
2018-07-10,10:30:39,144110,1,144150,144140,1,8446,31872
2018-07-10,10:30:39,144060,12,144150,144140,2,8446,31872
2018-07-10,10:30:40,144070,2,144150,144130,2,8446,31872
2018-07-10,10:30:40,144080,1,144150,144130,2,8446,31872
2018-07-10,10:30:41,144090,1,144150,144130,2,8446,31872
2018-07-10,10:30:41,144080,2,144150,144140,2,8446,31872
2018-07-10,10:30:42,144080,2,144150,144140,1,8446,31872
2018-07-10,10:30:42,144090,2,144150,144130,1,8446,31872
2018-07-10,10:30:43,144090,1,144090,144130,1,8448,31872
2018-07-10,10:30:44,144090,1,144090,144130,1,8448,31872
2018-07-10,10:30:44,144090,4,144090,144130,2,8448,31872
2018-07-10,10:30:46,144100,1,144090,144130,2,8448,31872
2018-07-10,10:30:47,144090,1,144130,144140,1,8452,31870
2018-07-10,10:30:47,144090,4,144130,144140,1,8452,31870
2018-07-10,10:30:48,144090,4,144130,144140,1,8452,31870
2018-07-10,10:30:51,144090,4,144130,144130,1,8452,31870
2018-07-10,10:30:52,144090,3,144130,144130,1,8452,31870
2018-07-10,10:31:02,144090,3,144130,144130,2,8452,31870
2018-07-10,10:31:02,144090,3,144130,144130,1,8452,31870
2018-07-10,10:31:30,144090,3,144130,144130,1,8452,31870
2018-07-10,10:31:31,144090,3,144130,144130,1,8452,31870
2018-07-10,10:31:33,144130,1,144130,144140,1,8454,31872
2018-07-10,10:31:33,144060,12,144130,144140,1,8456,31874
2018-07-10,10:31:34,144070,8,144130,144130,2,8456,31874
2018-07-10,10:31:34,144080,1,144130,144130,2,8456,31874
2018-07-10,10:31:35,144090,1,144130,144130,2,8456,31874
2018-07-10,10:31:35,144090,3,144130,144140,2,8456,31874
2018-07-10,10:31:36,144130,2,144130,144140,2,8456,31874
2018-07-10,10:31:37,144130,2,144130,144140,2,8456,31874
2018-07-10,10:31:37,144130,2,144130,144140,2,8462,31874
2018-07-10,10:31:38,144060,12,144130,144140,2,8466,31878
2018-07-10,10:31:38,144070,2,144130,144130,2,8466,31878
2018-07-10,10:31:39,144080,1,144130,144130,2,8466,31878
2018-07-10,10:31:39,144090,1,144090,144130,2,8468,31878
2018-07-10,10:31:40,144090,1,144090,144130,1,8468,31878
2018-07-10,10:31:40,144090,2,144090,144130,1,8468,31878
2018-07-10,10:31:41,144090,1,144090,144130,1,8468,31878
2018-07-10,10:31:45,144100,1,144090,144130,1,8468,31878
2018-07-10,10:31:46,144100,1,144090,144130,2,8468,31878
2018-07-10,10:31:46,144090,1,144090,144130,2,8468,31878
2018-07-10,10:31:49,144090,1,144090,144130,2,8468,31878
2018-07-10,10:31:59,144090,1,144090,144130,2,8468,31878
2018-07-10,10:32:08,144080,3,144090,144130,2,8470,31878
2018-07-10,10:32:08,144080,1,144130,144130,2,8474,31876
2018-07-10,10:32:25,144080,1,144130,144130,2,8474,31876
2018-07-10,10:32:31,144070,1,144080,144080,7,8476,31874
2018-07-10,10:32:31,144050,6,144070,144150,1,8478,31872
2018-07-10,10:32:32,144060,4,144070,144140,4,8478,31872
2018-07-10,10:32:32,144060,4,144070,144130,1,8478,31872
2018-07-10,10:32:33,144070,1,144070,144120,2,8478,31872
2018-07-10,10:32:33,144070,1,144070,144110,1,8478,31872
2018-07-10,10:32:34,144060,2,144070,144110,3,8478,31872
2018-07-10,10:32:34,144060,2,144070,144100,1,8478,31872
2018-07-10,10:32:35,144060,2,144070,144100,3,8478,31872
2018-07-10,10:32:35,144060,2,144070,144100,4,8478,31872
2018-07-10,10:32:36,144060,1,144070,144100,4,8478,31872
2018-07-10,10:32:41,144060,1,144070,144100,4,8478,31872
2018-07-10,10:32:42,144060,1,144070,144100,3,8478,31872
2018-07-10,10:32:50,144100,9,144100,144110,3,8484,31878
2018-07-10,10:32:50,144100,9,144110,144110,1,8488,31874
2018-07-10,10:32:51,144110,2,144110,144130,4,8490,31874
2018-07-10,10:32:51,144110,2,144110,144130,3,8490,31874
2018-07-10,10:32:59,144100,9,144110,144130,3,8490,31874
2018-07-10,10:33:00,144100,9,144110,144130,3,8490,31874
2018-07-10,10:33:03,144100,8,144100,144130,3,8492,31874
2018-07-10,10:33:05,144100,9,144100,144130,3,8492,31874
2018-07-10,10:33:08,144100,7,144100,144130,3,8496,31878
2018-07-10,10:33:08,144100,7,144100,144130,3,8496,31878
2018-07-10,10:33:12,144050,6,144100,144100,1,8510,31878
2018-07-10,10:33:12,144060,1,144100,144100,1,8510,31878
2018-07-10,10:33:13,144060,2,144100,144100,1,8510,31878
2018-07-10,10:33:13,144060,2,144100,144100,1,8510,31878
2018-07-10,10:33:16,144060,2,144100,144130,3,8510,31878
2018-07-10,10:33:17,144070,2,144100,144130,3,8510,31878
2018-07-10,10:33:19,144070,2,144100,144120,1,8510,31878
2018-07-10,10:33:20,144070,3,144100,144120,1,8510,31878
2018-07-10,10:33:22,144070,3,144100,144130,3,8510,31878
2018-07-10,10:33:24,144070,3,144100,144120,1,8510,31878
2018-07-10,10:33:33,144080,1,144100,144120,1,8510,31878
2018-07-10,10:33:34,144080,2,144100,144120,1,8510,31878
2018-07-10,10:33:54,144080,2,144100,144120,2,8510,31878
2018-07-10,10:34:05,144080,2,144120,144130,3,8514,31878
2018-07-10,10:34:06,144080,3,144120,144130,3,8514,31878
2018-07-10,10:34:18,144080,3,144120,144130,3,8514,31878
2018-07-10,10:34:21,144080,3,144120,144120,2,8514,31878
2018-07-10,10:34:37,144080,3,144120,144120,3,8514,31878
2018-07-10,10:34:38,144080,4,144120,144120,3,8514,31878
2018-07-10,10:34:44,144120,4,144120,144130,3,8520,31872
2018-07-10,10:34:44,144120,5,144130,144130,1,8524,31872
2018-07-10,10:34:45,144130,2,144130,144150,1,8526,31872
2018-07-10,10:34:51,144130,3,144130,144150,1,8526,31872
2018-07-10,10:34:52,144130,4,144130,144150,1,8526,31872
2018-07-10,10:34:53,144130,2,144130,144150,1,8526,31872
2018-07-10,10:34:53,144130,2,144130,144150,1,8526,31872
2018-07-10,10:34:54,144130,3,144130,144150,1,8526,31872
2018-07-10,10:35:07,144130,3,144130,144150,1,8526,31872
2018-07-10,10:35:12,144150,10,144150,144160,3,8528,31870
2018-07-10,10:35:13,144150,9,144150,144190,5,8538,31874
2018-07-10,10:35:13,144170,1,144150,144190,5,8538,31874
2018-07-10,10:35:14,144150,9,144170,144190,5,8540,31874
2018-07-10,10:35:14,144150,10,144170,144180,1,8540,31874
2018-07-10,10:35:15,144150,9,144150,144180,1,8542,31874
2018-07-10,10:35:16,144150,9,144180,144190,5,8544,31874
2018-07-10,10:35:18,144150,9,144180,144190,5,8544,31874
2018-07-10,10:35:18,144150,9,144190,144190,3,8548,31874
2018-07-10,10:35:19,144160,1,144190,144170,1,8548,31874
2018-07-10,10:35:19,144160,1,144160,144190,3,8552,31874
2018-07-10,10:35:20,144160,2,144160,144190,3,8552,31874
2018-07-10,10:35:20,144160,2,144190,144190,1,8556,31874
2018-07-10,10:35:25,144160,1,144160,144190,1,8558,31874
2018-07-10,10:35:26,144160,3,144160,144190,1,8558,31874
2018-07-10,10:35:33,144160,1,144160,144190,1,8562,31872
2018-07-10,10:35:34,144160,2,144160,144190,1,8562,31872
2018-07-10,10:35:34,144160,2,144160,144190,1,8562,31872
2018-07-10,10:35:36,144160,2,144160,144190,1,8562,31872
2018-07-10,10:35:39,144160,2,144160,144190,1,8562,31872
2018-07-10,10:35:41,144160,3,144160,144190,1,8562,31872
2018-07-10,10:35:41,144160,2,144160,144190,1,8564,31872
2018-07-10,10:35:42,144160,3,144160,144190,1,8564,31872
2018-07-10,10:35:45,144160,3,144160,144190,2,8564,31872
2018-07-10,10:35:46,144160,3,144160,144190,3,8564,31872
2018-07-10,10:35:50,144160,2,144160,144190,3,8566,31872
2018-07-10,10:35:51,144150,8,144160,144190,3,8572,31870
2018-07-10,10:35:51,144150,9,144160,144190,3,8572,31870
2018-07-10,10:36:07,144150,11,144160,144190,3,8572,31870
2018-07-10,10:36:07,144160,1,144190,144190,2,8574,31868
2018-07-10,10:36:08,144160,2,144190,144190,2,8574,31868
2018-07-10,10:36:09,144160,2,144190,144190,1,8574,31868
2018-07-10,10:36:26,144160,2,144190,144190,2,8574,31868
2018-07-10,10:36:26,144160,3,144190,144190,1,8576,31870
2018-07-10,10:36:35,144160,4,144190,144190,2,8576,31870
2018-07-10,10:36:38,144160,4,144190,144180,2,8578,31868
2018-07-10,10:36:39,144160,3,144160,144180,2,8580,31868
2018-07-10,10:36:39,144160,3,144160,144180,2,8582,31868
2018-07-10,10:36:40,144160,1,144160,144180,2,8586,31872
2018-07-10,10:36:40,144150,2,144150,144160,2,8590,31872
2018-07-10,10:36:41,144130,1,144150,144140,1,8596,31872
2018-07-10,10:36:41,144130,1,144130,144140,1,8602,31878
2018-07-10,10:36:42,144130,1,144140,144160,1,8604,31878
2018-07-10,10:36:42,144130,1,144140,144160,3,8604,31878
2018-07-10,10:36:49,144130,1,144140,144160,3,8604,31878
2018-07-10,10:36:59,144130,1,144140,144160,3,8604,31878
2018-07-10,10:37:02,144130,1,144140,144160,3,8604,31878
2018-07-10,10:37:08,144130,1,144140,144160,2,8604,31878
2018-07-10,10:37:08,144130,1,144140,144150,1,8604,31878
2018-07-10,10:37:10,144130,1,144140,144150,1,8604,31878
2018-07-10,10:37:10,144150,3,144150,144160,2,8606,31876
2018-07-10,10:37:11,144150,3,144150,144180,2,8608,31874
2018-07-10,10:37:12,144150,3,144150,144160,1,8608,31874
2018-07-10,10:37:13,144150,2,144150,144160,1,8610,31874
2018-07-10,10:37:13,144050,2,144150,144160,1,8614,31870
2018-07-10,10:37:14,144070,1,144150,144150,5,8614,31870
2018-07-10,10:37:14,144080,2,144150,144140,2,8614,31870
2018-07-10,10:37:15,144090,1,144150,144130,1,8614,31870
2018-07-10,10:37:15,144090,3,144150,144140,2,8614,31870
2018-07-10,10:37:16,144090,3,144150,144150,3,8614,31870
2018-07-10,10:37:16,144100,1,144150,144150,3,8614,31870
2018-07-10,10:37:17,144150,2,144150,144160,1,8620,31870
2018-07-10,10:37:17,144150,3,144160,144180,2,8622,31868
2018-07-10,10:37:18,144160,1,144160,144180,2,8622,31868
2018-07-10,10:37:21,144150,3,144160,144160,2,8624,31868
2018-07-10,10:37:21,144150,2,144150,144160,2,8626,31870
2018-07-10,10:37:22,144050,2,144150,144160,2,8630,31872
2018-07-10,10:37:22,144070,1,144150,144150,4,8630,31872
2018-07-10,10:37:23,144080,4,144150,144140,1,8630,31872
2018-07-10,10:37:23,144090,1,144150,144130,1,8630,31872
2018-07-10,10:37:24,144100,2,144130,144150,2,8632,31872
2018-07-10,10:37:24,144110,1,144130,144150,2,8632,31872
2018-07-10,10:37:25,144120,1,144130,144150,2,8632,31872
2018-07-10,10:37:25,144130,1,144130,144150,2,8632,31872
2018-07-10,10:37:26,144130,4,144130,144150,1,8632,31872
2018-07-10,10:37:26,144160,2,144160,144180,3,8638,31878
2018-07-10,10:37:27,144170,1,144160,144180,3,8638,31878
2018-07-10,10:37:27,144160,2,144170,144180,3,8640,31876
2018-07-10,10:37:34,144130,1,144170,144180,3,8640,31876
2018-07-10,10:37:35,144140,1,144170,144170,1,8640,31876
2018-07-10,10:37:35,144140,2,144170,144170,1,8640,31876
2018-07-10,10:37:36,144140,2,144170,144170,1,8640,31876
2018-07-10,10:37:42,144140,2,144170,144170,2,8640,31876
2018-07-10,10:37:43,144150,1,144170,144170,2,8640,31876
2018-07-10,10:37:43,144150,2,144170,144170,2,8640,31876
2018-07-10,10:37:44,144150,2,144170,144170,3,8640,31876
2018-07-10,10:37:44,144140,1,144150,144170,3,8644,31874
2018-07-10,10:37:45,144050,2,144140,144170,3,8646,31872
2018-07-10,10:37:45,144070,1,144140,144160,4,8646,31872
2018-07-10,10:37:46,144080,3,144140,144150,1,8646,31872
2018-07-10,10:37:46,144090,1,144140,144140,1,8646,31872
2018-07-10,10:37:47,144090,3,144140,144150,1,8646,31872
2018-07-10,10:37:47,144100,2,144140,144160,2,8646,31872
2018-07-10,10:37:48,144100,3,144140,144160,1,8646,31872
2018-07-10,10:37:48,144100,3,144140,144150,1,8646,31872
2018-07-10,10:37:58,144100,3,144140,144150,1,8646,31872
2018-07-10,10:37:58,144100,3,144140,144140,1,8646,31872
2018-07-10,10:37:59,144100,2,144140,144140,1,8646,31872
2018-07-10,10:38:00,144100,2,144140,144140,1,8646,31872
2018-07-10,10:38:04,144100,2,144140,144130,1,8646,31872
2018-07-10,10:38:10,144100,2,144140,144130,1,8646,31872
2018-07-10,10:38:13,144100,2,144140,144130,1,8646,31872
2018-07-10,10:38:14,144100,2,144140,144130,1,8646,31872
2018-07-10,10:38:15,144100,2,144140,144130,1,8646,31872
2018-07-10,10:38:17,144100,2,144140,144130,1,8646,31872
2018-07-10,10:38:20,144100,2,144140,144130,2,8646,31872
2018-07-10,10:38:33,144100,2,144140,144130,2,8646,31872
2018-07-10,10:38:38,144100,2,144140,144130,1,8646,31872
2018-07-10,10:38:39,144100,2,144130,144140,2,8648,31872
2018-07-10,10:38:46,144100,2,144130,144140,2,8648,31872
2018-07-10,10:38:55,144100,1,144100,144140,2,8650,31872
2018-07-10,10:38:58,144100,1,144100,144140,2,8650,31872
2018-07-10,10:39:20,144100,1,144140,144140,1,8652,31872
2018-07-10,10:39:21,144100,2,144140,144140,1,8652,31872
2018-07-10,10:39:27,144110,1,144140,144140,1,8652,31872
2018-07-10,10:39:27,144110,3,144140,144140,1,8652,31872
2018-07-10,10:39:28,144120,1,144140,144180,2,8654,31874
2018-07-10,10:39:28,144130,1,144140,144170,1,8654,31874
2018-07-10,10:39:29,144120,2,144140,144170,1,8654,31874
2018-07-10,10:39:40,144120,2,144140,144170,1,8654,31874
2018-07-10,10:39:46,144120,2,144140,144170,1,8654,31874
2018-07-10,10:39:49,144120,2,144140,144170,2,8654,31874
2018-07-10,10:39:50,144120,2,144140,144170,3,8654,31874
2018-07-10,10:39:52,144120,2,144140,144170,3,8654,31874
2018-07-10,10:39:59,144120,1,144120,144170,3,8656,31874
2018-07-10,10:40:00,144120,1,144120,144160,1,8656,31874
2018-07-10,10:40:00,144120,1,144120,144160,3,8656,31874
2018-07-10,10:40:01,144110,3,144120,144150,1,8656,31874
2018-07-10,10:40:01,144110,3,144120,144150,3,8656,31874
2018-07-10,10:40:02,144110,1,144120,144150,3,8656,31874
2018-07-10,10:40:11,144110,1,144120,144150,4,8656,31874
2018-07-10,10:40:11,144110,1,144120,144150,4,8656,31874
2018-07-10,10:40:20,144120,1,144120,144150,4,8656,31874
2018-07-10,10:40:21,144110,1,144120,144150,5,8658,31874
2018-07-10,10:40:21,144110,1,144120,144150,6,8658,31874
2018-07-10,10:40:22,144110,1,144120,144150,7,8658,31874
2018-07-10,10:40:59,144110,1,144120,144150,7,8658,31874
2018-07-10,10:41:00,144120,1,144120,144150,7,8658,31874
2018-07-10,10:41:01,144110,1,144120,144150,7,8660,31874
2018-07-10,10:41:01,144110,1,144120,144150,7,8660,31874
2018-07-10,10:41:24,144110,1,144120,144150,7,8660,31874
2018-07-10,10:41:58,144090,1,144110,144150,7,8662,31872
2018-07-10,10:41:59,144090,1,144110,144140,1,8662,31872
2018-07-10,10:41:59,144090,1,144110,144140,3,8662,31872
2018-07-10,10:42:00,144090,1,144110,144140,4,8662,31872
2018-07-10,10:42:00,144050,2,144110,144140,5,8662,31872
2018-07-10,10:42:01,144060,3,144110,144130,2,8662,31872
2018-07-10,10:42:01,144070,1,144110,144130,3,8662,31872
2018-07-10,10:42:02,144080,1,144110,144130,4,8662,31872
2018-07-10,10:42:02,144080,3,144110,144130,4,8662,31872
2018-07-10,10:42:04,144080,3,144110,144130,3,8662,31872
2018-07-10,10:42:04,144090,1,144110,144130,3,8662,31872
2018-07-10,10:42:05,144090,3,144110,144120,1,8662,31872
2018-07-10,10:42:05,144100,1,144110,144120,1,8662,31872
2018-07-10,10:42:06,144120,1,144120,144140,2,8666,31870
2018-07-10,10:42:06,144120,1,144120,144140,1,8666,31870
2018-07-10,10:42:07,144140,1,144140,144150,1,8668,31868
2018-07-10,10:42:07,144140,1,144150,144170,1,8670,31866
2018-07-10,10:42:08,144140,1,144150,144170,1,8670,31866
2018-07-10,10:42:09,144140,1,144150,144170,3,8670,31866
2018-07-10,10:42:09,144140,1,144150,144160,1,8670,31866
2018-07-10,10:42:10,144120,1,144140,144160,1,8672,31866
2018-07-10,10:42:10,144120,1,144140,144140,1,8672,31866
2018-07-10,10:42:11,144120,1,144140,144140,1,8672,31866
2018-07-10,10:42:11,144120,1,144140,144140,3,8672,31866
2018-07-10,10:42:14,144050,2,144140,144140,3,8672,31866
2018-07-10,10:42:14,144060,2,144140,144130,3,8672,31866
2018-07-10,10:42:15,144070,2,144140,144130,3,8672,31866
2018-07-10,10:42:15,144080,3,144140,144130,5,8672,31866
2018-07-10,10:42:16,144080,2,144140,144130,4,8672,31866
2018-07-10,10:42:16,144090,1,144140,144130,4,8672,31866
2018-07-10,10:42:17,144100,1,144140,144130,3,8672,31866
2018-07-10,10:42:17,144110,1,144140,144130,2,8672,31866
2018-07-10,10:42:18,144110,1,144140,144130,2,8672,31866
2018-07-10,10:42:21,144110,1,144140,144130,2,8672,31866
2018-07-10,10:42:21,144080,2,144140,144130,2,8672,31866
2018-07-10,10:42:22,144090,2,144140,144130,2,8672,31866
2018-07-10,10:42:22,144100,1,144140,144130,2,8672,31866
2018-07-10,10:42:23,144110,1,144140,144130,2,8672,31866
2018-07-10,10:42:25,144110,1,144140,144130,2,8672,31866
2018-07-10,10:42:30,144110,1,144140,144130,2,8672,31866
2018-07-10,10:42:33,144090,1,144140,144130,2,8672,31866
2018-07-10,10:42:34,144100,2,144140,144130,2,8672,31866
2018-07-10,10:42:35,144100,2,144140,144130,2,8672,31866
2018-07-10,10:42:54,144100,2,144140,144130,2,8672,31866
2018-07-10,10:42:55,144100,2,144130,144140,1,8676,31866
2018-07-10,10:42:55,144100,2,144130,144140,1,8676,31866
2018-07-10,10:42:56,144100,2,144130,144140,1,8676,31866
2018-07-10,10:43:10,144100,2,144130,144140,1,8676,31866
2018-07-10,10:43:10,144100,3,144130,144140,1,8676,31866
2018-07-10,10:43:13,144100,3,144130,144140,1,8676,31866
2018-07-10,10:43:24,144100,3,144140,144160,1,8678,31866
2018-07-10,10:43:24,144110,1,144140,144160,1,8678,31866
2018-07-10,10:43:25,144110,1,144140,144160,1,8678,31866
2018-07-10,10:43:25,144110,2,144140,144160,1,8678,31866
2018-07-10,10:43:27,144120,1,144140,144160,1,8678,31866
2018-07-10,10:43:28,144110,1,144120,144160,1,8680,31864
2018-07-10,10:43:28,144110,2,144120,144160,1,8680,31864
2018-07-10,10:43:31,144110,2,144120,144160,1,8680,31864
2018-07-10,10:43:42,144110,2,144120,144160,1,8680,31864
2018-07-10,10:43:51,144150,1,144120,144160,1,8680,31864
2018-07-10,10:43:52,144110,1,144150,144140,2,8682,31862
2018-07-10,10:43:52,144110,1,144110,144140,2,8684,31864
2018-07-10,10:43:53,144110,1,144110,144140,2,8684,31864
2018-07-10,10:44:00,144110,1,144110,144170,2,8684,31864
2018-07-10,10:44:00,144110,1,144110,144160,2,8684,31864
2018-07-10,10:44:02,144110,1,144110,144150,1,8684,31864
2018-07-10,10:44:02,144120,1,144110,144140,1,8684,31864
2018-07-10,10:44:03,144120,1,144110,144140,1,8684,31864
2018-07-10,10:44:06,144120,1,144110,144140,1,8684,31864
2018-07-10,10:44:07,144100,1,144120,144140,1,8686,31862
2018-07-10,10:44:08,144100,1,144120,144130,1,8686,31862
2018-07-10,10:44:09,144100,1,144120,144130,1,8686,31862
2018-07-10,10:44:18,144100,1,144130,144140,1,8688,31862
2018-07-10,10:44:21,144100,1,144130,144120,1,8688,31862
2018-07-10,10:44:31,144100,1,144130,144110,2,8688,31862
2018-07-10,10:44:32,144100,1,144130,144110,2,8688,31862
2018-07-10,10:44:44,144100,1,144130,144110,2,8688,31862
2018-07-10,10:44:48,144050,2,144100,144110,2,8690,31862
2018-07-10,10:44:48,144060,1,144100,144100,1,8690,31862
2018-07-10,10:44:50,144060,1,144100,144100,1,8690,31862
2018-07-10,10:45:00,144060,1,144100,144100,2,8690,31862
2018-07-10,10:45:01,144060,2,144100,144100,2,8690,31862
2018-07-10,10:45:01,144070,1,144100,144100,2,8690,31862
2018-07-10,10:45:02,144070,1,144100,144100,2,8690,31862
2018-07-10,10:45:02,144070,2,144100,144100,2,8690,31862
2018-07-10,10:45:03,144070,2,144100,144100,1,8692,31862
2018-07-10,10:45:04,144070,5,144100,144110,2,8694,31862
2018-07-10,10:45:04,144070,5,144100,144110,2,8694,31862
2018-07-10,10:45:07,144070,5,144100,144110,2,8694,31862
2018-07-10,10:45:07,144070,5,144100,144110,2,8694,31862
2018-07-10,10:45:13,144070,4,144070,144110,2,8696,31864
2018-07-10,10:45:14,144070,4,144070,144100,1,8696,31864
2018-07-10,10:45:27,144060,1,144070,144070,1,8704,31864
2018-07-10,10:45:28,144070,3,144070,144100,1,8706,31862
2018-07-10,10:45:28,144070,3,144070,144110,2,8706,31862
2018-07-10,10:45:37,144070,2,144070,144110,2,8708,31862
2018-07-10,10:45:37,144070,2,144070,144100,1,8708,31862
2018-07-10,10:45:43,144080,1,144070,144100,1,8708,31862
2018-07-10,10:45:44,144080,1,144070,144100,1,8708,31862
2018-07-10,10:45:50,144080,1,144100,144110,3,8710,31860
2018-07-10,10:46:15,144080,1,144110,144110,1,8714,31864
2018-07-10,10:46:16,144080,1,144110,144110,2,8716,31864
2018-07-10,10:46:16,144080,1,144110,144110,3,8716,31864
2018-07-10,10:46:33,144100,1,144110,144110,3,8716,31864
2018-07-10,10:46:34,144100,1,144110,144110,2,8718,31864
2018-07-10,10:46:34,144110,1,144120,144130,1,8724,31858
2018-07-10,10:46:35,144110,1,144130,144140,1,8728,31856
2018-07-10,10:46:35,144120,1,144130,144140,1,8728,31856
2018-07-10,10:46:36,144110,1,144120,144140,1,8730,31854
2018-07-10,10:46:46,144110,1,144140,144170,1,8732,31854
2018-07-10,10:46:47,144120,1,144140,144160,1,8732,31854
2018-07-10,10:46:47,144110,1,144140,144160,1,8732,31854
2018-07-10,10:46:49,144110,1,144140,144160,1,8732,31854
2018-07-10,10:46:52,144110,1,144140,144150,1,8732,31854
2018-07-10,10:46:53,144110,1,144140,144150,1,8732,31854
2018-07-10,10:46:54,144110,1,144140,144150,1,8732,31854
2018-07-10,10:46:55,144110,1,144140,144150,1,8732,31854
2018-07-10,10:46:58,144120,2,144140,144150,1,8732,31854
2018-07-10,10:46:59,144120,1,144120,144150,1,8734,31852
2018-07-10,10:47:04,144120,1,144150,144160,1,8736,31852
2018-07-10,10:47:13,144110,1,144120,144160,1,8738,31850
2018-07-10,10:47:20,144120,1,144120,144160,1,8738,31850
2018-07-10,10:47:21,144150,1,144120,144160,1,8740,31850
2018-07-10,10:47:21,144120,1,144150,144150,2,8742,31848
2018-07-10,10:47:25,144120,1,144150,144150,2,8742,31848
2018-07-10,10:47:29,144120,1,144150,144160,1,8742,31848
2018-07-10,10:47:30,144110,1,144120,144160,1,8744,31848
2018-07-10,10:47:42,144150,1,144120,144160,1,8744,31848
2018-07-10,10:47:43,144100,1,144110,144150,2,8748,31848
2018-07-10,10:47:43,144100,1,144110,144140,1,8748,31848
2018-07-10,10:47:44,144060,20,144080,144140,1,8752,31844
2018-07-10,10:47:44,144070,2,144080,144130,2,8752,31844
2018-07-10,10:47:45,144070,3,144080,144130,2,8752,31844
2018-07-10,10:47:45,144100,1,144080,144130,2,8752,31844
2018-07-10,10:47:46,144100,1,144080,144140,1,8752,31844
2018-07-10,10:47:50,144100,1,144080,144140,2,8752,31844
2018-07-10,10:47:50,144100,1,144150,144150,1,8758,31842
2018-07-10,10:47:51,144110,1,144150,144160,1,8758,31842
2018-07-10,10:47:53,144110,1,144150,144160,1,8758,31842
2018-07-10,10:48:00,144110,1,144150,144160,1,8758,31842
2018-07-10,10:48:05,144110,1,144150,144140,1,8758,31842
2018-07-10,10:48:10,144110,1,144150,144140,1,8758,31842
2018-07-10,10:48:16,144140,2,144140,144160,1,8760,31842
2018-07-10,10:48:17,144140,2,144140,144170,1,8760,31842
2018-07-10,10:48:17,144140,1,144140,144170,1,8762,31842
2018-07-10,10:48:19,144140,1,144140,144170,1,8762,31842
2018-07-10,10:48:22,144110,1,144140,144140,2,8764,31842
2018-07-10,10:48:22,144110,1,144140,144140,2,8764,31842
2018-07-10,10:48:24,144110,1,144140,144140,1,8766,31840
2018-07-10,10:48:25,144110,1,144140,144140,1,8766,31840
2018-07-10,10:48:30,144110,1,144140,144140,1,8766,31840
2018-07-10,10:48:41,144060,17,144060,144140,1,8776,31846
2018-07-10,10:48:41,144070,2,144060,144130,3,8776,31846
2018-07-10,10:48:42,144070,2,144060,144120,1,8776,31846
2018-07-10,10:48:42,144070,2,144060,144120,1,8776,31846
2018-07-10,10:48:43,144080,1,144060,144120,1,8776,31846
2018-07-10,10:48:52,144070,2,144080,144120,1,8778,31846
2018-07-10,10:48:54,144080,1,144080,144120,1,8778,31846
2018-07-10,10:49:01,144070,2,144080,144120,1,8780,31848
2018-07-10,10:49:12,144070,2,144080,144120,1,8780,31848
2018-07-10,10:49:13,144070,1,144070,144120,1,8782,31850
2018-07-10,10:49:15,144070,1,144070,144120,1,8782,31850
2018-07-10,10:49:16,144070,1,144070,144120,1,8782,31850
2018-07-10,10:49:21,144070,1,144070,144120,1,8782,31850
2018-07-10,10:49:26,144070,1,144070,144120,1,8782,31850
2018-07-10,10:49:32,144070,1,144120,144130,2,8784,31850
2018-07-10,10:49:33,144080,1,144120,144120,1,8784,31850
2018-07-10,10:49:33,144070,1,144120,144120,1,8784,31850
2018-07-10,10:49:35,144080,1,144120,144120,1,8784,31850
2018-07-10,10:49:38,144080,1,144120,144120,1,8784,31850
2018-07-10,10:49:47,144080,1,144120,144120,2,8784,31850
2018-07-10,10:49:48,144080,1,144120,144120,3,8784,31850
2018-07-10,10:49:48,144080,1,144120,144120,3,8786,31850
2018-07-10,10:49:49,144070,1,144120,144120,3,8786,31850
2018-07-10,10:49:49,144080,1,144120,144120,3,8786,31850
2018-07-10,10:49:52,144080,1,144120,144120,3,8786,31850
2018-07-10,10:50:00,144070,1,144080,144120,3,8788,31850
2018-07-10,10:50:07,144070,1,144080,144080,1,8788,31850
2018-07-10,10:50:07,144080,1,144080,144120,1,8790,31848
2018-07-10,10:50:08,144080,1,144080,144120,2,8790,31848
2018-07-10,10:50:08,144060,17,144080,144110,1,8792,31848
2018-07-10,10:50:09,144070,1,144110,144120,1,8794,31846
2018-07-10,10:50:09,144070,1,144110,144120,2,8794,31846
2018-07-10,10:50:10,144070,1,144110,144120,3,8794,31846
2018-07-10,10:50:10,144080,1,144110,144110,1,8794,31846
2018-07-10,10:50:11,144080,1,144110,144110,1,8794,31846
2018-07-10,10:50:11,144080,1,144110,144110,1,8796,31844
2018-07-10,10:50:12,144080,1,144110,144110,2,8796,31844
2018-07-10,10:50:12,144080,2,144110,144110,2,8796,31844
2018-07-10,10:50:13,144080,3,144110,144110,2,8796,31844
2018-07-10,10:50:13,144090,1,144110,144110,2,8796,31844
2018-07-10,10:50:17,144090,1,144110,144120,1,8800,31844
2018-07-10,10:50:19,144090,1,144110,144120,1,8800,31844
2018-07-10,10:50:24,144090,1,144110,144110,1,8800,31844
2018-07-10,10:50:24,144100,1,144110,144110,1,8800,31844
2018-07-10,10:50:25,144100,1,144110,144120,1,8802,31842
2018-07-10,10:50:28,144090,1,144100,144100,4,8804,31840
2018-07-10,10:50:29,144080,2,144100,144100,1,8816,31842
2018-07-10,10:50:29,144080,2,144100,144120,1,8818,31842
2018-07-10,10:50:43,144080,2,144100,144120,1,8818,31842
2018-07-10,10:50:43,144080,2,144100,144120,2,8818,31842
2018-07-10,10:51:00,144080,2,144100,144120,2,8818,31842
2018-07-10,10:51:11,144080,2,144100,144100,1,8818,31842
2018-07-10,10:51:11,144080,2,144100,144100,1,8818,31842
2018-07-10,10:51:12,144080,2,144100,144100,2,8818,31842
2018-07-10,10:51:44,144080,2,144100,144100,1,8820,31842
2018-07-10,10:51:44,144100,1,144100,144120,1,8822,31842
2018-07-10,10:51:45,144080,2,144100,144120,1,8822,31842
2018-07-10,10:52:01,144090,1,144100,144120,1,8822,31842
2018-07-10,10:52:02,144100,1,144120,144170,1,8824,31840
2018-07-10,10:52:02,144110,1,144120,144160,1,8824,31840
2018-07-10,10:52:03,144110,1,144120,144160,1,8824,31840
2018-07-10,10:52:06,144090,1,144110,144110,4,8826,31840
2018-07-10,10:52:06,144090,1,144110,144110,4,8826,31840
2018-07-10,10:52:07,144100,1,144110,144110,4,8826,31840
2018-07-10,10:52:09,144100,1,144110,144110,3,8828,31840
2018-07-10,10:52:12,144100,1,144110,144110,1,8832,31840
2018-07-10,10:52:12,144110,2,144110,144150,1,8834,31840
2018-07-10,10:52:13,144110,2,144110,144140,1,8834,31840
2018-07-10,10:52:13,144110,3,144110,144140,1,8834,31840
2018-07-10,10:52:14,144110,3,144110,144140,1,8834,31840
2018-07-10,10:52:17,144110,3,144110,144140,1,8834,31840
2018-07-10,10:52:18,144090,1,144110,144140,1,8840,31844
2018-07-10,10:52:19,144090,1,144110,144130,1,8840,31844
2018-07-10,10:52:19,144090,1,144110,144120,1,8840,31844
2018-07-10,10:52:27,144090,1,144110,144120,1,8840,31844
2018-07-10,10:52:28,144090,1,144110,144120,1,8840,31844
2018-07-10,10:52:41,144110,1,144110,144120,1,8840,31844
2018-07-10,10:52:42,144110,1,144110,144120,1,8840,31844
2018-07-10,10:52:47,144090,1,144110,144120,1,8840,31844
2018-07-10,10:52:48,144100,1,144110,144120,1,8840,31844
2018-07-10,10:52:58,144100,1,144110,144120,1,8840,31844
2018-07-10,10:52:59,144100,1,144110,144120,1,8840,31844
2018-07-10,10:53:08,144090,1,144100,144120,1,8842,31842
2018-07-10,10:53:44,144090,1,144120,144130,1,8844,31844
2018-07-10,10:53:45,144090,1,144120,144130,1,8846,31842
2018-07-10,10:53:54,144080,2,144090,144130,1,8848,31842
2018-07-10,10:53:56,144090,1,144090,144130,1,8848,31842
2018-07-10,10:54:03,144080,2,144090,144130,1,8848,31842
2018-07-10,10:54:03,144080,2,144090,144130,1,8848,31842
2018-07-10,10:54:04,144090,1,144090,144130,1,8848,31842
2018-07-10,10:54:16,144080,2,144090,144130,1,8848,31842
2018-07-10,10:54:19,144090,1,144090,144130,1,8848,31842
2018-07-10,10:54:22,144090,1,144130,144170,1,8850,31840
2018-07-10,10:54:22,144100,4,144130,144160,3,8850,31840
2018-07-10,10:54:23,144110,1,144130,144150,1,8850,31840
2018-07-10,10:54:23,144110,1,144130,144150,1,8850,31840
2018-07-10,10:54:26,144100,3,144110,144110,2,8852,31842
2018-07-10,10:54:27,144090,1,144100,144110,2,8854,31844
2018-07-10,10:54:28,144080,2,144100,144110,2,8854,31844
2018-07-10,10:54:29,144090,1,144100,144110,2,8854,31844
2018-07-10,10:54:30,144090,1,144100,144110,3,8854,31844
2018-07-10,10:54:39,144090,1,144110,144110,1,8858,31848
2018-07-10,10:54:40,144090,1,144110,144150,1,8860,31850
2018-07-10,10:54:40,144100,1,144110,144140,1,8860,31850
2018-07-10,10:54:41,144090,1,144110,144140,1,8860,31850
2018-07-10,10:54:44,144080,2,144110,144140,1,8860,31850
2018-07-10,10:54:45,144080,2,144110,144130,1,8860,31850
2018-07-10,10:54:46,144090,1,144110,144130,1,8860,31850
2018-07-10,10:54:46,144090,1,144110,144140,1,8860,31850
2018-07-10,10:54:47,144080,2,144110,144140,1,8860,31850
2018-07-10,10:54:48,144080,2,144110,144130,1,8860,31850
2018-07-10,10:54:50,144090,1,144110,144130,1,8860,31850
2018-07-10,10:54:50,144090,1,144110,144140,1,8860,31850
2018-07-10,10:54:53,144090,1,144110,144140,1,8860,31850
2018-07-10,10:54:54,144090,1,144110,144140,1,8860,31850
2018-07-10,10:55:02,144090,1,144140,144150,1,8862,31850
2018-07-10,10:55:02,144100,2,144140,144150,1,8862,31850
2018-07-10,10:55:03,144100,2,144140,144170,1,8862,31850
2018-07-10,10:55:03,144110,2,144140,144160,1,8862,31850
2018-07-10,10:55:04,144110,2,144140,144170,1,8862,31850
2018-07-10,10:55:04,144120,1,144140,144170,1,8862,31850
2018-07-10,10:55:05,144110,2,144120,144170,1,8864,31850
2018-07-10,10:55:05,144110,2,144120,144160,1,8864,31850
2018-07-10,10:55:08,144110,2,144120,144160,1,8864,31850
2018-07-10,10:55:09,144100,1,144110,144110,1,8868,31854
2018-07-10,10:55:09,144100,1,144110,144160,1,8870,31856
2018-07-10,10:55:10,144100,1,144110,144150,2,8870,31856
2018-07-10,10:55:10,144100,1,144110,144140,1,8870,31856
2018-07-10,10:55:11,144110,1,144110,144140,1,8870,31856
2018-07-10,10:55:11,144110,1,144140,144130,1,8872,31854
2018-07-10,10:55:13,144100,1,144110,144110,2,8874,31852
2018-07-10,10:55:14,144080,2,144100,144110,2,8876,31852
2018-07-10,10:55:14,144080,2,144100,144110,2,8876,31852
2018-07-10,10:55:15,144080,1,144100,144110,2,8876,31852
2018-07-10,10:55:17,144080,1,144100,144110,2,8876,31852
2018-07-10,10:55:19,144080,2,144100,144110,2,8876,31852
2018-07-10,10:55:25,144080,2,144100,144110,2,8876,31852
2018-07-10,10:55:26,144080,2,144110,144110,1,8878,31850
2018-07-10,10:55:39,144070,1,144080,144080,6,8882,31852
2018-07-10,10:55:39,144060,17,144080,144110,1,8898,31852
2018-07-10,10:55:44,144060,17,144080,144100,1,8898,31852
2018-07-10,10:55:45,144060,17,144080,144100,1,8898,31852
2018-07-10,10:55:47,144060,17,144080,144100,1,8898,31852
2018-07-10,10:55:50,144060,17,144080,144100,1,8898,31852
2018-07-10,10:55:51,144070,1,144080,144100,1,8898,31852
2018-07-10,10:55:51,144070,1,144080,144100,1,8900,31850
2018-07-10,10:55:56,144060,17,144080,144100,1,8900,31850
2018-07-10,10:55:56,144080,1,144080,144100,1,8900,31850
2018-07-10,10:55:57,144080,1,144080,144100,1,8900,31850
2018-07-10,10:55:57,144060,17,144080,144100,1,8900,31850
2018-07-10,10:55:58,144060,17,144080,144100,1,8900,31850
2018-07-10,10:55:59,144070,1,144080,144100,1,8900,31850
2018-07-10,10:56:16,144070,1,144080,144100,1,8900,31850
2018-07-10,10:56:16,144070,2,144080,144100,1,8900,31850
2018-07-10,10:56:18,144080,1,144080,144100,1,8900,31850
2018-07-10,10:56:20,144070,1,144080,144100,1,8900,31850
2018-07-10,10:56:21,144080,1,144080,144100,1,8900,31850
2018-07-10,10:56:21,144080,2,144080,144100,1,8900,31850
2018-07-10,10:56:28,144080,3,144080,144100,1,8900,31850
2018-07-10,10:56:29,144080,2,144080,144170,1,8900,31850
2018-07-10,10:56:30,144100,1,144080,144160,2,8900,31850
2018-07-10,10:56:30,144110,1,144080,144150,2,8900,31850
2018-07-10,10:56:31,144100,1,144110,144140,2,8902,31852
2018-07-10,10:56:31,144100,1,144110,144130,2,8902,31852
2018-07-10,10:56:36,144100,1,144110,144130,2,8902,31852
2018-07-10,10:56:38,144100,1,144110,144130,2,8902,31852
2018-07-10,10:56:41,144100,1,144110,144130,2,8902,31852
2018-07-10,10:56:46,144100,1,144110,144130,2,8902,31852
2018-07-10,10:56:56,144100,1,144110,144130,2,8902,31852
2018-07-10,10:57:02,144090,1,144100,144130,1,8904,31850
2018-07-10,10:57:02,144090,1,144100,144130,2,8904,31850
2018-07-10,10:57:03,144080,1,144100,144130,2,8904,31850
2018-07-10,10:57:18,144060,17,144080,144080,1,8906,31848
2018-07-10,10:57:18,144060,17,144070,144080,1,8912,31852
2018-07-10,10:57:19,144060,17,144070,144080,1,8912,31852
2018-07-10,10:57:19,144070,1,144080,144130,1,8914,31852
2018-07-10,10:57:20,144080,1,144080,144120,1,8914,31852
2018-07-10,10:57:20,144060,17,144080,144120,1,8914,31852
2018-07-10,10:57:21,144070,1,144080,144110,1,8914,31852
2018-07-10,10:57:21,144070,1,144080,144120,1,8914,31852
2018-07-10,10:57:22,144080,1,144080,144120,1,8914,31852
2018-07-10,10:57:30,144070,1,144080,144120,1,8914,31852
2018-07-10,10:57:30,144080,1,144080,144120,1,8914,31852
2018-07-10,10:57:33,144080,1,144080,144110,3,8914,31852
2018-07-10,10:57:34,144080,1,144080,144100,1,8914,31852
2018-07-10,10:57:34,144070,1,144080,144100,1,8914,31852
2018-07-10,10:57:35,144060,17,144080,144100,1,8914,31852
2018-07-10,10:57:38,144070,1,144080,144100,1,8914,31852
2018-07-10,10:57:48,144070,2,144080,144100,1,8914,31852
2018-07-10,10:57:48,144070,2,144100,144110,3,8916,31850
2018-07-10,10:57:51,144100,1,144100,144110,3,8916,31850
2018-07-10,10:57:51,144070,1,144100,144100,1,8918,31850
2018-07-10,10:57:59,144070,1,144100,144110,3,8918,31850
2018-07-10,10:58:02,144080,1,144100,144110,3,8918,31850
2018-07-10,10:58:03,144070,1,144100,144110,3,8918,31850
2018-07-10,10:58:06,144080,1,144100,144110,3,8918,31850
2018-07-10,10:58:10,144080,1,144100,144100,11,8918,31850
2018-07-10,10:58:10,144070,1,144080,144080,1,8920,31852
2018-07-10,10:58:11,144060,17,144070,144080,1,8922,31852
2018-07-10,10:58:14,144060,17,144070,144070,1,8922,31852
2018-07-10,10:58:15,144060,14,144060,144070,1,8928,31858
2018-07-10,10:58:15,144060,4,144060,144080,1,8948,31866
2018-07-10,10:58:16,144060,3,144060,144080,1,8950,31868
2018-07-10,10:58:16,144060,2,144060,144080,1,8952,31870
2018-07-10,10:58:17,144060,2,144060,144080,1,8952,31870
2018-07-10,10:58:18,144060,2,144060,144100,11,8952,31870
2018-07-10,10:58:19,144060,2,144060,144090,1,8952,31870
2018-07-10,10:58:19,144060,2,144060,144090,2,8952,31870
2018-07-10,10:58:36,144070,1,144060,144090,2,8952,31870
2018-07-10,10:58:37,144060,2,144060,144090,2,8954,31870
2018-07-10,10:58:58,144060,2,144090,144090,1,8956,31868
2018-07-10,10:59:10,144050,5,144060,144080,1,8960,31872
2018-07-10,10:59:19,144050,2,144050,144080,1,8966,31870
2018-07-10,10:59:19,144050,1,144050,144080,1,8968,31870
2018-07-10,10:59:20,144050,1,144050,144080,1,8968,31870
2018-07-10,10:59:28,144050,2,144050,144080,1,8968,31870
2018-07-10,10:59:28,144050,4,144050,144080,1,8968,31870
2018-07-10,10:59:29,144060,1,144050,144080,1,8968,31870
2018-07-10,10:59:36,144060,1,144050,144080,1,8968,31870
2018-07-10,10:59:42,144060,11,144050,144080,1,8968,31870
2018-07-10,10:59:42,144080,2,144080,144100,11,8970,31870
2018-07-10,10:59:43,144060,11,144080,144100,11,8974,31870
2018-07-10,10:59:47,144070,1,144080,144100,11,8974,31870
2018-07-10,10:59:53,144070,1,144080,144100,11,8974,31870
2018-07-10,10:59:56,144070,1,144100,144100,9,8978,31870
2018-07-10,11:00:01,144070,2,144100,144100,9,8978,31870
2018-07-10,11:00:01,144070,2,144100,144100,5,8986,31870
2018-07-10,11:00:02,144100,1,144100,144130,2,8996,31874
2018-07-10,11:00:02,144100,1,144100,144130,2,8996,31874
2018-07-10,11:00:05,144100,2,144100,144130,2,8996,31874
2018-07-10,11:00:08,144100,3,144100,144130,2,8996,31874
2018-07-10,11:00:08,144100,3,144100,144130,2,8998,31876
2018-07-10,11:00:13,144100,3,144100,144130,1,8998,31876
2018-07-10,11:00:14,144100,4,144130,144170,1,9002,31874
2018-07-10,11:00:14,144130,1,144130,144160,1,9002,31874
2018-07-10,11:00:15,144130,1,144130,144160,1,9002,31874
2018-07-10,11:00:15,144130,1,144130,144160,1,9004,31872
2018-07-10,11:00:16,144130,1,144130,144160,1,9004,31872
2018-07-10,11:00:17,144130,1,144130,144160,2,9004,31872
2018-07-10,11:00:18,144130,1,144130,144150,1,9004,31872
2018-07-10,11:00:18,144110,1,144130,144130,4,9006,31872
2018-07-10,11:00:19,144100,3,144130,144130,5,9006,31872
2018-07-10,11:00:21,144100,3,144130,144120,2,9006,31872
2018-07-10,11:00:24,144100,3,144130,144120,1,9008,31872
2018-07-10,11:00:25,144100,1,144100,144120,1,9012,31876
2018-07-10,11:00:25,144070,1,144100,144120,1,9018,31874
2018-07-10,11:00:29,144070,2,144100,144120,1,9018,31874
2018-07-10,11:00:29,144080,1,144100,144120,1,9018,31874
2018-07-10,11:00:35,144080,1,144100,144120,1,9018,31874
2018-07-10,11:00:43,144080,1,144100,144110,1,9018,31874
2018-07-10,11:00:44,144080,1,144100,144110,1,9018,31874
2018-07-10,11:00:47,144080,1,144110,144120,1,9020,31874
2018-07-10,11:00:51,144070,1,144080,144120,2,9022,31872
2018-07-10,11:00:51,144070,1,144080,144110,1,9022,31872
2018-07-10,11:00:53,144060,10,144070,144110,2,9024,31872
2018-07-10,11:00:54,144060,10,144070,144100,1,9024,31872
2018-07-10,11:00:54,144060,10,144070,144100,1,9024,31872
2018-07-10,11:01:04,144060,10,144070,144100,1,9024,31872
2018-07-10,11:01:06,144060,10,144070,144100,1,9024,31872
2018-07-10,11:01:15,144060,10,144070,144100,1,9024,31872
2018-07-10,11:01:18,144060,10,144070,144100,1,9024,31872
2018-07-10,11:01:23,144060,9,144060,144100,1,9026,31874
2018-07-10,11:01:24,144060,9,144100,144110,2,9028,31876
2018-07-10,11:01:24,144060,8,144060,144110,2,9030,31876
2018-07-10,11:01:25,144060,8,144060,144100,1,9030,31876
2018-07-10,11:01:28,144060,7,144060,144100,1,9032,31876
2018-07-10,11:01:29,144060,7,144060,144100,3,9032,31876
2018-07-10,11:01:30,144060,7,144060,144100,4,9032,31876
2018-07-10,11:01:36,144060,6,144060,144100,4,9034,31876
2018-07-10,11:01:36,144020,1,144050,144040,10,9048,31890
2018-07-10,11:01:37,144020,1,144040,144040,9,9050,31892
2018-07-10,11:01:37,144000,9,144020,144040,10,9052,31890
2018-07-10,11:01:39,144000,9,144020,144040,10,9052,31890
2018-07-10,11:01:41,144000,9,144020,144040,10,9052,31890
2018-07-10,11:01:42,144000,9,144020,144040,10,9052,31890
2018-07-10,11:01:43,144000,8,144000,144040,1,9054,31890
2018-07-10,11:01:43,144000,1,144000,144040,1,9070,31892
2018-07-10,11:01:44,144000,1,144000,144030,1,9070,31892
2018-07-10,11:01:44,144000,1,144000,144030,1,9070,31892
2018-07-10,11:01:45,144000,1,144000,144030,2,9070,31892
2018-07-10,11:01:46,144010,2,144000,144030,2,9070,31892
2018-07-10,11:01:46,144000,1,144000,144030,2,9074,31892
2018-07-10,11:01:50,144000,1,144000,144030,2,9074,31892
2018-07-10,11:01:52,144000,2,144000,144030,2,9074,31892
2018-07-10,11:01:56,144000,1,144000,144030,2,9076,31890
2018-07-10,11:02:04,144000,2,144000,144030,2,9076,31890
2018-07-10,11:02:05,144000,1,144000,144030,2,9078,31888
2018-07-10,11:02:07,143980,1,144000,144030,1,9082,31886
2018-07-10,11:02:07,143990,1,144000,144030,1,9082,31886
2018-07-10,11:02:10,144010,2,144000,144030,1,9082,31886
2018-07-10,11:02:10,144010,2,144030,144090,4,9084,31884
2018-07-10,11:02:11,144020,2,144030,144080,2,9084,31884
2018-07-10,11:02:11,144020,2,144030,144070,1,9084,31884
2018-07-10,11:02:12,144020,1,144030,144070,1,9084,31884
2018-07-10,11:02:12,144020,1,144030,144070,1,9084,31884
2018-07-10,11:02:14,144020,1,144030,144070,1,9084,31884
2018-07-10,11:02:15,144010,2,144020,144070,1,9086,31884
2018-07-10,11:02:16,144010,2,144020,144060,1,9086,31884
2018-07-10,11:02:19,144020,1,144020,144060,1,9086,31884
2018-07-10,11:02:20,144020,1,144060,144070,1,9088,31882
2018-07-10,11:02:21,144020,1,144070,144080,1,9090,31882
2018-07-10,11:02:21,144030,2,144070,144080,1,9090,31882
2018-07-10,11:02:22,144040,1,144070,144080,1,9090,31882
2018-07-10,11:02:22,144040,1,144070,144080,1,9090,31882
2018-07-10,11:02:27,144030,2,144040,144040,3,9092,31882
2018-07-10,11:02:27,144020,1,144040,144080,1,9098,31882
2018-07-10,11:02:28,144020,1,144040,144040,1,9098,31882
2018-07-10,11:02:29,144040,1,144040,144080,1,9100,31882
2018-07-10,11:02:34,144040,1,144040,144080,2,9100,31882
2018-07-10,11:02:36,144040,1,144040,144070,1,9100,31882
2018-07-10,11:02:37,144020,1,144040,144070,1,9100,31882
2018-07-10,11:02:39,144050,1,144040,144070,1,9100,31882
2018-07-10,11:02:40,144070,1,144070,144080,2,9102,31884
2018-07-10,11:02:41,144050,1,144070,144080,1,9104,31886
2018-07-10,11:02:41,144050,1,144070,144090,4,9104,31886
2018-07-10,11:02:42,144050,1,144070,144100,1,9104,31886
2018-07-10,11:02:42,144100,1,144100,144130,2,9106,31884
2018-07-10,11:02:43,144080,1,144100,144130,2,9108,31882
2018-07-10,11:02:43,144080,1,144100,144120,1,9108,31882
2018-07-10,11:02:44,144080,1,144100,144120,1,9108,31882
2018-07-10,11:02:52,144060,1,144080,144120,1,9110,31880
2018-07-10,11:02:52,144060,1,144080,144110,1,9110,31880
2018-07-10,11:02:54,144060,1,144110,144120,1,9112,31880
2018-07-10,11:02:54,144070,1,144110,144120,1,9112,31880
2018-07-10,11:02:57,144070,1,144110,144120,3,9112,31880
2018-07-10,11:03:00,144070,1,144110,144110,1,9112,31880
2018-07-10,11:03:04,144070,1,144110,144110,1,9112,31880
2018-07-10,11:03:09,144070,1,144110,144110,1,9112,31880
2018-07-10,11:03:09,144060,1,144070,144110,1,9114,31878
2018-07-10,11:03:10,144060,1,144070,144100,1,9114,31878
2018-07-10,11:03:10,144050,1,144070,144100,1,9114,31878
2018-07-10,11:03:13,144050,1,144070,144100,1,9114,31878
2018-07-10,11:03:13,144050,1,144070,144080,1,9114,31878
2018-07-10,11:03:17,144050,1,144070,144070,1,9114,31878
2018-07-10,11:03:18,144050,1,144070,144070,1,9114,31878
2018-07-10,11:03:22,144050,1,144070,144100,1,9114,31878
2018-07-10,11:03:23,144050,1,144070,144060,1,9114,31878
2018-07-10,11:03:23,144050,1,144060,144100,1,9116,31878
2018-07-10,11:03:27,144050,1,144060,144100,1,9116,31878
2018-07-10,11:03:41,144030,1,144050,144050,9,9118,31878
2018-07-10,11:03:42,144030,1,144050,144050,9,9118,31878
2018-07-10,11:03:51,144030,1,144050,144110,1,9118,31878
2018-07-10,11:03:51,144040,3,144050,144100,2,9118,31878
2018-07-10,11:03:55,144030,1,144040,144040,2,9124,31880
2018-07-10,11:03:55,144040,1,144040,144110,1,9130,31878
2018-07-10,11:03:56,144040,1,144040,144100,2,9130,31878
2018-07-10,11:03:56,144040,1,144040,144090,1,9130,31878
2018-07-10,11:03:57,144040,1,144040,144080,1,9130,31878
2018-07-10,11:03:57,144040,1,144040,144070,1,9130,31878
2018-07-10,11:03:58,144040,1,144040,144070,1,9130,31878
2018-07-10,11:03:58,144040,1,144040,144070,1,9130,31878
2018-07-10,11:04:02,144010,2,144020,144020,6,9136,31874
2018-07-10,11:04:03,144020,3,144020,144080,1,9148,31872
2018-07-10,11:04:03,144040,3,144020,144070,1,9148,31872
2018-07-10,11:04:04,144060,3,144020,144070,1,9148,31872
2018-07-10,11:04:04,144010,2,144060,144100,2,9158,31874
2018-07-10,11:04:05,144020,2,144060,144090,3,9158,31874
2018-07-10,11:04:05,144020,2,144060,144080,2,9158,31874
2018-07-10,11:04:06,144020,2,144060,144070,3,9158,31874
2018-07-10,11:04:06,144020,1,144060,144070,2,9158,31874
2018-07-10,11:04:07,144020,1,144060,144060,1,9158,31874
2018-07-10,11:04:07,144030,1,144060,144050,1,9158,31874
2018-07-10,11:04:11,144030,1,144060,144050,1,9158,31874
2018-07-10,11:04:14,144050,1,144050,144060,1,9160,31872
2018-07-10,11:04:15,144050,1,144060,144070,1,9162,31872
2018-07-10,11:04:16,144030,1,144050,144070,1,9164,31870
2018-07-10,11:04:16,144030,1,144050,144070,1,9164,31870
2018-07-10,11:04:18,144030,1,144050,144070,1,9164,31870
2018-07-10,11:04:19,144070,1,144070,144080,2,9166,31870
2018-07-10,11:04:20,144030,1,144070,144090,1,9168,31870
2018-07-10,11:04:20,144040,1,144070,144090,1,9168,31870
2018-07-10,11:04:22,144040,1,144070,144090,1,9168,31870
2018-07-10,11:04:25,144050,1,144070,144090,1,9168,31870
2018-07-10,11:04:47,144050,1,144070,144090,1,9168,31870
2018-07-10,11:04:57,144050,1,144070,144090,1,9168,31870
2018-07-10,11:04:58,144050,1,144070,144090,2,9168,31870
2018-07-10,11:05:07,144050,1,144070,144080,1,9168,31870
2018-07-10,11:05:09,144040,1,144070,144080,1,9168,31870
2018-07-10,11:05:09,144020,1,144070,144080,1,9168,31870
2018-07-10,11:05:10,144020,1,144070,144070,2,9168,31870
2018-07-10,11:05:10,144020,1,144070,144070,2,9168,31870
2018-07-10,11:05:11,144020,1,144070,144070,3,9168,31870
2018-07-10,11:05:11,144060,1,144070,144070,3,9168,31870
2018-07-10,11:05:12,144020,1,144060,144050,2,9170,31868
2018-07-10,11:05:12,144020,1,144050,144060,1,9174,31868
2018-07-10,11:05:13,144020,1,144050,144060,2,9174,31868
2018-07-10,11:05:14,144030,1,144050,144060,2,9174,31868
2018-07-10,11:05:19,144030,1,144050,144060,2,9174,31868
2018-07-10,11:05:19,144030,1,144050,144060,2,9174,31868
2018-07-10,11:05:22,144030,1,144050,144060,2,9174,31868
2018-07-10,11:05:26,144030,1,144060,144070,1,9178,31870
2018-07-10,11:05:37,144030,1,144060,144070,1,9178,31870
2018-07-10,11:05:38,144030,1,144060,144070,1,9178,31870
2018-07-10,11:05:41,144030,1,144060,144050,1,9178,31870
2018-07-10,11:05:41,144030,1,144060,144050,1,9178,31870
2018-07-10,11:05:43,144020,1,144030,144050,1,9180,31868
2018-07-10,11:05:53,144020,1,144030,144050,1,9180,31868
2018-07-10,11:05:57,144020,1,144030,144050,3,9180,31868
2018-07-10,11:05:59,144020,1,144030,144050,3,9180,31868
2018-07-10,11:06:06,144010,1,144020,144050,3,9182,31866
2018-07-10,11:06:07,144010,1,144020,144050,3,9182,31866
2018-07-10,11:06:09,144010,1,144020,144040,1,9182,31866
2018-07-10,11:06:09,144010,1,144020,144040,1,9182,31866
2018-07-10,11:06:17,144000,2,144010,144040,1,9184,31866
2018-07-10,11:06:17,144000,2,144010,144030,1,9184,31866
2018-07-10,11:06:19,144000,2,144010,144030,1,9184,31866
2018-07-10,11:06:21,144030,3,144030,144040,1,9186,31866
2018-07-10,11:06:27,144030,1,144030,144040,1,9190,31866
2018-07-10,11:06:28,144000,2,144030,144040,1,9192,31866
2018-07-10,11:06:28,144040,1,144040,144050,3,9194,31866
2018-07-10,11:06:29,144010,1,144040,144050,3,9196,31868
2018-07-10,11:06:32,144010,1,144040,144050,3,9196,31868
2018-07-10,11:06:36,144010,1,144040,144050,4,9196,31868
2018-07-10,11:06:37,144000,2,144040,144050,4,9196,31868
2018-07-10,11:06:44,144000,2,144040,144040,1,9196,31868
2018-07-10,11:06:45,144000,2,144040,144040,2,9196,31868
2018-07-10,11:06:45,144000,2,144040,144040,3,9196,31868
2018-07-10,11:06:48,144000,1,144040,144040,3,9196,31868
2018-07-10,11:06:50,144000,1,144040,144040,3,9196,31868
2018-07-10,11:06:54,144040,1,144040,144050,4,9202,31868
2018-07-10,11:06:54,144000,1,144040,144040,2,9204,31866
2018-07-10,11:06:59,143980,1,144000,144000,1,9206,31866
2018-07-10,11:07:00,144020,1,144000,144040,2,9208,31864
2018-07-10,11:07:00,144000,3,144000,144040,2,9218,31862
2018-07-10,11:07:01,144000,2,144040,144040,1,9220,31860
2018-07-10,11:07:01,144040,1,144040,144050,4,9220,31860
2018-07-10,11:07:02,144000,1,144040,144050,4,9222,31858
2018-07-10,11:07:02,144010,1,144000,144040,1,9224,31856
2018-07-10,11:07:06,144010,1,144000,144040,2,9224,31856
2018-07-10,11:07:07,144010,1,144040,144040,1,9226,31856
2018-07-10,11:07:08,144010,1,144040,144040,1,9226,31856
2018-07-10,11:07:08,144010,1,144040,144040,1,9226,31856
2018-07-10,11:07:12,144010,1,144040,144040,2,9226,31856
2018-07-10,11:07:14,143980,1,144010,144040,2,9228,31856
2018-07-10,11:07:14,143980,1,144010,144030,1,9228,31856
2018-07-10,11:07:24,143980,1,144010,144010,1,9228,31856
2018-07-10,11:07:24,143990,1,144010,144030,1,9230,31858
2018-07-10,11:07:25,143990,1,144010,144040,2,9230,31858
2018-07-10,11:07:25,143990,2,144010,144040,2,9230,31858
2018-07-10,11:07:26,144000,1,144010,144040,2,9230,31858
2018-07-10,11:07:27,144030,1,144010,144040,2,9230,31858
2018-07-10,11:07:28,144000,1,144030,144030,1,9232,31858
2018-07-10,11:07:28,143990,1,143990,144030,1,9236,31854
2018-07-10,11:07:31,143990,1,143990,144030,1,9236,31854
2018-07-10,11:07:34,144030,1,144030,144040,2,9238,31852
2018-07-10,11:07:34,143990,1,144030,144040,2,9240,31850
2018-07-10,11:07:35,143990,1,144030,144030,1,9240,31850
2018-07-10,11:07:36,143980,1,143990,144030,1,9242,31848
2018-07-10,11:07:37,143980,1,143990,143990,1,9242,31848
2018-07-10,11:07:37,143990,2,143990,144030,1,9244,31850
2018-07-10,11:07:38,144030,1,144030,144040,2,9246,31850
2018-07-10,11:07:39,143990,2,144030,144040,2,9248,31848
2018-07-10,11:07:39,144000,1,144030,144040,2,9248,31848
2018-07-10,11:07:40,144000,1,144030,144040,2,9248,31848
2018-07-10,11:07:41,144030,1,144030,144040,2,9248,31848
2018-07-10,11:07:41,144030,1,144040,144040,1,9250,31848
2018-07-10,11:07:42,144030,1,144050,144050,1,9256,31846
2018-07-10,11:07:42,144050,2,144050,144070,4,9258,31846
2018-07-10,11:07:43,143990,3,144030,144070,4,9260,31846
2018-07-10,11:07:43,144000,1,144060,144070,4,9264,31848
2018-07-10,11:07:44,144010,1,144060,144070,4,9264,31848
2018-07-10,11:07:44,144020,1,144060,144070,4,9264,31848
2018-07-10,11:07:45,144020,1,144030,144030,2,9266,31848
2018-07-10,11:07:45,144000,1,144030,144070,4,9270,31852
2018-07-10,11:07:46,144000,1,144030,144070,4,9270,31852
2018-07-10,11:07:47,144010,1,144030,144060,2,9270,31852
2018-07-10,11:07:48,144010,1,144030,144060,2,9270,31852
2018-07-10,11:07:48,144010,1,144030,144060,3,9270,31852
2018-07-10,11:07:50,144010,1,144030,144050,1,9270,31852
2018-07-10,11:07:50,144000,1,144030,144050,1,9270,31852
2018-07-10,11:07:53,144000,1,144030,144050,1,9270,31852
2018-07-10,11:07:55,144050,2,144050,144060,3,9272,31852
2018-07-10,11:07:56,143980,1,144050,144050,2,9276,31848
2018-07-10,11:07:56,143990,1,144050,144040,1,9276,31848
2018-07-10,11:07:57,143990,1,144050,144040,1,9276,31848
2018-07-10,11:07:57,143990,1,144050,144040,2,9276,31848
2018-07-10,11:07:59,143990,1,144050,144040,2,9276,31848
2018-07-10,11:08:00,144000,1,144050,144040,3,9276,31848
2018-07-10,11:08:01,144000,1,144050,144040,2,9276,31848
2018-07-10,11:08:04,144000,3,144050,144040,2,9276,31848
2018-07-10,11:08:04,144010,1,144050,144040,2,9276,31848
2018-07-10,11:08:08,144000,3,144010,144040,1,9278,31848
2018-07-10,11:08:09,144010,1,144010,144040,1,9278,31848
2018-07-10,11:08:22,144030,2,144010,144040,1,9278,31848
2018-07-10,11:08:23,144030,2,144010,144040,1,9278,31848
2018-07-10,11:08:26,144030,1,144030,144040,1,9280,31846
2018-07-10,11:08:36,144010,1,144030,144040,1,9280,31846
2018-07-10,11:08:37,144010,1,144040,144070,4,9282,31846
2018-07-10,11:08:38,144020,1,144040,144060,1,9282,31846
2018-07-10,11:08:38,144010,1,144040,144060,1,9282,31846
2018-07-10,11:08:44,144060,2,144060,144070,4,9284,31848
2018-07-10,11:08:45,144000,3,144060,144070,4,9290,31852
2018-07-10,11:08:45,144010,1,144060,144060,1,9290,31852
2018-07-10,11:08:55,144010,1,144060,144060,1,9290,31852
2018-07-10,11:09:00,144020,1,144060,144060,1,9290,31852
2018-07-10,11:09:01,144020,1,144030,144070,4,9292,31850
2018-07-10,11:09:01,144020,1,144030,144070,2,9292,31850
2018-07-10,11:09:02,144010,1,144020,144070,2,9294,31848
2018-07-10,11:09:02,144010,1,144020,144060,2,9294,31848
2018-07-10,11:09:03,144010,1,144020,144060,2,9294,31848
2018-07-10,11:09:07,144020,1,144020,144060,2,9294,31848
2018-07-10,11:09:07,144020,1,144020,144060,1,9294,31848
2018-07-10,11:09:08,144050,2,144020,144060,1,9294,31848
2018-07-10,11:09:09,144020,1,144050,144050,1,9298,31848
2018-07-10,11:09:10,144020,1,144050,144050,2,9298,31848
2018-07-10,11:09:17,144010,1,144020,144020,2,9300,31848
2018-07-10,11:09:17,144000,3,144020,144020,2,9300,31848
2018-07-10,11:09:19,144000,3,144020,144020,2,9300,31848
2018-07-10,11:09:22,144000,3,144020,144020,2,9300,31848
2018-07-10,11:09:25,144000,3,144020,144020,2,9300,31848
2018-07-10,11:09:26,144000,3,144020,144040,1,9304,31844
2018-07-10,11:09:26,144010,1,144020,144040,1,9304,31844
2018-07-10,11:09:29,144010,1,144040,144050,1,9306,31844
2018-07-10,11:09:43,144010,1,144040,144050,1,9306,31844
2018-07-10,11:09:43,144010,1,144040,144050,2,9306,31844
2018-07-10,11:09:47,144000,3,144010,144050,2,9308,31842
2018-07-10,11:09:48,144000,3,144010,144040,1,9308,31842
2018-07-10,11:09:49,144000,3,144010,144040,1,9308,31842
2018-07-10,11:09:55,144000,3,144040,144050,2,9310,31844
2018-07-10,11:09:55,144010,1,144040,144050,2,9310,31844
2018-07-10,11:09:58,144040,2,144040,144050,2,9310,31844
2018-07-10,11:10:00,144040,1,144040,144050,2,9312,31842
2018-07-10,11:10:00,144010,1,144040,144050,2,9314,31840
2018-07-10,11:10:01,144010,1,144040,144050,2,9314,31840
2018-07-10,11:10:02,144010,1,144040,144040,1,9314,31840
2018-07-10,11:10:12,144010,2,144040,144040,1,9314,31840
2018-07-10,11:10:13,144040,1,144040,144050,2,9316,31838
2018-07-10,11:10:13,144010,2,144050,144060,1,9320,31838
2018-07-10,11:10:14,144020,1,144020,144080,2,9324,31840
2018-07-10,11:10:14,144030,1,144020,144080,2,9324,31840
2018-07-10,11:10:15,144020,1,144020,144080,2,9328,31838
2018-07-10,11:10:15,144020,1,144020,144070,2,9328,31838
2018-07-10,11:10:16,144010,2,144020,144060,1,9328,31838
2018-07-10,11:10:19,144010,2,144020,144060,1,9328,31838
2018-07-10,11:10:21,144050,2,144020,144060,2,9328,31838
2018-07-10,11:10:22,144010,2,144050,144050,2,9332,31834
2018-07-10,11:10:22,144010,2,144050,144040,1,9332,31834
2018-07-10,11:10:25,144020,3,144050,144040,1,9332,31834
2018-07-10,11:10:26,144020,3,144040,144050,2,9334,31834
2018-07-10,11:10:28,144020,2,144020,144050,2,9336,31832
2018-07-10,11:10:29,144020,1,144020,144050,2,9338,31830
2018-07-10,11:10:30,144020,1,144020,144060,1,9338,31830
2018-07-10,11:10:33,144050,2,144020,144060,1,9338,31830
2018-07-10,11:10:36,144060,1,144060,144070,1,9340,31830
2018-07-10,11:10:37,144060,1,144070,144080,2,9342,31830
2018-07-10,11:10:37,144060,1,144080,144080,1,9344,31828
2018-07-10,11:10:38,144080,2,144080,144100,1,9346,31828
2018-07-10,11:10:39,144060,1,144080,144100,1,9350,31828
2018-07-10,11:10:39,144060,4,144080,144100,1,9350,31828
2018-07-10,11:10:40,144070,1,144080,144100,1,9350,31828
2018-07-10,11:10:44,144070,1,144080,144100,1,9350,31828
2018-07-10,11:10:45,144060,5,144070,144100,1,9352,31826
2018-07-10,11:10:46,144070,1,144100,144110,1,9354,31828
2018-07-10,11:10:46,144100,5,144100,144110,1,9354,31828
2018-07-10,11:10:47,144100,5,144110,144120,1,9356,31826
2018-07-10,11:10:47,144100,8,144120,144130,2,9358,31828
2018-07-10,11:10:48,144110,1,144130,144170,1,9362,31828
2018-07-10,11:10:48,144120,1,144130,144170,1,9362,31828
2018-07-10,11:10:49,144120,1,144130,144170,1,9362,31828
2018-07-10,11:10:49,144120,3,144120,144170,1,9364,31828
2018-07-10,11:10:50,144120,4,144120,144160,1,9364,31828
2018-07-10,11:10:50,144120,3,144120,144160,1,9366,31826
2018-07-10,11:10:51,144120,3,144120,144150,1,9366,31826
2018-07-10,11:10:51,144120,2,144120,144150,1,9368,31826
2018-07-10,11:10:52,144120,2,144120,144150,1,9368,31826
2018-07-10,11:10:56,144150,2,144150,144160,2,9370,31826
2018-07-10,11:10:57,144110,1,144150,144120,2,9374,31826
2018-07-10,11:10:57,144110,2,144110,144160,1,9380,31822
2018-07-10,11:10:58,144110,2,144110,144150,1,9380,31822
2018-07-10,11:11:00,144110,2,144110,144150,1,9380,31822
2018-07-10,11:11:01,144110,2,144110,144150,1,9380,31822
2018-07-10,11:11:02,144110,1,144110,144150,1,9382,31822
2018-07-10,11:11:02,144110,1,144110,144140,1,9382,31822
2018-07-10,11:11:04,144110,1,144110,144140,1,9382,31822
2018-07-10,11:11:05,144110,2,144110,144140,1,9382,31822
2018-07-10,11:11:06,144110,2,144110,144140,1,9382,31822
2018-07-10,11:11:08,144110,2,144110,144140,1,9382,31822
2018-07-10,11:11:09,144140,4,144140,144150,1,9384,31820
2018-07-10,11:11:09,144140,9,144140,144170,3,9384,31820
2018-07-10,11:11:10,144140,10,144140,144170,3,9384,31820
2018-07-10,11:11:12,144140,10,144140,144150,1,9384,31820
2018-07-10,11:11:15,144140,8,144140,144150,1,9388,31816
2018-07-10,11:11:15,144110,1,144140,144140,3,9404,31806
2018-07-10,11:11:16,144100,6,144110,144140,3,9406,31804
2018-07-10,11:11:16,144100,6,144110,144130,1,9406,31804
2018-07-10,11:11:21,144100,6,144110,144130,1,9406,31804
2018-07-10,11:11:22,144100,7,144110,144130,1,9406,31804
2018-07-10,11:11:22,144110,2,144110,144130,1,9406,31804
2018-07-10,11:11:23,144110,2,144110,144130,1,9406,31804
2018-07-10,11:11:24,144110,2,144110,144130,1,9406,31804
2018-07-10,11:11:24,144110,2,144110,144130,1,9406,31804
2018-07-10,11:11:30,144110,2,144110,144130,1,9406,31804
2018-07-10,11:11:31,144110,2,144110,144130,1,9406,31804
2018-07-10,11:11:32,144110,2,144110,144130,1,9406,31804
2018-07-10,11:11:33,144110,2,144110,144120,1,9406,31804
2018-07-10,11:11:34,144110,2,144110,144120,1,9406,31804
2018-07-10,11:11:34,144100,7,144110,144110,2,9410,31804
2018-07-10,11:11:35,144080,2,144100,144120,1,9428,31798
2018-07-10,11:11:35,144080,2,144100,144110,1,9428,31798
2018-07-10,11:11:36,144080,3,144100,144110,1,9428,31798
2018-07-10,11:11:36,144090,1,144100,144110,1,9428,31798
2018-07-10,11:11:37,144090,1,144100,144110,1,9428,31798
2018-07-10,11:11:37,144090,2,144100,144110,1,9428,31798
2018-07-10,11:11:38,144090,3,144100,144110,1,9428,31798
2018-07-10,11:11:39,144090,3,144100,144110,1,9428,31798
2018-07-10,11:11:40,144090,3,144110,144140,5,9430,31796
2018-07-10,11:11:40,144090,3,144110,144140,5,9430,31796
2018-07-10,11:11:42,144100,5,144110,144140,5,9430,31796
2018-07-10,11:11:43,144100,5,144110,144130,1,9430,31796
2018-07-10,11:11:43,144100,6,144110,144130,1,9430,31796
2018-07-10,11:11:44,144100,7,144110,144130,1,9430,31796
2018-07-10,11:11:44,144100,7,144130,144140,6,9432,31798
2018-07-10,11:11:46,144110,1,144130,144140,6,9432,31798
2018-07-10,11:11:46,144130,1,144130,144140,6,9432,31798
2018-07-10,11:11:47,144130,2,144130,144140,6,9432,31798
2018-07-10,11:11:47,144130,3,144140,144150,1,9444,31790
2018-07-10,11:11:48,144130,3,144140,144150,1,9444,31790
2018-07-10,11:11:48,144140,1,144140,144150,1,9444,31790
2018-07-10,11:11:49,144140,1,144150,144170,4,9446,31792
2018-07-10,11:11:49,144140,2,144150,144170,4,9446,31792
2018-07-10,11:11:50,144140,3,144150,144170,4,9446,31792
2018-07-10,11:11:50,144160,1,144150,144170,4,9446,31792
2018-07-10,11:11:51,144160,1,144170,144170,3,9448,31792
2018-07-10,11:11:51,144170,1,144170,144180,2,9454,31792
2018-07-10,11:11:52,144130,1,144170,144180,2,9456,31792
2018-07-10,11:11:52,144130,2,144180,144180,1,9458,31790
2018-07-10,11:11:53,144130,3,144140,144180,1,9460,31790
2018-07-10,11:11:55,144140,1,144140,144160,2,9460,31790
2018-07-10,11:11:55,144140,1,144140,144160,2,9460,31790
2018-07-10,11:11:56,144140,2,144140,144160,2,9460,31790
2018-07-10,11:11:56,144140,2,144140,144160,2,9460,31790
2018-07-10,11:11:58,144140,2,144140,144160,2,9460,31790
2018-07-10,11:12:00,144140,2,144140,144160,2,9460,31790
2018-07-10,11:12:01,144140,1,144140,144160,2,9462,31790
2018-07-10,11:12:01,144130,1,144140,144140,2,9464,31788
2018-07-10,11:12:02,144100,7,144130,144130,1,9466,31790
2018-07-10,11:12:02,144100,7,144130,144130,1,9466,31790
2018-07-10,11:12:06,144100,7,144130,144140,4,9468,31790
2018-07-10,11:12:07,144100,7,144130,144130,1,9468,31790
2018-07-10,11:12:08,144100,7,144130,144130,1,9468,31790
2018-07-10,11:12:08,144100,7,144130,144130,1,9468,31790
2018-07-10,11:12:09,144100,7,144130,144130,1,9468,31790
2018-07-10,11:12:10,144100,7,144130,144130,1,9468,31790
2018-07-10,11:12:12,144100,7,144130,144130,1,9468,31790
2018-07-10,11:12:13,144100,7,144130,144130,1,9468,31790
2018-07-10,11:12:17,144100,7,144130,144130,1,9468,31790
2018-07-10,11:12:23,144100,7,144130,144160,2,9470,31788
2018-07-10,11:12:23,144110,2,144130,144160,2,9470,31788
2018-07-10,11:12:24,144120,1,144130,144160,2,9470,31788
2018-07-10,11:12:25,144110,1,144110,144160,2,9474,31788
2018-07-10,11:12:25,144110,1,144110,144150,1,9474,31788
2018-07-10,11:12:26,144100,7,144110,144150,1,9474,31788
2018-07-10,11:12:27,144100,7,144110,144150,1,9474,31788
2018-07-10,11:12:29,144110,1,144110,144150,1,9474,31788
2018-07-10,11:12:34,144110,1,144110,144150,1,9474,31788
2018-07-10,11:12:35,144110,1,144110,144150,1,9474,31788
2018-07-10,11:12:35,144100,7,144110,144150,1,9474,31788
2018-07-10,11:12:36,144100,7,144110,144130,1,9474,31788
2018-07-10,11:12:38,144100,7,144110,144110,1,9474,31788
2018-07-10,11:12:38,144110,1,144110,144130,1,9476,31786
2018-07-10,11:12:42,144100,7,144110,144130,1,9478,31788
2018-07-10,11:12:42,144100,7,144130,144150,1,9480,31788
2018-07-10,11:12:44,144110,1,144130,144150,1,9480,31788
2018-07-10,11:12:45,144110,1,144130,144150,1,9480,31788
2018-07-10,11:12:47,144100,7,144130,144150,1,9480,31788
2018-07-10,11:12:52,144100,6,144130,144150,1,9480,31788
2018-07-10,11:12:56,144100,6,144130,144150,1,9480,31788
2018-07-10,11:13:00,144110,1,144130,144150,1,9480,31788
2018-07-10,11:13:07,144100,6,144110,144150,1,9482,31788
2018-07-10,11:13:09,144100,6,144110,144150,2,9482,31788
2018-07-10,11:13:09,144100,6,144110,144140,1,9482,31788
2018-07-10,11:13:16,144100,6,144110,144140,2,9482,31788
2018-07-10,11:13:17,144100,6,144110,144130,1,9482,31788
2018-07-10,11:13:19,144100,5,144130,144140,2,9486,31788
2018-07-10,11:13:20,144100,4,144100,144140,2,9488,31786
2018-07-10,11:13:21,144100,4,144100,144140,2,9488,31786
2018-07-10,11:13:24,144100,4,144100,144140,2,9488,31786
2018-07-10,11:13:24,144100,4,144100,144140,2,9488,31786
2018-07-10,11:13:27,144100,4,144100,144140,2,9488,31786
2018-07-10,11:13:30,144100,4,144100,144140,2,9488,31786
2018-07-10,11:13:30,144100,4,144140,144140,1,9490,31786
2018-07-10,11:13:31,144100,3,144100,144140,1,9492,31784
2018-07-10,11:13:37,144100,3,144160,144180,2,9504,31782
2018-07-10,11:13:38,144110,1,144110,144170,1,9506,31780
2018-07-10,11:13:41,144120,1,144110,144170,1,9506,31780
2018-07-10,11:13:42,144110,1,144120,144170,1,9508,31778
2018-07-10,11:13:42,144110,1,144120,144160,1,9508,31778
2018-07-10,11:13:43,144110,2,144120,144160,1,9508,31778
2018-07-10,11:13:45,144110,3,144120,144160,1,9508,31778
2018-07-10,11:13:45,144120,1,144120,144160,1,9508,31778
2018-07-10,11:13:46,144120,2,144120,144170,1,9508,31778
2018-07-10,11:13:47,144120,2,144120,144170,2,9508,31778
2018-07-10,11:13:48,144120,2,144120,144160,2,9508,31778
2018-07-10,11:13:48,144120,1,144120,144160,3,9508,31778
2018-07-10,11:13:50,144110,3,144120,144160,3,9508,31778
2018-07-10,11:13:51,144110,3,144120,144160,2,9508,31778
2018-07-10,11:13:53,144110,3,144120,144150,1,9508,31778
2018-07-10,11:13:53,144110,2,144120,144150,1,9508,31778
2018-07-10,11:13:59,144110,2,144120,144150,2,9508,31778
2018-07-10,11:14:00,144110,2,144120,144150,3,9508,31778
2018-07-10,11:14:00,144110,2,144120,144150,3,9508,31778
2018-07-10,11:14:01,144110,2,144120,144150,3,9508,31778
2018-07-10,11:14:02,144100,3,144110,144110,1,9512,31776
2018-07-10,11:14:02,144080,2,144100,144150,3,9518,31776
2018-07-10,11:14:03,144080,2,144100,144140,1,9518,31776
2018-07-10,11:14:03,144080,2,144100,144130,1,9518,31776
2018-07-10,11:14:04,144080,2,144100,144120,1,9518,31776
2018-07-10,11:14:06,144080,2,144100,144120,1,9518,31776
2018-07-10,11:14:08,144100,5,144100,144120,1,9518,31776
2018-07-10,11:14:09,144100,5,144100,144120,1,9518,31776
2018-07-10,11:14:16,144100,5,144120,144140,1,9520,31776
2018-07-10,11:14:17,144110,1,144120,144140,1,9520,31776
2018-07-10,11:14:26,144110,1,144120,144140,1,9520,31776
2018-07-10,11:14:32,144100,5,144110,144110,3,9522,31776
2018-07-10,11:14:36,144100,5,144110,144110,1,9526,31780
2018-07-10,11:14:37,144110,1,144110,144140,1,9528,31782
2018-07-10,11:14:40,144100,5,144110,144140,1,9530,31782
2018-07-10,11:14:44,144100,5,144110,144140,1,9530,31782
2018-07-10,11:14:44,144100,5,144110,144120,1,9530,31782
2018-07-10,11:14:47,144100,5,144110,144120,3,9530,31782
2018-07-10,11:14:48,144100,3,144100,144120,3,9534,31782
2018-07-10,11:14:48,144080,2,144100,144100,4,9540,31778
2018-07-10,11:14:54,144100,1,144100,144110,1,9548,31778
2018-07-10,11:14:58,144080,2,144100,144110,1,9550,31778
2018-07-10,11:14:59,144080,2,144100,144100,2,9550,31778
2018-07-10,11:15:01,144080,2,144100,144100,1,9552,31780
2018-07-10,11:15:04,144080,2,144100,144100,2,9552,31780
2018-07-10,11:15:08,144100,3,144100,144110,1,9556,31778
2018-07-10,11:15:08,144100,2,144100,144120,3,9560,31778
2018-07-10,11:15:13,144080,2,144100,144120,3,9564,31774
2018-07-10,11:15:14,144110,1,144110,144120,3,9566,31774
2018-07-10,11:15:14,144080,2,144110,144120,3,9568,31774
2018-07-10,11:15:19,144090,1,144110,144120,3,9568,31774
2018-07-10,11:15:26,144080,2,144090,144090,1,9570,31772
2018-07-10,11:15:26,144090,3,144090,144120,3,9572,31772
2018-07-10,11:15:32,144090,2,144090,144120,3,9574,31772
2018-07-10,11:15:34,144080,2,144090,144120,3,9574,31772
2018-07-10,11:15:39,144080,2,144090,144100,1,9574,31772
2018-07-10,11:15:40,144080,2,144090,144100,2,9574,31772
2018-07-10,11:15:43,144100,3,144100,144120,3,9578,31768
2018-07-10,11:15:53,144100,3,144100,144120,3,9578,31768
2018-07-10,11:15:59,144100,3,144100,144110,2,9578,31768
2018-07-10,11:16:00,144100,3,144100,144110,7,9578,31768
2018-07-10,11:16:01,144070,2,144100,144100,3,9584,31764
2018-07-10,11:16:04,144070,2,144100,144100,3,9584,31764
2018-07-10,11:16:06,144070,2,144100,144100,4,9584,31764
2018-07-10,11:16:13,144070,2,144100,144100,2,9588,31764
2018-07-10,11:16:13,144080,1,144100,144110,7,9592,31760
2018-07-10,11:16:15,144080,1,144100,144090,1,9592,31760
2018-07-10,11:16:15,144090,3,144090,144110,7,9594,31760
2018-07-10,11:16:16,144090,2,144090,144110,7,9594,31760
2018-07-10,11:16:18,144100,5,144090,144110,7,9594,31760
2018-07-10,11:16:18,144110,3,144110,144120,1,9608,31756
2018-07-10,11:16:19,144130,2,144120,144150,2,9610,31754
2018-07-10,11:16:19,144130,2,144120,144150,2,9610,31754
2018-07-10,11:16:21,144130,2,144120,144150,2,9610,31754
2018-07-10,11:16:22,144130,3,144120,144150,2,9610,31754
2018-07-10,11:16:23,144130,3,144120,144150,2,9610,31754
2018-07-10,11:16:25,144130,2,144130,144150,2,9612,31754
2018-07-10,11:16:26,144130,2,144130,144150,2,9612,31754
2018-07-10,11:16:27,144130,2,144130,144150,2,9612,31754
2018-07-10,11:16:28,144130,2,144130,144150,2,9612,31754
2018-07-10,11:16:29,144130,2,144130,144150,3,9612,31754
2018-07-10,11:16:29,144100,5,144130,144130,1,9616,31756
2018-07-10,11:16:37,144100,5,144130,144150,3,9618,31758
2018-07-10,11:16:38,144110,1,144130,144150,3,9618,31758
2018-07-10,11:16:45,144110,1,144150,144150,2,9620,31758
2018-07-10,11:16:46,144110,1,144150,144180,2,9624,31762
2018-07-10,11:16:47,144150,1,144150,144170,1,9624,31762
2018-07-10,11:16:47,144120,1,144150,144170,1,9626,31762
2018-07-10,11:16:51,144120,1,144150,144150,1,9626,31762
2018-07-10,11:16:51,144110,1,144150,144150,1,9626,31762
2018-07-10,11:16:52,144100,5,144150,144150,1,9626,31762
2018-07-10,11:16:52,144110,1,144150,144150,1,9626,31762
2018-07-10,11:16:53,144110,1,144150,144150,1,9626,31762
2018-07-10,11:16:59,144100,5,144110,144150,1,9628,31762
2018-07-10,11:16:59,144100,5,144110,144140,1,9628,31762
2018-07-10,11:17:18,144100,5,144110,144140,1,9628,31762
2018-07-10,11:17:21,144100,4,144100,144140,1,9630,31760
2018-07-10,11:17:21,144130,2,144100,144140,1,9630,31760
2018-07-10,11:17:22,144100,4,144130,144140,1,9634,31760
2018-07-10,11:17:33,144100,3,144100,144140,1,9636,31758
2018-07-10,11:17:48,144100,3,144100,144140,1,9636,31758
2018-07-10,11:17:49,144140,1,144140,144150,4,9638,31760
2018-07-10,11:17:49,144100,3,144140,144150,4,9640,31758
2018-07-10,11:17:50,144110,1,144140,144150,4,9640,31758
2018-07-10,11:17:55,144110,1,144150,144150,3,9642,31758
2018-07-10,11:17:55,144110,1,144150,144150,3,9642,31758
2018-07-10,11:18:15,144110,1,144150,144150,3,9642,31758
2018-07-10,11:18:15,144110,1,144150,144140,2,9642,31758
2018-07-10,11:18:17,144100,3,144110,144140,2,9644,31758
2018-07-10,11:18:17,144110,1,144110,144140,2,9644,31758
2018-07-10,11:18:21,144110,1,144110,144140,2,9644,31758
2018-07-10,11:18:23,144110,1,144110,144140,2,9644,31758
2018-07-10,11:18:28,144110,1,144110,144140,2,9644,31758
2018-07-10,11:18:31,144110,1,144110,144140,2,9644,31758
2018-07-10,11:18:41,144110,1,144110,144140,2,9644,31758
2018-07-10,11:18:53,144110,1,144110,144140,2,9644,31758
2018-07-10,11:18:58,144110,1,144110,144140,2,9644,31758
2018-07-10,11:18:59,144110,2,144110,144140,2,9644,31758
2018-07-10,11:19:00,144100,3,144110,144140,2,9648,31762
2018-07-10,11:19:01,144100,3,144110,144130,1,9648,31762
2018-07-10,11:19:07,144100,3,144110,144130,1,9648,31762
2018-07-10,11:19:08,144100,3,144110,144130,1,9648,31762
2018-07-10,11:19:09,144110,1,144110,144130,1,9648,31762
2018-07-10,11:19:11,144110,1,144110,144130,1,9648,31762
2018-07-10,11:19:34,144110,1,144110,144130,1,9648,31762
2018-07-10,11:19:35,144110,1,144110,144130,2,9648,31762
2018-07-10,11:19:38,144110,1,144110,144130,2,9648,31762
2018-07-10,11:20:21,144110,1,144130,144130,1,9650,31760
2018-07-10,11:20:21,144110,1,144130,144140,2,9652,31760
2018-07-10,11:20:33,144110,2,144130,144140,2,9652,31760
2018-07-10,11:20:48,144110,2,144130,144130,1,9652,31760
2018-07-10,11:20:49,144110,1,144130,144130,1,9652,31760
2018-07-10,11:20:50,144110,1,144130,144130,1,9652,31760
2018-07-10,11:20:50,144110,1,144130,144120,1,9652,31760
2018-07-10,11:20:51,144110,1,144130,144120,1,9652,31760
2018-07-10,11:20:51,144110,1,144130,144120,1,9652,31760
2018-07-10,11:20:52,144110,1,144130,144120,2,9652,31760
2018-07-10,11:20:52,144100,4,144110,144120,2,9654,31758
2018-07-10,11:20:56,144110,1,144110,144120,2,9654,31758
2018-07-10,11:20:57,144100,4,144110,144120,2,9656,31758
2018-07-10,11:21:09,144110,2,144120,144120,1,9658,31756
2018-07-10,11:21:09,144120,2,144120,144130,1,9660,31756
2018-07-10,11:21:10,144120,2,144130,144150,3,9662,31758
2018-07-10,11:21:13,144120,1,144120,144150,3,9664,31756
2018-07-10,11:21:17,144110,2,144120,144150,3,9664,31756
2018-07-10,11:21:18,144110,2,144120,144140,1,9664,31756
2018-07-10,11:21:24,144110,2,144120,144140,1,9664,31756
2018-07-10,11:21:38,144110,3,144120,144140,1,9664,31756
2018-07-10,11:21:40,144110,3,144120,144140,2,9664,31756
2018-07-10,11:21:57,144100,4,144110,144110,2,9670,31762
2018-07-10,11:21:58,144100,4,144110,144110,1,9672,31764
2018-07-10,11:21:58,144100,4,144110,144140,2,9674,31764
2018-07-10,11:21:59,144110,1,144110,144140,2,9674,31764
2018-07-10,11:22:09,144100,4,144110,144110,4,9676,31764
2018-07-10,11:22:11,144100,4,144110,144110,3,9678,31764
2018-07-10,11:22:12,144100,4,144110,144140,2,9684,31762
2018-07-10,11:22:13,144100,4,144110,144140,2,9684,31762
2018-07-10,11:22:17,144100,4,144110,144130,1,9684,31762
2018-07-10,11:22:37,144100,4,144110,144130,1,9684,31762
2018-07-10,11:22:43,144110,1,144110,144130,1,9684,31762
2018-07-10,11:22:56,144110,2,144110,144130,1,9684,31762
2018-07-10,11:22:56,144110,2,144130,144140,2,9686,31760
2018-07-10,11:23:47,144110,2,144130,144140,2,9686,31760
2018-07-10,11:23:47,144110,2,144140,144140,1,9688,31762
2018-07-10,11:23:48,144120,1,144140,144140,1,9688,31762
2018-07-10,11:23:49,144120,1,144140,144140,1,9688,31762
2018-07-10,11:23:50,144120,2,144140,144140,1,9688,31762
2018-07-10,11:23:51,144140,2,144140,144160,7,9690,31762
2018-07-10,11:23:52,144120,2,144140,144160,7,9692,31760
2018-07-10,11:23:58,144120,2,144160,144160,3,9700,31752
2018-07-10,11:23:59,144120,2,144160,144160,3,9700,31752
2018-07-10,11:24:00,144120,2,144160,144160,3,9700,31752
2018-07-10,11:24:00,144130,1,144160,144160,3,9700,31752
2018-07-10,11:24:02,144130,1,144160,144160,3,9700,31752
2018-07-10,11:24:02,144130,1,144160,144160,3,9700,31752
2018-07-10,11:24:03,144130,1,144160,144160,2,9702,31750
2018-07-10,11:24:16,144130,1,144160,144160,2,9702,31750
2018-07-10,11:24:31,144130,1,144160,144160,3,9702,31750
2018-07-10,11:24:33,144120,1,144160,144160,3,9702,31750
2018-07-10,11:24:34,144120,1,144160,144160,3,9702,31750
2018-07-10,11:24:35,144120,1,144160,144130,2,9702,31750
2018-07-10,11:24:38,144120,1,144160,144130,2,9702,31750
2018-07-10,11:24:41,144120,1,144160,144160,3,9702,31750
2018-07-10,11:24:47,144110,2,144120,144160,3,9704,31750
2018-07-10,11:24:48,144110,2,144120,144150,1,9704,31750
2018-07-10,11:24:49,144110,3,144120,144150,1,9704,31750
2018-07-10,11:24:51,144110,2,144120,144150,2,9704,31750
2018-07-10,11:24:55,144110,2,144120,144150,2,9704,31750
2018-07-10,11:24:59,144110,2,144120,144150,2,9704,31750
2018-07-10,11:25:02,144110,2,144120,144150,2,9704,31750
2018-07-10,11:25:02,144110,3,144120,144150,2,9704,31750
2018-07-10,11:25:04,144110,3,144120,144150,1,9704,31750
2018-07-10,11:25:05,144110,3,144120,144160,3,9704,31750
2018-07-10,11:25:10,144120,1,144120,144160,3,9704,31750
2018-07-10,11:25:10,144120,1,144120,144150,1,9704,31750
2018-07-10,11:25:14,144130,1,144120,144150,1,9704,31750
2018-07-10,11:25:15,144130,1,144150,144160,3,9706,31750
2018-07-10,11:25:19,144130,1,144150,144150,1,9706,31750
2018-07-10,11:25:30,144130,1,144150,144150,1,9706,31750
2018-07-10,11:25:31,144130,1,144150,144150,1,9706,31750
2018-07-10,11:25:32,144130,1,144150,144150,1,9706,31750
2018-07-10,11:25:33,144130,1,144150,144160,3,9708,31750
2018-07-10,11:25:37,144130,1,144160,144160,2,9710,31748
2018-07-10,11:25:38,144120,1,144160,144160,1,9712,31748
2018-07-10,11:25:39,144130,1,144160,144160,1,9712,31748
2018-07-10,11:25:39,144130,1,144160,144160,1,9712,31748
2018-07-10,11:25:45,144130,1,144160,144160,1,9712,31748
2018-07-10,11:25:58,144130,1,144160,144160,1,9712,31748
2018-07-10,11:26:01,144130,1,144160,144160,1,9712,31748
2018-07-10,11:26:02,144130,1,144160,144160,1,9712,31748
2018-07-10,11:26:03,144130,1,144160,144160,1,9712,31748
2018-07-10,11:26:03,144130,2,144160,144160,1,9712,31748
2018-07-10,11:26:15,144120,1,144130,144160,1,9716,31748
2018-07-10,11:26:15,144120,1,144130,144150,1,9716,31748
2018-07-10,11:26:17,144120,1,144130,144150,1,9716,31748
2018-07-10,11:26:26,144120,1,144130,144150,1,9716,31748
2018-07-10,11:26:34,144120,1,144130,144150,1,9716,31748
2018-07-10,11:26:36,144110,2,144130,144150,1,9716,31748
2018-07-10,11:26:41,144110,2,144130,144150,1,9716,31748
2018-07-10,11:26:42,144110,2,144130,144150,1,9716,31748
2018-07-10,11:26:53,144110,1,144110,144150,1,9718,31746
2018-07-10,11:26:54,144110,1,144150,144160,1,9720,31746
2018-07-10,11:27:02,144100,5,144110,144160,1,9722,31744
2018-07-10,11:27:02,144110,1,144110,144160,1,9722,31744
2018-07-10,11:27:06,144100,5,144110,144160,1,9724,31744
2018-07-10,11:27:06,144110,1,144110,144150,1,9724,31744
2018-07-10,11:27:11,144120,1,144110,144150,1,9724,31744
2018-07-10,11:27:22,144120,1,144110,144150,3,9724,31744
2018-07-10,11:27:23,144120,1,144110,144140,1,9724,31744
2018-07-10,11:27:29,144110,1,144110,144140,1,9726,31742
2018-07-10,11:27:30,144100,5,144110,144140,1,9726,31742
2018-07-10,11:27:55,144100,5,144110,144140,11,9726,31742
2018-07-10,11:27:56,144100,5,144110,144130,1,9726,31742
2018-07-10,11:27:59,144100,5,144130,144140,11,9728,31742
2018-07-10,11:28:09,144100,5,144130,144140,11,9728,31742
2018-07-10,11:28:16,144110,1,144130,144140,11,9728,31742
2018-07-10,11:28:17,144100,1,144100,144140,10,9738,31732
2018-07-10,11:28:24,144080,1,144100,144090,1,9740,31730
2018-07-10,11:28:24,144090,2,144090,144140,10,9746,31732
2018-07-10,11:28:26,144090,2,144090,144130,1,9746,31732
2018-07-10,11:28:26,144090,2,144140,144140,3,9762,31718
2018-07-10,11:28:27,144090,2,144140,144140,3,9762,31718
2018-07-10,11:28:29,144100,1,144140,144140,3,9762,31718
2018-07-10,11:28:32,144100,1,144140,144140,3,9762,31718
2018-07-10,11:28:33,144130,1,144140,144140,3,9762,31718
2018-07-10,11:28:33,144100,1,144130,144120,2,9764,31718
2018-07-10,11:28:34,144100,1,144130,144120,2,9764,31718
2018-07-10,11:28:36,144080,1,144130,144120,2,9764,31718
2018-07-10,11:28:37,144090,1,144130,144120,2,9764,31718
2018-07-10,11:28:38,144090,2,144130,144120,2,9764,31718
2018-07-10,11:28:50,144100,5,144130,144120,2,9764,31718
2018-07-10,11:28:50,144120,1,144120,144130,1,9768,31718
2018-07-10,11:28:51,144120,2,144120,144130,1,9768,31718
2018-07-10,11:28:53,144120,1,144120,144130,1,9768,31718
2018-07-10,11:28:54,144120,1,144120,144130,1,9768,31718
2018-07-10,11:28:54,144120,1,144120,144130,1,9768,31718
2018-07-10,11:28:58,144110,1,144120,144130,1,9768,31718
2018-07-10,11:29:04,144110,1,144130,144140,3,9770,31716
2018-07-10,11:29:04,144100,5,144130,144140,3,9770,31716
2018-07-10,11:29:05,144100,5,144130,144140,3,9770,31716
2018-07-10,11:29:06,144110,1,144130,144140,3,9770,31716
2018-07-10,11:29:09,144110,1,144130,144140,3,9770,31716
2018-07-10,11:29:11,144110,2,144130,144140,3,9770,31716
2018-07-10,11:29:12,144110,2,144130,144130,1,9770,31716
2018-07-10,11:29:15,144110,2,144130,144140,3,9772,31716
2018-07-10,11:29:22,144100,5,144110,144140,3,9776,31718
2018-07-10,11:29:29,144110,1,144110,144140,3,9776,31718
2018-07-10,11:29:30,144110,1,144110,144140,4,9776,31718
2018-07-10,11:29:36,144110,2,144110,144140,4,9776,31718
2018-07-10,11:29:43,144110,2,144110,144140,4,9776,31718
2018-07-10,11:29:44,144090,1,144110,144140,4,9780,31720
2018-07-10,11:29:44,144110,1,144110,144140,4,9780,31720
2018-07-10,11:29:45,144090,1,144110,144140,4,9782,31718
2018-07-10,11:29:45,144090,1,144110,144140,4,9782,31718
2018-07-10,11:29:46,144090,1,144110,144140,4,9782,31718
2018-07-10,11:29:47,144090,1,144110,144140,4,9782,31718
2018-07-10,11:29:49,144090,1,144110,144140,4,9782,31718
2018-07-10,11:29:50,144090,1,144110,144140,4,9782,31718
2018-07-10,11:29:52,144090,1,144150,144150,1,9794,31710
2018-07-10,11:29:53,144090,1,144150,144150,1,9794,31710
2018-07-10,11:29:56,144090,1,144150,144160,1,9794,31710
2018-07-10,11:30:00,144090,1,144150,144160,1,9794,31710
2018-07-10,13:30:00,144080,1,144090,144090,2,9796,31710
2018-07-10,13:30:01,144110,1,144090,144160,2,9806,31708
2018-07-10,13:30:01,144060,1,144110,144150,1,9812,31708
2018-07-10,13:30:02,144070,1,144110,144140,2,9812,31708
2018-07-10,13:30:02,144070,1,144110,144140,2,9812,31708
2018-07-10,13:30:03,144080,1,144110,144140,2,9812,31708
2018-07-10,13:30:03,144070,1,144080,144140,2,9814,31710
2018-07-10,13:30:04,144070,1,144080,144140,2,9816,31710
2018-07-10,13:30:05,144070,1,144080,144140,2,9816,31710
2018-07-10,13:30:06,144070,1,144080,144130,1,9816,31710
2018-07-10,13:30:06,144070,1,144140,144120,1,9820,31714
2018-07-10,13:30:07,144080,1,144140,144120,1,9820,31714
2018-07-10,13:30:07,144080,1,144140,144120,1,9820,31714
2018-07-10,13:30:08,144080,2,144140,144120,1,9820,31714
2018-07-10,13:30:11,144080,2,144140,144120,1,9820,31714
2018-07-10,13:30:11,144080,2,144140,144120,1,9820,31714
2018-07-10,13:30:13,144080,2,144140,144110,1,9820,31714
2018-07-10,13:30:15,144080,1,144140,144110,1,9820,31714
2018-07-10,13:30:18,144070,1,144140,144110,1,9820,31714
2018-07-10,13:30:18,144080,1,144100,144110,1,9822,31714
2018-07-10,13:30:22,144080,1,144100,144110,1,9822,31714
2018-07-10,13:30:23,144080,1,144100,144110,1,9822,31714
2018-07-10,13:30:24,144080,1,144110,144150,1,9824,31714
2018-07-10,13:30:25,144090,1,144110,144150,1,9824,31714
2018-07-10,13:30:25,144090,2,144110,144150,1,9824,31714
2018-07-10,13:30:26,144090,2,144110,144140,1,9824,31714
2018-07-10,13:30:27,144100,1,144110,144140,1,9824,31714
2018-07-10,13:30:27,144100,1,144110,144150,1,9824,31714
2018-07-10,13:30:30,144090,2,144100,144100,4,9826,31714
2018-07-10,13:30:30,144070,1,144090,144100,4,9830,31718
2018-07-10,13:30:31,144070,1,144090,144100,14,9830,31718
2018-07-10,13:30:31,144050,2,144070,144090,1,9832,31718
2018-07-10,13:30:32,144050,2,144070,144080,2,9832,31718
2018-07-10,13:30:33,144050,2,144070,144080,3,9832,31718
2018-07-10,13:30:34,144070,1,144070,144080,3,9832,31718
2018-07-10,13:30:35,144050,2,144070,144080,2,9834,31716
2018-07-10,13:30:35,144050,2,144070,144080,1,9834,31716
2018-07-10,13:30:36,144050,2,144070,144090,1,9834,31716
2018-07-10,13:30:37,144050,2,144070,144080,1,9834,31716
2018-07-10,13:30:41,144050,2,144070,144080,1,9834,31716
2018-07-10,13:30:42,144050,2,144070,144080,1,9834,31716
2018-07-10,13:30:43,144050,2,144070,144080,1,9834,31716
2018-07-10,13:30:43,144050,2,144100,144100,12,9844,31712
2018-07-10,13:30:44,144050,2,144100,144080,1,9844,31712
2018-07-10,13:30:45,144050,2,144100,144080,1,9844,31712
2018-07-10,13:30:48,144050,2,144100,144100,9,9854,31708
2018-07-10,13:30:50,144060,1,144100,144100,9,9854,31708
2018-07-10,13:30:52,144060,1,144100,144100,10,9854,31708
2018-07-10,13:30:53,144050,2,144100,144100,15,9854,31708
2018-07-10,13:30:54,144050,2,144100,144100,10,9864,31698
2018-07-10,13:30:57,144050,2,144100,144100,5,9874,31690
2018-07-10,13:30:57,144100,2,144100,144140,1,9884,31698
2018-07-10,13:30:58,144100,2,144100,144140,1,9884,31698
2018-07-10,13:30:59,144100,2,144100,144140,1,9884,31698
2018-07-10,13:31:02,144100,2,144100,144140,1,9884,31698
2018-07-10,13:31:06,144100,2,144100,144140,1,9884,31698
2018-07-10,13:31:09,144100,2,144100,144140,1,9884,31698
2018-07-10,13:31:22,144060,2,144100,144100,1,9888,31702
2018-07-10,13:31:23,144070,1,144100,144140,1,9890,31704
2018-07-10,13:31:23,144080,1,144100,144140,1,9890,31704
2018-07-10,13:31:25,144080,1,144100,144140,1,9890,31704
2018-07-10,13:31:25,144080,1,144100,144130,1,9890,31704
2018-07-10,13:31:27,144080,1,144100,144130,2,9890,31704
2018-07-10,13:31:27,144080,1,144100,144130,2,9890,31704
2018-07-10,13:31:32,144100,1,144100,144130,2,9890,31704
2018-07-10,13:31:32,144100,1,144100,144130,1,9890,31704
2018-07-10,13:31:33,144100,1,144100,144130,2,9890,31704
2018-07-10,13:31:33,144100,1,144100,144130,1,9890,31704
2018-07-10,13:31:44,144100,1,144130,144140,1,9892,31704
2018-07-10,13:31:52,144100,1,144130,144140,1,9892,31704
2018-07-10,13:31:53,144100,3,144130,144140,1,9892,31704
2018-07-10,13:31:57,144100,3,144130,144140,1,9892,31704
2018-07-10,13:31:59,144100,2,144100,144140,1,9894,31706
2018-07-10,13:32:01,144100,2,144100,144130,1,9894,31706
2018-07-10,13:32:04,144100,2,144100,144120,1,9894,31706
2018-07-10,13:32:04,144100,2,144100,144120,1,9894,31706
2018-07-10,13:32:05,144100,2,144100,144120,1,9894,31706
2018-07-10,13:32:10,144100,3,144100,144120,1,9894,31706
2018-07-10,13:32:11,144100,3,144100,144120,1,9894,31706
2018-07-10,13:32:12,144100,3,144100,144120,1,9894,31706
2018-07-10,13:32:13,144100,3,144120,144130,1,9896,31708
2018-07-10,13:32:13,144110,1,144120,144130,1,9896,31708
2018-07-10,13:32:14,144110,1,144120,144120,1,9896,31708
2018-07-10,13:32:14,144100,3,144120,144130,1,9898,31708
2018-07-10,13:32:15,144110,1,144120,144130,1,9898,31708
2018-07-10,13:32:16,144110,1,144120,144140,1,9898,31708
2018-07-10,13:32:18,144100,3,144110,144110,2,9900,31706
2018-07-10,13:32:42,144100,2,144100,144110,2,9902,31706
2018-07-10,13:32:42,144080,1,144100,144110,2,9908,31710
2018-07-10,13:32:47,144060,1,144080,144110,2,9910,31708
2018-07-10,13:32:47,144070,1,144080,144110,2,9910,31708
2018-07-10,13:32:50,144060,1,144070,144110,2,9912,31706
2018-07-10,13:32:52,144070,1,144070,144110,2,9912,31706
2018-07-10,13:32:53,144060,1,144070,144110,2,9912,31706
2018-07-10,13:32:53,144060,1,144070,144070,7,9914,31704
2018-07-10,13:32:54,144050,2,144060,144070,7,9916,31704
2018-07-10,13:32:56,144050,2,144070,144070,7,9928,31704
2018-07-10,13:32:56,144050,1,144070,144070,4,9936,31702
2018-07-10,13:32:57,144050,1,144070,144070,3,9940,31702
2018-07-10,13:32:57,144050,1,144070,144110,2,9952,31706
2018-07-10,13:32:58,144060,1,144070,144110,2,9952,31706
2018-07-10,13:32:58,144060,1,144110,144110,1,9954,31706
2018-07-10,13:32:59,144050,1,144110,144140,1,9958,31706
2018-07-10,13:33:00,144060,2,144110,144130,4,9958,31706
2018-07-10,13:33:00,144060,2,144110,144100,1,9958,31706
2018-07-10,13:33:01,144050,1,144090,144100,1,9962,31706
2018-07-10,13:33:01,144060,1,144090,144100,1,9962,31706
2018-07-10,13:33:02,144050,2,144100,144120,1,9966,31706
2018-07-10,13:33:04,144050,2,144100,144120,2,9966,31706
2018-07-10,13:33:05,144060,2,144100,144110,1,9966,31706
2018-07-10,13:33:06,144060,2,144100,144070,3,9966,31706
2018-07-10,13:33:06,144050,2,144070,144070,3,9970,31710
2018-07-10,13:33:08,144050,2,144070,144070,2,9972,31712
2018-07-10,13:33:13,144050,2,144070,144070,2,9972,31712
2018-07-10,13:33:13,144050,1,144050,144070,2,9974,31710
2018-07-10,13:33:14,144050,1,144070,144110,1,9978,31714
2018-07-10,13:33:15,144060,1,144070,144110,1,9978,31714
2018-07-10,13:33:16,144060,1,144070,144110,1,9978,31714
2018-07-10,13:33:25,144060,2,144070,144110,1,9978,31714
2018-07-10,13:33:27,144070,1,144070,144110,1,9978,31714
2018-07-10,13:33:27,144070,1,144070,144110,1,9978,31714
2018-07-10,13:33:28,144070,1,144070,144110,2,9978,31714
2018-07-10,13:33:33,144070,1,144070,144100,3,9978,31714
2018-07-10,13:33:34,144070,1,144070,144100,3,9978,31714
2018-07-10,13:33:34,144070,1,144070,144100,4,9978,31714
2018-07-10,13:33:35,144070,1,144070,144100,5,9978,31714
2018-07-10,13:33:37,144060,1,144070,144100,5,9980,31714
2018-07-10,13:33:45,144060,1,144100,144100,4,9982,31714
2018-07-10,13:33:50,144060,1,144100,144080,1,9982,31714
2018-07-10,13:33:51,144060,1,144100,144080,1,9982,31714
2018-07-10,13:33:51,144060,1,144100,144080,2,9982,31714
2018-07-10,13:33:52,144060,1,144100,144080,3,9982,31714
2018-07-10,13:33:54,144050,1,144060,144080,3,9984,31712
2018-07-10,13:33:55,144060,1,144060,144080,3,9984,31712
2018-07-10,13:33:58,144050,1,144060,144080,3,9984,31712
2018-07-10,13:33:58,144050,1,144060,144080,3,9984,31712
2018-07-10,13:34:02,144060,1,144060,144080,3,9984,31712
2018-07-10,13:34:04,144060,1,144060,144080,3,9984,31712
2018-07-10,13:34:09,144050,1,144060,144080,3,9984,31712
2018-07-10,13:34:15,144040,1,144050,144080,3,9986,31710
2018-07-10,13:34:16,144040,1,144050,144080,3,9986,31710
2018-07-10,13:34:17,144040,1,144050,144050,2,9986,31710
2018-07-10,13:34:17,144040,1,144050,144050,2,9986,31710
2018-07-10,13:34:18,144040,1,144050,144050,3,9986,31710
2018-07-10,13:34:18,144020,2,144040,144050,4,9990,31708
2018-07-10,13:34:19,144020,2,144040,144050,4,9990,31708
2018-07-10,13:34:20,144020,2,144050,144080,1,9998,31712
2018-07-10,13:34:20,144030,2,144050,144080,1,9998,31712
2018-07-10,13:34:28,144030,3,144050,144080,1,9998,31712
2018-07-10,13:34:28,144030,2,144050,144080,2,9998,31712
2018-07-10,13:34:29,144040,1,144050,144070,1,9998,31712
2018-07-10,13:34:29,144040,1,144050,144070,1,9998,31712
2018-07-10,13:34:30,144040,1,144050,144070,2,9998,31712
2018-07-10,13:34:32,144040,1,144050,144060,1,9998,31712
2018-07-10,13:34:32,144040,1,144050,144060,1,9998,31712
2018-07-10,13:34:33,144040,1,144050,144060,2,9998,31712
2018-07-10,13:34:33,144020,2,144040,144060,2,10000,31712
2018-07-10,13:34:35,144020,2,144040,144050,1,10000,31712
2018-07-10,13:34:35,144030,1,144040,144050,1,10000,31712
2018-07-10,13:34:36,144030,1,144040,144050,2,10000,31712
2018-07-10,13:34:43,144030,1,144050,144050,1,10002,31710
2018-07-10,13:34:43,144030,1,144050,144050,1,10002,31710
2018-07-10,13:34:44,144030,1,144050,144050,3,10002,31710
2018-07-10,13:34:49,144030,1,144050,144050,2,10004,31712
2018-07-10,13:34:49,144020,2,144050,144050,2,10004,31712
2018-07-10,13:34:50,144030,1,144050,144050,2,10004,31712
2018-07-10,13:34:51,144030,1,144050,144050,2,10004,31712
2018-07-10,13:34:53,144030,1,144050,144050,2,10004,31712
2018-07-10,13:34:54,144020,3,144030,144050,2,10006,31712
2018-07-10,13:34:59,144020,4,144030,144050,2,10006,31712
2018-07-10,13:35:03,144020,5,144030,144050,2,10006,31712
2018-07-10,13:35:03,144030,1,144030,144050,2,10006,31712
2018-07-10,13:35:04,144030,3,144030,144050,2,10006,31712
2018-07-10,13:35:04,144030,3,144050,144070,1,10010,31716
2018-07-10,13:35:05,144030,2,144030,144100,2,10012,31718
2018-07-10,13:35:05,144040,1,144030,144090,1,10012,31718
2018-07-10,13:35:06,144030,2,144040,144090,1,10014,31720
2018-07-10,13:35:07,144030,2,144040,144080,1,10014,31720
2018-07-10,13:35:14,144040,1,144040,144080,1,10014,31720
2018-07-10,13:35:15,144040,1,144040,144070,1,10014,31720
2018-07-10,13:35:15,144020,5,144030,144060,1,10020,31720
2018-07-10,13:35:16,144020,5,144030,144050,1,10020,31720
2018-07-10,13:35:16,144020,5,144030,144050,1,10020,31720
2018-07-10,13:35:17,144020,5,144030,144040,1,10020,31720
2018-07-10,13:35:17,144020,5,144030,144040,1,10020,31720
2018-07-10,13:35:18,144030,1,144030,144040,1,10020,31720
2018-07-10,13:35:19,144030,1,144040,144050,1,10022,31718
2018-07-10,13:35:20,144020,5,144030,144050,1,10024,31718
2018-07-10,13:35:20,144020,5,144030,144050,2,10024,31718
2018-07-10,13:35:21,144020,5,144030,144040,1,10024,31718
2018-07-10,13:35:22,144020,5,144040,144050,2,10026,31718
2018-07-10,13:35:24,144020,5,144050,144050,1,10028,31716
2018-07-10,13:35:29,144020,5,144050,144060,1,10030,31716
2018-07-10,13:35:29,144030,1,144050,144060,1,10030,31716
2018-07-10,13:35:31,144030,1,144050,144060,1,10030,31716
2018-07-10,13:35:32,144030,2,144050,144060,1,10030,31716
2018-07-10,13:35:33,144030,2,144050,144050,1,10030,31716
2018-07-10,13:35:34,144030,2,144050,144060,1,10030,31716
2018-07-10,13:35:39,144030,1,144030,144060,1,10032,31718
2018-07-10,13:35:44,144020,5,144030,144030,2,10034,31718
2018-07-10,13:35:45,144040,2,144030,144050,1,10038,31714
2018-07-10,13:35:45,144020,5,144040,144050,1,10046,31712
2018-07-10,13:35:48,144020,3,144020,144050,1,10050,31710
2018-07-10,13:35:49,144020,3,144020,144040,1,10050,31710
2018-07-10,13:35:50,144030,1,144020,144040,1,10050,31710
2018-07-10,13:35:50,144030,1,144020,144060,1,10050,31710
2018-07-10,13:35:54,144020,2,144020,144050,1,10054,31708
2018-07-10,13:36:10,144050,1,144050,144060,1,10056,31706
2018-07-10,13:36:10,144020,2,144060,144070,1,10060,31704
2018-07-10,13:36:11,144020,2,144060,144060,1,10060,31704
2018-07-10,13:36:16,144020,2,144060,144060,1,10060,31704
2018-07-10,13:36:19,144020,2,144060,144070,1,10060,31704
2018-07-10,13:36:19,144020,3,144060,144070,1,10060,31704
2018-07-10,13:36:20,144030,1,144060,144070,1,10060,31704
2018-07-10,13:36:20,144030,1,144060,144070,1,10060,31704
2018-07-10,13:36:21,144030,2,144060,144070,1,10060,31704
2018-07-10,13:36:25,144030,4,144060,144070,1,10060,31704
2018-07-10,13:36:25,144030,4,144060,144080,1,10060,31704
2018-07-10,13:36:27,144040,1,144060,144080,1,10060,31704
2018-07-10,13:36:28,144040,1,144060,144070,1,10060,31704
2018-07-10,13:36:28,144040,2,144060,144070,1,10060,31704
2018-07-10,13:36:33,144030,3,144040,144040,1,10064,31702
2018-07-10,13:36:33,144030,2,144040,144070,1,10066,31702
2018-07-10,13:36:35,144030,2,144040,144060,1,10066,31702
2018-07-10,13:36:36,144030,2,144040,144060,1,10066,31702
2018-07-10,13:36:42,144020,1,144030,144060,1,10070,31698
2018-07-10,13:36:42,144020,1,144030,144050,1,10070,31698
2018-07-10,13:36:44,144020,1,144030,144050,1,10070,31698
2018-07-10,13:36:44,144010,21,144020,144050,1,10072,31698
2018-07-10,13:36:45,144010,19,144010,144050,1,10076,31696
2018-07-10,13:36:46,144010,19,144010,144050,1,10076,31696
2018-07-10,13:36:47,144010,18,144010,144050,1,10078,31696
2018-07-10,13:36:48,144010,16,144010,144050,1,10082,31698
2018-07-10,13:36:48,144010,15,144010,144050,1,10084,31700
2018-07-10,13:36:49,144010,15,144010,144050,1,10084,31700
2018-07-10,13:36:49,144010,15,144010,144050,1,10084,31700
2018-07-10,13:36:54,144010,15,144010,144050,1,10084,31700
2018-07-10,13:36:55,144010,15,144010,144040,1,10084,31700
2018-07-10,13:36:58,144010,15,144010,144050,1,10084,31700
2018-07-10,13:37:01,144010,15,144010,144050,1,10084,31700
2018-07-10,13:37:11,144010,15,144010,144050,1,10084,31700
2018-07-10,13:37:16,144010,14,144010,144050,1,10086,31702
2018-07-10,13:37:17,144010,14,144050,144060,1,10088,31704
2018-07-10,13:37:17,144020,1,144050,144060,1,10088,31704
2018-07-10,13:37:18,144020,1,144050,144060,1,10088,31704
2018-07-10,13:37:18,144020,1,144050,144060,1,10088,31704
2018-07-10,13:37:20,144020,2,144050,144060,1,10088,31704
2018-07-10,13:37:21,144030,1,144050,144060,1,10088,31704
2018-07-10,13:37:21,144030,1,144050,144050,1,10088,31704
2018-07-10,13:37:22,144020,2,144050,144050,1,10088,31704
2018-07-10,13:37:28,144020,3,144050,144050,1,10088,31704
2018-07-10,13:37:29,144020,3,144050,144050,1,10088,31704
2018-07-10,13:37:30,144020,3,144050,144050,1,10088,31704
2018-07-10,13:37:31,144020,3,144050,144060,1,10090,31704
2018-07-10,13:37:31,144030,1,144050,144060,1,10090,31704
2018-07-10,13:37:32,144040,1,144050,144060,1,10090,31704
2018-07-10,13:37:32,144040,1,144050,144080,1,10090,31704
2018-07-10,13:37:33,144050,3,144050,144080,1,10090,31704
2018-07-10,13:37:33,144050,3,144050,144080,1,10090,31704
2018-07-10,13:37:35,144050,3,144050,144080,1,10090,31704
2018-07-10,13:37:37,144060,1,144050,144080,1,10090,31704
2018-07-10,13:37:39,144050,3,144050,144080,1,10090,31704
2018-07-10,13:37:52,144030,1,144050,144050,2,10096,31704
2018-07-10,13:38:00,144030,1,144050,144050,1,10098,31706
2018-07-10,13:38:01,144030,1,144050,144080,1,10100,31706
2018-07-10,13:38:01,144030,1,144050,144070,1,10100,31706
2018-07-10,13:38:09,144020,2,144030,144030,3,10102,31706
2018-07-10,13:38:09,144010,14,144030,144070,1,10110,31704
2018-07-10,13:38:10,144020,1,144030,144070,1,10110,31704
2018-07-10,13:38:11,144030,1,144030,144060,1,10110,31704
2018-07-10,13:38:13,144020,1,144030,144060,1,10112,31706
2018-07-10,13:38:13,144020,1,144030,144050,1,10112,31706
2018-07-10,13:38:16,144020,1,144030,144040,1,10112,31706
2018-07-10,13:38:18,144020,1,144030,144050,1,10112,31706
2018-07-10,13:38:19,144020,1,144030,144040,1,10112,31706
2018-07-10,13:38:23,144020,1,144040,144050,1,10114,31706
2018-07-10,13:38:28,144020,1,144040,144070,1,10114,31706
2018-07-10,13:38:29,144020,1,144040,144060,1,10114,31706
2018-07-10,13:38:54,144020,3,144040,144060,1,10114,31706
2018-07-10,13:38:56,144020,1,144020,144060,1,10118,31704
2018-07-10,13:38:56,144020,1,144020,144050,1,10118,31704
2018-07-10,13:38:58,144020,1,144020,144050,1,10118,31704
2018-07-10,13:38:58,144020,2,144020,144050,1,10118,31704
2018-07-10,13:39:04,144020,2,144020,144050,1,10118,31704
2018-07-10,13:39:14,144020,2,144020,144050,1,10118,31704
2018-07-10,13:39:14,144020,2,144020,144050,2,10118,31704
2018-07-10,13:39:20,144020,1,144020,144050,2,10120,31704
2018-07-10,13:39:21,144020,1,144020,144040,1,10120,31704
2018-07-10,13:39:21,144020,1,144020,144040,1,10120,31704
2018-07-10,13:39:22,144020,1,144050,144040,1,10124,31706
2018-07-10,13:39:22,144020,1,144040,144070,1,10126,31708
2018-07-10,13:39:23,144020,1,144040,144060,1,10126,31708
2018-07-10,13:39:24,144020,1,144040,144060,3,10126,31708
2018-07-10,13:39:24,144020,1,144040,144060,3,10126,31708
2018-07-10,13:39:27,144020,1,144040,144060,3,10126,31708
2018-07-10,13:39:51,144020,1,144040,144060,3,10126,31708
2018-07-10,13:39:58,144010,19,144020,144060,3,10128,31708
2018-07-10,13:39:59,144010,19,144020,144060,3,10128,31708
2018-07-10,13:40:07,144010,18,144010,144060,3,10130,31710
2018-07-10,13:40:07,144010,13,144010,144050,1,10130,31710
2018-07-10,13:40:08,144010,13,144010,144050,1,10130,31710
2018-07-10,13:40:08,144010,13,144010,144050,2,10130,31710
2018-07-10,13:40:10,144010,11,144010,144050,2,10134,31710
2018-07-10,13:40:10,144010,11,144010,144050,2,10134,31710
2018-07-10,13:40:11,144010,11,144010,144040,1,10134,31710
2018-07-10,13:40:11,144040,1,144040,144050,1,10136,31710
2018-07-10,13:40:12,144010,11,144040,144040,2,10138,31712
2018-07-10,13:40:12,144010,11,144040,144040,1,10140,31712
2018-07-10,13:40:13,144020,1,144040,144040,2,10140,31712
2018-07-10,13:40:14,144020,1,144040,144040,2,10140,31712
2018-07-10,13:40:18,144020,1,144040,144040,1,10142,31712
2018-07-10,13:40:19,144020,1,144040,144050,2,10144,31714
2018-07-10,13:40:22,144010,11,144040,144050,2,10144,31714
2018-07-10,13:40:22,144020,1,144040,144050,1,10144,31714
2018-07-10,13:40:28,144020,1,144040,144040,1,10144,31714
2018-07-10,13:40:56,144020,1,144040,144040,1,10144,31714
2018-07-10,13:40:56,144010,11,144020,144020,1,10146,31712
2018-07-10,13:40:57,144010,11,144020,144020,1,10146,31712
2018-07-10,13:41:01,144010,11,144020,144030,1,10148,31712
2018-07-10,13:41:01,144010,11,144020,144020,1,10148,31712
2018-07-10,13:41:02,144010,11,144020,144030,1,10148,31712
2018-07-10,13:41:06,144010,11,144020,144030,1,10148,31712
2018-07-10,13:41:06,144010,11,144020,144030,1,10148,31712
2018-07-10,13:41:11,144010,11,144030,144040,1,10150,31712
2018-07-10,13:41:14,144010,11,144030,144040,1,10150,31712
2018-07-10,13:41:34,144010,11,144030,144040,1,10150,31712
2018-07-10,13:41:37,144010,11,144030,144040,1,10150,31712
2018-07-10,13:41:38,144020,2,144030,144040,1,10150,31712
2018-07-10,13:41:39,144040,1,144040,144050,1,10152,31712
2018-07-10,13:41:39,144040,1,144050,144060,4,10154,31712
2018-07-10,13:41:47,144020,1,144050,144060,4,10154,31712
2018-07-10,13:41:47,144020,1,144050,144050,1,10154,31712
2018-07-10,13:41:53,144020,1,144050,144060,4,10156,31710
2018-07-10,13:41:53,144050,1,144050,144060,4,10156,31710
2018-07-10,13:41:59,144020,1,144050,144060,4,10158,31710
2018-07-10,13:42:00,144020,1,144050,144050,1,10158,31710
2018-07-10,13:42:00,144030,1,144050,144050,1,10158,31710
2018-07-10,13:42:01,144030,1,144050,144050,12,10158,31710
2018-07-10,13:42:01,144010,11,144030,144030,1,10160,31710
2018-07-10,13:42:02,144010,11,144030,144030,1,10160,31710
2018-07-10,13:42:02,144010,11,144030,144030,1,10162,31712
2018-07-10,13:42:03,144010,11,144030,144050,11,10164,31712
2018-07-10,13:42:10,144010,11,144050,144050,9,10168,31716
2018-07-10,13:42:10,144020,1,144050,144050,9,10168,31716
2018-07-10,13:42:11,144020,4,144050,144050,9,10168,31716
2018-07-10,13:42:12,144020,6,144050,144050,9,10168,31716
2018-07-10,13:42:12,144020,6,144050,144100,2,10186,31728
2018-07-10,13:42:13,144030,2,144050,144100,2,10186,31728
2018-07-10,13:42:13,144040,1,144050,144090,1,10186,31728
2018-07-10,13:42:14,144050,3,144050,144090,1,10186,31728
2018-07-10,13:42:16,144050,3,144050,144090,2,10186,31728
2018-07-10,13:42:17,144050,3,144090,144090,1,10188,31726
2018-07-10,13:42:17,144050,3,144090,144090,1,10188,31726
2018-07-10,13:42:23,144060,2,144090,144090,1,10188,31726
2018-07-10,13:42:23,144060,2,144090,144090,1,10188,31726
2018-07-10,13:42:27,144060,13,144090,144090,1,10188,31726
2018-07-10,13:42:28,144060,16,144090,144100,2,10190,31724
2018-07-10,13:42:33,144060,16,144090,144100,2,10190,31724
2018-07-10,13:42:37,144040,1,144060,144060,14,10222,31696
2018-07-10,13:42:37,144030,1,144040,144060,14,10226,31698
2018-07-10,13:42:38,144030,1,144040,144060,14,10226,31698
2018-07-10,13:42:41,144030,2,144040,144060,14,10226,31698
2018-07-10,13:42:42,144050,1,144040,144060,14,10226,31698
2018-07-10,13:42:42,144030,2,144050,144050,1,10228,31698
2018-07-10,13:42:44,144030,2,144050,144050,1,10228,31698
2018-07-10,13:42:48,144030,1,144030,144050,1,10230,31698
2018-07-10,13:42:52,144030,1,144030,144050,1,10230,31698
2018-07-10,13:42:55,144030,1,144030,144050,1,10230,31698
2018-07-10,13:42:56,144030,1,144030,144100,7,10230,31698
2018-07-10,13:42:56,144040,1,144030,144090,1,10230,31698
2018-07-10,13:42:58,144040,1,144030,144090,1,10230,31698
2018-07-10,13:42:58,144040,1,144030,144090,1,10230,31698
2018-07-10,13:43:00,144040,1,144030,144090,1,10230,31698
2018-07-10,13:43:01,144040,6,144030,144090,1,10230,31698
2018-07-10,13:43:03,144040,6,144030,144090,1,10230,31698
2018-07-10,13:43:07,144050,1,144030,144090,1,10230,31698
2018-07-10,13:43:08,144050,1,144030,144090,1,10230,31698
2018-07-10,13:43:10,144050,2,144030,144090,1,10230,31698
2018-07-10,13:43:11,144050,1,144030,144090,1,10230,31698
2018-07-10,13:43:12,144040,6,144050,144050,13,10232,31698
2018-07-10,13:43:12,144040,1,144040,144050,13,10242,31696
2018-07-10,13:43:13,144020,2,144020,144050,13,10252,31694
2018-07-10,13:43:13,144020,2,144040,144040,1,10254,31694
2018-07-10,13:43:14,144020,2,144040,144040,1,10254,31694
2018-07-10,13:43:22,144020,2,144040,144040,1,10254,31694
2018-07-10,13:43:26,144020,1,144020,144040,1,10256,31694
2018-07-10,13:43:37,144030,1,144020,144040,1,10256,31694
2018-07-10,13:43:38,144030,4,144020,144050,13,10256,31694
2018-07-10,13:43:40,144030,4,144020,144050,13,10256,31694
2018-07-10,13:43:42,144030,3,144020,144050,13,10256,31694
2018-07-10,13:43:43,144030,3,144050,144050,12,10258,31694
2018-07-10,13:43:43,144030,3,144050,144050,6,10270,31694
2018-07-10,13:43:44,144030,3,144050,144080,1,10282,31694
2018-07-10,13:43:44,144040,1,144050,144070,1,10282,31694
2018-07-10,13:43:45,144040,1,144050,144070,1,10282,31694
2018-07-10,13:43:45,144040,4,144050,144070,1,10282,31694
2018-07-10,13:43:47,144040,4,144050,144070,1,10282,31694
2018-07-10,13:44:01,144040,4,144050,144070,2,10282,31694
2018-07-10,13:44:01,144040,4,144050,144070,3,10282,31694
2018-07-10,13:44:15,144040,4,144050,144070,3,10282,31694
2018-07-10,13:45:03,144050,1,144050,144070,3,10282,31694
2018-07-10,13:45:04,144050,1,144050,144070,4,10282,31694
2018-07-10,13:45:04,144050,4,144050,144070,4,10282,31694
2018-07-10,13:45:17,144050,4,144050,144070,4,10282,31694
2018-07-10,13:45:17,144060,1,144050,144070,4,10282,31694
2018-07-10,13:45:18,144050,1,144060,144070,3,10286,31692
2018-07-10,13:45:18,144050,4,144060,144070,3,10286,31692
2018-07-10,13:45:19,144060,1,144070,144100,7,10292,31692
2018-07-10,13:45:19,144060,1,144070,144100,7,10292,31692
2018-07-10,13:45:28,144060,4,144070,144100,7,10292,31692
2018-07-10,13:45:29,144060,3,144070,144100,7,10292,31692
2018-07-10,13:45:30,144050,1,144060,144060,3,10298,31690
2018-07-10,13:45:30,144040,1,144050,144060,3,10300,31690
2018-07-10,13:45:31,144020,1,144050,144060,3,10300,31690
2018-07-10,13:45:37,144020,1,144050,144060,3,10300,31690
2018-07-10,13:45:38,144020,1,144060,144060,2,10302,31688
2018-07-10,13:45:39,144020,2,144060,144060,2,10302,31688
2018-07-10,13:45:39,144030,1,144060,144060,2,10302,31688
2018-07-10,13:45:40,144030,1,144060,144060,2,10302,31688
2018-07-10,13:45:41,144030,1,144060,144060,2,10302,31688
2018-07-10,13:45:43,144030,2,144060,144060,2,10302,31688
2018-07-10,13:45:43,144040,1,144060,144060,2,10302,31688
2018-07-10,13:45:57,144040,2,144060,144060,2,10302,31688
2018-07-10,13:45:57,144050,1,144060,144060,1,10304,31686
2018-07-10,13:45:58,144050,1,144060,144100,7,10306,31684
2018-07-10,13:45:58,144050,2,144060,144090,1,10306,31684
2018-07-10,13:45:59,144050,3,144060,144090,1,10306,31684
2018-07-10,13:45:59,144060,1,144060,144090,1,10306,31684
2018-07-10,13:46:00,144060,1,144060,144090,1,10306,31684
2018-07-10,13:46:00,144060,2,144060,144090,1,10306,31684
2018-07-10,13:46:01,144060,3,144060,144090,1,10306,31684
2018-07-10,13:46:01,144060,3,144060,144100,7,10306,31684
2018-07-10,13:46:05,144060,3,144060,144100,7,10306,31684
2018-07-10,13:46:14,144060,3,144060,144100,8,10306,31684
2018-07-10,13:46:15,144060,3,144060,144090,1,10306,31684
2018-07-10,13:46:23,144060,2,144060,144090,1,10308,31684
2018-07-10,13:46:27,144060,1,144060,144090,1,10310,31684
2018-07-10,13:46:28,144060,1,144060,144090,1,10310,31684
2018-07-10,13:46:29,144060,1,144060,144090,1,10310,31684
2018-07-10,13:46:31,144060,1,144060,144090,1,10310,31684
2018-07-10,13:46:34,144070,1,144060,144090,1,10310,31684
2018-07-10,13:46:35,144070,1,144060,144090,1,10310,31684
2018-07-10,13:46:35,144070,2,144060,144090,1,10310,31684
2018-07-10,13:46:36,144070,1,144070,144090,1,10312,31682
2018-07-10,13:46:36,144040,2,144070,144090,1,10314,31680
2018-07-10,13:46:37,144040,1,144070,144090,1,10314,31680
2018-07-10,13:46:44,144040,2,144070,144090,1,10314,31680
2018-07-10,13:46:52,144090,1,144090,144100,8,10316,31678
2018-07-10,13:46:53,144040,2,144090,144090,2,10318,31678
2018-07-10,13:46:53,144050,1,144090,144090,2,10318,31678
2018-07-10,13:46:54,144040,2,144050,144090,2,10320,31676
2018-07-10,13:46:55,144040,2,144050,144080,1,10320,31676
2018-07-10,13:47:00,144040,2,144080,144090,2,10322,31674
2018-07-10,13:47:01,144050,1,144080,144100,8,10322,31674
2018-07-10,13:47:12,144050,1,144080,144100,8,10322,31674
2018-07-10,13:47:13,144050,1,144080,144100,8,10322,31674
2018-07-10,13:47:19,144050,1,144080,144090,1,10322,31674
2018-07-10,13:47:23,144050,1,144080,144090,1,10322,31674
2018-07-10,13:47:23,144050,1,144080,144090,1,10322,31674
2018-07-10,13:47:38,144060,1,144080,144090,1,10322,31674
2018-07-10,13:47:48,144060,1,144080,144090,1,10322,31674
2018-07-10,13:47:48,144060,1,144090,144100,7,10324,31676
2018-07-10,13:47:49,144060,1,144090,144100,7,10324,31676
2018-07-10,13:47:53,144060,1,144090,144100,7,10324,31676
2018-07-10,13:47:59,144060,2,144090,144100,7,10324,31676
2018-07-10,13:48:14,144060,2,144090,144100,7,10324,31676
2018-07-10,13:48:16,144060,2,144090,144100,7,10324,31676
2018-07-10,13:48:18,144060,2,144090,144100,7,10324,31676
2018-07-10,13:48:34,144060,2,144090,144100,7,10324,31676
2018-07-10,13:48:35,144060,2,144090,144100,7,10324,31676
2018-07-10,13:48:41,144060,2,144090,144100,8,10324,31676
2018-07-10,13:48:41,144060,3,144090,144100,8,10324,31676
2018-07-10,13:48:44,144070,1,144090,144100,8,10324,31676
2018-07-10,13:48:44,144070,1,144090,144100,8,10324,31676
2018-07-10,13:48:45,144070,2,144090,144100,8,10324,31676
2018-07-10,13:48:46,144070,1,144090,144100,8,10324,31676
2018-07-10,13:48:50,144070,1,144090,144100,8,10324,31676
2018-07-10,13:48:51,144070,20,144090,144100,8,10324,31676
2018-07-10,13:48:51,144080,2,144100,144100,1,10338,31690
2018-07-10,13:48:52,144080,3,144100,144120,2,10340,31690
2018-07-10,13:48:52,144080,4,144100,144120,2,10340,31690
2018-07-10,13:48:53,144080,4,144100,144120,2,10340,31690
2018-07-10,13:48:58,144080,4,144100,144120,2,10340,31690
2018-07-10,13:48:59,144080,4,144100,144120,2,10340,31690
2018-07-10,13:48:59,144080,5,144100,144120,2,10340,31690
2018-07-10,13:49:00,144080,4,144100,144120,2,10340,31690
2018-07-10,13:49:01,144080,4,144120,144120,1,10342,31690
2018-07-10,13:49:02,144080,3,144120,144120,1,10342,31690
2018-07-10,13:49:09,144080,23,144120,144120,1,10342,31690
2018-07-10,13:49:10,144080,3,144120,144120,1,10342,31690
2018-07-10,13:49:14,144090,1,144120,144120,1,10342,31690
2018-07-10,13:49:14,144090,1,144120,144120,1,10342,31690
2018-07-10,13:49:15,144090,2,144120,144120,1,10342,31690
2018-07-10,13:49:22,144090,4,144120,144120,1,10342,31690
2018-07-10,13:49:24,144100,1,144120,144120,1,10342,31690
2018-07-10,13:49:24,144090,3,144100,144120,1,10344,31692
2018-07-10,13:49:25,144090,2,144100,144120,1,10344,31692
2018-07-10,13:49:25,144100,1,144100,144120,1,10344,31692
2018-07-10,13:49:26,144100,1,144100,144120,1,10344,31692
2018-07-10,13:49:26,144100,2,144100,144120,1,10344,31692
2018-07-10,13:49:28,144100,3,144100,144120,1,10344,31692
2018-07-10,13:49:28,144100,5,144100,144120,1,10344,31692
2018-07-10,13:49:29,144100,5,144120,144160,1,10346,31692
2018-07-10,13:49:29,144130,1,144120,144160,1,10346,31692
2018-07-10,13:49:30,144110,2,144130,144160,1,10348,31692
2018-07-10,13:49:30,144110,3,144130,144160,1,10348,31692
2018-07-10,13:49:31,144110,3,144130,144150,1,10348,31692
2018-07-10,13:49:31,144110,2,144130,144150,1,10348,31692
2018-07-10,13:49:34,144110,4,144130,144150,1,10348,31692
2018-07-10,13:49:34,144110,4,144130,144140,1,10348,31692
2018-07-10,13:49:35,144110,4,144130,144140,1,10348,31692
2018-07-10,13:49:35,144110,2,144130,144140,1,10348,31692
2018-07-10,13:49:36,144120,1,144130,144140,1,10348,31692
2018-07-10,13:49:36,144120,1,144130,144140,2,10348,31692
2018-07-10,13:49:37,144120,1,144120,144140,2,10350,31690
2018-07-10,13:49:37,144110,1,144120,144120,1,10352,31688
2018-07-10,13:49:38,144090,1,144100,144120,1,10358,31690
2018-07-10,13:49:38,144100,1,144090,144120,1,10360,31688
2018-07-10,13:49:39,144050,1,144100,144100,1,10362,31686
2018-07-10,13:49:39,144050,1,144100,144100,1,10362,31686
2018-07-10,13:49:43,144050,2,144100,144100,1,10362,31686
2018-07-10,13:49:44,144060,1,144100,144100,1,10362,31686
2018-07-10,13:49:45,144060,1,144100,144100,1,10362,31686
2018-07-10,13:49:46,144060,2,144100,144100,1,10362,31686
2018-07-10,13:49:47,144060,2,144100,144140,2,10362,31686
2018-07-10,13:49:47,144070,2,144100,144130,2,10362,31686
2018-07-10,13:49:48,144070,2,144100,144120,1,10362,31686
2018-07-10,13:49:49,144100,1,144100,144120,1,10362,31686
2018-07-10,13:49:49,144070,2,144100,144100,2,10364,31684
2018-07-10,13:49:50,144060,2,144100,144100,2,10364,31684
2018-07-10,13:49:50,144060,2,144100,144090,1,10364,31684
2018-07-10,13:49:52,144060,2,144100,144090,1,10364,31684
2018-07-10,13:49:57,144060,2,144100,144090,1,10364,31684
2018-07-10,13:50:04,144060,2,144100,144090,1,10364,31684
2018-07-10,13:50:07,144060,2,144100,144090,2,10364,31684
2018-07-10,13:50:11,144060,2,144100,144090,2,10364,31684
2018-07-10,13:50:30,144060,2,144100,144090,2,10364,31684
2018-07-10,13:50:31,144080,1,144100,144090,2,10364,31684
2018-07-10,13:50:31,144060,2,144080,144090,1,10366,31686
2018-07-10,13:50:35,144060,2,144080,144090,1,10366,31686
2018-07-10,13:50:36,144060,1,144060,144090,1,10368,31686
2018-07-10,13:50:36,144060,2,144060,144090,1,10368,31686
2018-07-10,13:50:37,144100,4,144090,144120,1,10370,31686
2018-07-10,13:50:37,144060,2,144100,144100,1,10378,31682
2018-07-10,13:50:42,144100,4,144100,144120,1,10380,31680
2018-07-10,13:50:43,144100,4,144100,144130,2,10380,31680
2018-07-10,13:50:52,144100,4,144100,144130,2,10380,31680
2018-07-10,13:51:05,144100,4,144100,144130,3,10380,31680
2018-07-10,13:51:06,144100,4,144100,144120,1,10380,31680
2018-07-10,13:51:47,144100,4,144120,144130,4,10382,31678
2018-07-10,13:51:53,144100,4,144120,144120,2,10382,31678
2018-07-10,13:51:56,144100,8,144120,144120,2,10382,31678
2018-07-10,13:51:57,144120,1,144120,144130,4,10386,31682
2018-07-10,13:51:57,144120,1,144120,144130,2,10386,31682
2018-07-10,13:51:58,144120,1,144130,144140,1,10390,31684
2018-07-10,13:51:59,144130,1,144130,144140,1,10390,31684
2018-07-10,13:52:03,144120,1,144130,144160,1,10394,31684
2018-07-10,13:52:04,144120,1,144130,144150,1,10394,31684
2018-07-10,13:52:05,144100,8,144130,144150,1,10394,31684
2018-07-10,13:52:05,144110,1,144130,144160,1,10394,31684
2018-07-10,13:52:06,144110,2,144130,144160,1,10394,31684
2018-07-10,13:52:08,144110,2,144130,144150,1,10394,31684
2018-07-10,13:52:11,144110,3,144130,144150,1,10394,31684
2018-07-10,13:52:13,144110,2,144130,144150,1,10394,31684
2018-07-10,13:52:15,144110,2,144130,144140,1,10394,31684
2018-07-10,13:52:18,144110,3,144130,144140,1,10394,31684
2018-07-10,13:52:20,144110,3,144130,144140,1,10394,31684
2018-07-10,13:52:22,144110,2,144130,144140,1,10394,31684
2018-07-10,13:52:29,144110,21,144130,144140,1,10394,31684
2018-07-10,13:52:29,144120,1,144140,144160,1,10396,31682
2018-07-10,13:52:30,144120,2,144140,144160,1,10396,31682
2018-07-10,13:52:33,144120,21,144140,144160,1,10396,31682
2018-07-10,13:52:34,144120,21,144140,144160,1,10396,31682
2018-07-10,13:52:34,144120,21,144140,144160,1,10396,31682
2018-07-10,13:52:35,144120,21,144130,144160,1,10398,31682
2018-07-10,13:52:36,144130,1,144130,144160,1,10398,31682
2018-07-10,13:52:36,144130,1,144130,144160,1,10398,31682
2018-07-10,13:52:38,144130,1,144130,144160,1,10398,31682
2018-07-10,13:52:47,144130,1,144130,144160,1,10398,31682
2018-07-10,13:52:47,144130,1,144160,144150,1,10400,31682
2018-07-10,13:52:51,144120,1,144160,144150,1,10400,31682
2018-07-10,13:52:52,144110,2,144160,144150,1,10400,31682
2018-07-10,13:52:53,144130,1,144160,144150,1,10400,31682
2018-07-10,13:53:00,144130,1,144160,144150,1,10400,31682
2018-07-10,13:53:06,144110,2,144130,144150,1,10402,31682
2018-07-10,13:53:06,144110,2,144130,144140,1,10402,31682
2018-07-10,13:53:08,144110,2,144130,144140,1,10402,31682
2018-07-10,13:53:14,144110,2,144130,144140,1,10402,31682
2018-07-10,13:53:15,144110,2,144130,144140,1,10402,31682
2018-07-10,13:53:22,144110,5,144130,144140,1,10402,31682
2018-07-10,13:53:23,144110,5,144130,144140,1,10402,31682
2018-07-10,13:53:24,144110,2,144130,144140,1,10402,31682
2018-07-10,13:53:24,144110,3,144130,144140,1,10402,31682
2018-07-10,13:53:25,144110,3,144130,144150,1,10402,31682
2018-07-10,13:53:27,144110,6,144130,144150,1,10402,31682
2018-07-10,13:53:28,144110,3,144130,144150,1,10402,31682
2018-07-10,13:53:35,144110,3,144130,144140,1,10402,31682
2018-07-10,13:53:36,144110,3,144130,144140,1,10402,31682
2018-07-10,13:53:43,144110,3,144130,144140,1,10402,31682
2018-07-10,13:53:44,144130,3,144130,144140,1,10402,31682
2018-07-10,13:53:44,144130,2,144130,144140,1,10404,31680
2018-07-10,13:53:45,144110,2,144130,144140,1,10410,31678
2018-07-10,13:53:45,144100,5,144110,144110,1,10414,31682
2018-07-10,13:53:46,144100,5,144110,144130,1,10416,31682
2018-07-10,13:53:48,144100,4,144100,144130,1,10418,31680
2018-07-10,13:53:55,144100,3,144100,144130,1,10420,31680
2018-07-10,13:53:59,144100,2,144100,144130,1,10422,31680
2018-07-10,13:53:59,144050,1,144100,144090,3,10426,31676
2018-07-10,13:54:00,144050,1,144100,144080,1,10426,31676
2018-07-10,13:54:00,144050,1,144080,144090,3,10428,31676
2018-07-10,13:54:01,144050,1,144080,144080,1,10428,31676
2018-07-10,13:54:01,144050,1,144080,144140,1,10430,31676
2018-07-10,13:54:02,144060,4,144130,144130,3,10434,31676
2018-07-10,13:54:02,144060,4,144130,144120,1,10434,31676
2018-07-10,13:54:03,144070,1,144130,144110,1,10434,31676
2018-07-10,13:54:03,144070,1,144130,144100,3,10434,31676
2018-07-10,13:54:04,144070,1,144130,144100,3,10434,31676
2018-07-10,13:54:04,144060,1,144130,144100,3,10434,31676
2018-07-10,13:54:05,144050,1,144130,144090,1,10434,31676
2018-07-10,13:54:07,144050,1,144130,144090,2,10434,31676
2018-07-10,13:54:08,144050,1,144130,144090,1,10434,31676
2018-07-10,13:54:13,144050,1,144130,144120,1,10434,31676
2018-07-10,13:54:13,144060,1,144130,144120,1,10434,31676
2018-07-10,13:54:15,144060,1,144130,144120,1,10434,31676
2018-07-10,13:54:15,144030,4,144050,144110,1,10438,31674
2018-07-10,13:54:16,144040,1,144050,144100,1,10438,31674
2018-07-10,13:54:16,144040,1,144050,144090,1,10438,31674
2018-07-10,13:54:19,144040,1,144050,144090,1,10438,31674
2018-07-10,13:54:21,144040,1,144050,144090,1,10438,31674
2018-07-10,13:54:22,144040,1,144050,144090,2,10438,31674
2018-07-10,13:54:22,144040,1,144050,144090,2,10438,31674
2018-07-10,13:54:24,144040,1,144050,144090,2,10438,31674
2018-07-10,13:54:25,144040,2,144050,144090,2,10438,31674
2018-07-10,13:54:28,144040,2,144050,144090,2,10438,31674
2018-07-10,13:54:29,144040,2,144050,144090,2,10438,31674
2018-07-10,13:54:30,144040,2,144050,144080,1,10438,31674
2018-07-10,13:54:30,144040,2,144050,144070,1,10438,31674
2018-07-10,13:54:31,144040,2,144050,144070,2,10438,31674
2018-07-10,13:54:34,144040,2,144050,144070,2,10438,31674
2018-07-10,13:54:35,144040,2,144050,144070,2,10438,31674
2018-07-10,13:54:36,144040,2,144050,144070,2,10438,31674
2018-07-10,13:54:40,144040,2,144050,144070,2,10438,31674
2018-07-10,13:54:41,144050,1,144050,144070,2,10438,31674
2018-07-10,13:54:48,144050,1,144050,144070,2,10438,31674
2018-07-10,13:54:53,144040,2,144050,144070,2,10440,31674
2018-07-10,13:54:53,144040,2,144050,144050,1,10440,31674
2018-07-10,13:54:54,144040,2,144060,144050,3,10444,31674
2018-07-10,13:54:54,144040,1,144050,144050,3,10448,31676
2018-07-10,13:54:55,144030,4,144030,144050,3,10462,31682
2018-07-10,13:54:57,144030,1,144030,144050,3,10462,31682
2018-07-10,13:54:57,144030,1,144030,144050,3,10462,31682
2018-07-10,13:55:14,144010,13,144030,144050,3,10464,31682
2018-07-10,13:55:14,144010,13,144030,144040,1,10464,31682
2018-07-10,13:55:15,144020,1,144030,144040,1,10464,31682
2018-07-10,13:55:15,144020,1,144030,144040,2,10464,31682
2018-07-10,13:55:16,144020,1,144030,144040,2,10464,31682
2018-07-10,13:55:17,144020,1,144040,144050,3,10468,31680
2018-07-10,13:55:18,144040,3,144040,144050,3,10468,31680
2018-07-10,13:55:19,144040,5,144050,144120,1,10474,31682
2018-07-10,13:55:19,144050,1,144050,144110,1,10474,31682
2018-07-10,13:55:20,144050,1,144050,144110,1,10474,31682
2018-07-10,13:55:20,144050,2,144050,144100,1,10474,31682
2018-07-10,13:55:21,144050,2,144050,144090,1,10474,31682
2018-07-10,13:55:22,144050,1,144050,144090,1,10474,31682
2018-07-10,13:55:22,144050,1,144050,144090,2,10474,31682
2018-07-10,13:55:23,144050,1,144050,144080,1,10474,31682
2018-07-10,13:55:25,144050,1,144050,144070,1,10474,31682
2018-07-10,13:55:26,144050,1,144050,144060,1,10474,31682
2018-07-10,13:55:27,144050,1,144060,144070,1,10476,31680
2018-07-10,13:55:29,144050,1,144060,144070,1,10476,31680
2018-07-10,13:55:34,144050,1,144060,144070,1,10476,31680
2018-07-10,13:55:34,144060,1,144060,144070,1,10476,31680
2018-07-10,13:55:35,144060,1,144060,144070,1,10476,31680
2018-07-10,13:55:35,144060,2,144060,144070,1,10476,31680
2018-07-10,13:55:36,144060,2,144070,144090,1,10478,31678
2018-07-10,13:55:37,144060,2,144070,144090,1,10478,31678
2018-07-10,13:55:44,144060,2,144070,144090,1,10478,31678
2018-07-10,13:55:45,144060,1,144070,144090,1,10478,31678
2018-07-10,13:55:45,144060,1,144070,144090,1,10478,31678
2018-07-10,13:55:53,144090,2,144090,144100,1,10480,31678
2018-07-10,13:55:53,144020,1,144090,144100,1,10484,31678
2018-07-10,13:55:54,144030,1,144090,144090,1,10484,31678
2018-07-10,13:55:54,144030,1,144090,144090,1,10484,31678
2018-07-10,13:55:55,144040,1,144090,144090,1,10484,31678
2018-07-10,13:55:55,144040,1,144090,144090,1,10484,31678
2018-07-10,13:55:56,144040,2,144090,144090,1,10484,31678
2018-07-10,13:55:56,144040,2,144090,144090,1,10484,31678
2018-07-10,13:55:58,144040,2,144090,144090,2,10484,31678
2018-07-10,13:56:06,144040,2,144090,144090,2,10484,31678
2018-07-10,13:56:06,144040,2,144090,144090,2,10484,31678
2018-07-10,13:56:07,144040,2,144090,144090,2,10484,31678
2018-07-10,13:56:16,144040,2,144090,144090,2,10484,31678
2018-07-10,13:56:25,144040,2,144090,144090,2,10484,31678
2018-07-10,13:56:26,144040,2,144090,144090,2,10484,31678
2018-07-10,13:56:26,144040,1,144040,144090,2,10486,31680
2018-07-10,13:56:27,144040,1,144040,144090,2,10486,31680
2018-07-10,13:56:28,144040,1,144040,144090,2,10486,31680
2018-07-10,13:56:35,144040,23,144040,144090,2,10486,31680
2018-07-10,13:56:36,144050,1,144040,144090,2,10486,31680
2018-07-10,13:56:36,144040,22,144040,144090,1,10486,31680
2018-07-10,13:56:37,144050,1,144040,144080,1,10486,31680
2018-07-10,13:56:37,144060,1,144040,144080,1,10486,31680
2018-07-10,13:56:38,144060,2,144040,144080,1,10486,31680
2018-07-10,13:56:40,144060,24,144040,144080,1,10486,31680
2018-07-10,13:56:41,144060,24,144080,144090,1,10488,31680
2018-07-10,13:56:41,144070,1,144090,144100,1,10490,31680
2018-07-10,13:56:42,144070,2,144090,144100,1,10490,31680
2018-07-10,13:56:42,144080,1,144090,144100,1,10490,31680
2018-07-10,13:56:43,144090,3,144090,144100,1,10490,31680
2018-07-10,13:56:43,144090,4,144100,144120,2,10492,31680
2018-07-10,13:56:46,144090,3,144090,144120,2,10494,31680
2018-07-10,13:56:50,144090,3,144120,144120,1,10496,31678
2018-07-10,13:56:54,144090,2,144090,144120,1,10498,31678
2018-07-10,13:56:58,144090,2,144090,144110,1,10498,31678
2018-07-10,13:56:58,144070,2,144090,144090,2,10502,31678
2018-07-10,13:56:59,144070,1,144090,144090,2,10502,31678
2018-07-10,13:56:59,144020,1,144070,144090,2,10504,31678
2018-07-10,13:57:00,144030,1,144070,144080,1,10504,31678
2018-07-10,13:57:00,144030,1,144070,144080,2,10504,31678
2018-07-10,13:57:06,144030,1,144070,144080,2,10504,31678
2018-07-10,13:57:14,144030,1,144070,144080,2,10504,31678
2018-07-10,13:57:22,144020,1,144030,144080,2,10506,31676
2018-07-10,13:57:23,144030,1,144030,144080,2,10506,31676
2018-07-10,13:57:39,144030,1,144030,144050,1,10506,31676
2018-07-10,13:57:39,144030,1,144030,144050,1,10506,31676
2018-07-10,13:57:42,144050,4,144050,144080,2,10508,31676
2018-07-10,13:57:43,144050,4,144050,144080,1,10508,31676
2018-07-10,13:57:46,144050,4,144050,144080,1,10508,31676
2018-07-10,13:57:47,144050,4,144080,144110,1,10510,31678
2018-07-10,13:57:48,144060,2,144080,144110,1,10510,31678
2018-07-10,13:57:52,144060,2,144080,144110,1,10510,31678
2018-07-10,13:57:56,144060,2,144080,144110,1,10510,31678
2018-07-10,13:57:57,144060,2,144080,144100,1,10510,31678
2018-07-10,13:57:57,144060,1,144080,144100,1,10510,31678
2018-07-10,13:58:03,144060,1,144080,144100,1,10510,31678
2018-07-10,13:58:05,144060,1,144080,144100,1,10510,31678
2018-07-10,13:58:08,144060,1,144080,144100,1,10510,31678
2018-07-10,13:58:24,144060,1,144080,144100,1,10510,31678
2018-07-10,13:58:28,144060,1,144080,144100,1,10510,31678
2018-07-10,13:58:28,144060,1,144080,144100,1,10510,31678
2018-07-10,13:58:33,144050,7,144060,144100,1,10512,31680
2018-07-10,13:58:33,144050,7,144060,144090,1,10512,31680
2018-07-10,13:58:46,144060,1,144060,144090,1,10512,31680
2018-07-10,13:59:05,144060,2,144060,144090,1,10512,31680
2018-07-10,13:59:05,144060,2,144060,144100,1,10512,31680
2018-07-10,13:59:18,144060,3,144060,144100,1,10512,31680
2018-07-10,14:00:05,144060,3,144060,144100,2,10512,31680
2018-07-10,14:00:05,144060,5,144060,144100,2,10512,31680
2018-07-10,14:00:07,144060,6,144060,144100,2,10512,31680
2018-07-10,14:00:19,144050,7,144060,144060,4,10524,31674
2018-07-10,14:00:19,144060,2,144060,144100,2,10524,31674
2018-07-10,14:00:20,144060,2,144060,144100,2,10524,31674
2018-07-10,14:00:20,144090,2,144060,144100,2,10524,31674
2018-07-10,14:00:21,144090,2,144060,144100,2,10524,31674
2018-07-10,14:00:22,144090,2,144060,144100,2,10524,31674
2018-07-10,14:00:22,144090,1,144090,144100,2,10526,31674
2018-07-10,14:00:23,144050,7,144090,144100,2,10528,31674
2018-07-10,14:00:24,144050,6,144050,144100,2,10530,31674
2018-07-10,14:00:25,144050,6,144050,144090,1,10530,31674
2018-07-10,14:00:29,144050,6,144050,144090,1,10530,31674
2018-07-10,14:00:30,144090,1,144090,144100,2,10532,31672
2018-07-10,14:00:30,144050,6,144090,144100,2,10534,31670
2018-07-10,14:00:38,144050,5,144050,144100,2,10536,31670
2018-07-10,14:00:51,144050,5,144050,144100,1,10536,31670
2018-07-10,14:00:51,144060,1,144050,144090,1,10536,31670
2018-07-10,14:00:59,144060,1,144050,144090,1,10536,31670
2018-07-10,14:01:05,144060,1,144050,144090,2,10536,31670
2018-07-10,14:01:05,144050,5,144050,144090,3,10536,31670
2018-07-10,14:01:06,144050,5,144050,144090,4,10536,31670
2018-07-10,14:01:10,144050,4,144050,144090,4,10538,31670
2018-07-10,14:01:18,144050,4,144050,144090,4,10538,31670
2018-07-10,14:01:20,144050,4,144050,144090,4,10538,31670
2018-07-10,14:01:26,144050,5,144050,144090,4,10538,31670
2018-07-10,14:01:42,144050,5,144050,144090,4,10538,31670
2018-07-10,14:01:47,144050,5,144050,144080,1,10538,31670
2018-07-10,14:01:48,144050,5,144050,144080,1,10538,31670
2018-07-10,14:01:48,144050,5,144050,144080,2,10538,31670
2018-07-10,14:01:49,144050,5,144050,144080,3,10538,31670
2018-07-10,14:01:51,144050,5,144050,144080,2,10538,31670
2018-07-10,14:01:53,144050,4,144050,144080,2,10538,31670
2018-07-10,14:01:54,144070,1,144050,144080,2,10538,31670
2018-07-10,14:01:55,144050,4,144070,144080,2,10540,31670
2018-07-10,14:02:05,144050,4,144070,144080,3,10540,31670
2018-07-10,14:02:06,144050,4,144070,144080,1,10540,31670
2018-07-10,14:02:06,144060,1,144070,144080,1,10540,31670
2018-07-10,14:02:07,144060,1,144080,144090,1,10542,31668
2018-07-10,14:02:08,144080,1,144080,144090,1,10542,31668
2018-07-10,14:02:09,144080,1,144090,144120,1,10546,31668
2018-07-10,14:02:10,144080,1,144090,144120,2,10546,31668
2018-07-10,14:02:16,144080,1,144090,144110,1,10546,31668
2018-07-10,14:02:48,144080,23,144090,144110,1,10546,31668
2018-07-10,14:02:49,144110,1,144110,144120,1,10548,31668
2018-07-10,14:02:49,144090,1,144110,144120,1,10548,31668
2018-07-10,14:02:50,144090,1,144120,144150,1,10550,31670
2018-07-10,14:02:50,144120,1,144120,144150,1,10550,31670
2018-07-10,14:02:51,144100,1,144120,144150,1,10552,31668
2018-07-10,14:02:54,144100,23,144120,144150,1,10552,31668
2018-07-10,14:02:54,144110,1,144120,144150,1,10552,31668
2018-07-10,14:02:56,144110,1,144120,144150,1,10552,31668
2018-07-10,14:03:01,144110,1,144120,144160,2,10552,31668
2018-07-10,14:03:02,144110,1,144120,144140,1,10552,31668
2018-07-10,14:03:02,144110,1,144120,144140,1,10552,31668
2018-07-10,14:03:04,144110,1,144120,144140,1,10552,31668
2018-07-10,14:03:07,144110,1,144120,144140,1,10552,31668
2018-07-10,14:03:16,144110,1,144140,144150,1,10554,31668
2018-07-10,14:03:18,144110,1,144140,144160,2,10554,31668
2018-07-10,14:03:19,144140,1,144140,144160,2,10554,31668
2018-07-10,14:03:19,144050,5,144080,144160,2,10560,31668
2018-07-10,14:03:20,144060,3,144080,144150,5,10560,31668
2018-07-10,14:03:20,144070,1,144080,144140,2,10560,31668
2018-07-10,14:03:21,144070,1,144080,144130,1,10560,31668
2018-07-10,14:03:21,144070,1,144080,144120,1,10560,31668
2018-07-10,14:03:22,144070,1,144080,144110,1,10560,31668
2018-07-10,14:03:27,144070,1,144110,144120,1,10562,31668
2018-07-10,14:03:28,144080,1,144110,144120,1,10562,31668
2018-07-10,14:03:28,144080,1,144110,144130,1,10562,31668
2018-07-10,14:03:29,144100,1,144110,144130,1,10562,31668
2018-07-10,14:03:30,144090,1,144130,144140,2,10564,31670
2018-07-10,14:03:41,144090,1,144130,144140,3,10564,31670
2018-07-10,14:03:42,144130,1,144130,144140,3,10564,31670
2018-07-10,14:03:42,144080,1,144090,144120,2,10568,31668
2018-07-10,14:03:43,144080,1,144090,144120,2,10568,31668
2018-07-10,14:03:45,144080,1,144090,144120,2,10568,31668
2018-07-10,14:03:49,144080,1,144090,144120,2,10568,31668
2018-07-10,14:03:50,144080,1,144090,144120,2,10568,31668
2018-07-10,14:03:51,144100,1,144090,144120,2,10568,31668
2018-07-10,14:03:59,144100,1,144090,144120,2,10568,31668
2018-07-10,14:04:19,144100,1,144090,144120,2,10568,31668
2018-07-10,14:04:21,144100,1,144090,144120,2,10568,31668
2018-07-10,14:04:25,144100,1,144090,144120,2,10568,31668
2018-07-10,14:04:27,144080,1,144090,144090,4,10570,31666
2018-07-10,14:04:27,144060,1,144080,144090,4,10572,31666
2018-07-10,14:04:29,144060,1,144090,144070,5,10576,31662
2018-07-10,14:04:29,144060,1,144070,144090,2,10586,31654
2018-07-10,14:04:30,144060,1,144070,144090,2,10586,31654
2018-07-10,14:04:31,144050,2,144050,144090,2,10596,31648
2018-07-10,14:04:31,144050,1,144050,144090,2,10598,31646
2018-07-10,14:04:32,144050,1,144050,144080,1,10598,31646
2018-07-10,14:04:33,144030,3,144050,144050,1,10600,31648
2018-07-10,14:04:33,144030,3,144040,144040,4,10606,31644
2018-07-10,14:04:34,144020,2,144030,144040,4,10616,31646
2018-07-10,14:04:34,144010,11,144040,144040,3,10622,31644
2018-07-10,14:04:35,144010,11,144040,144020,5,10622,31644
2018-07-10,14:04:36,144010,11,144020,144020,3,10626,31644
2018-07-10,14:04:36,144020,1,144020,144040,3,10632,31640
2018-07-10,14:04:37,144010,11,144020,144040,3,10632,31640
2018-07-10,14:04:37,144020,1,144020,144040,3,10632,31640
2018-07-10,14:04:39,144020,1,144040,144040,1,10636,31640
2018-07-10,14:04:39,144020,1,144040,144090,2,10638,31640
2018-07-10,14:04:40,144030,2,144040,144080,1,10638,31640
2018-07-10,14:04:40,144040,2,144040,144080,1,10638,31640
2018-07-10,14:04:42,144040,2,144040,144080,1,10638,31640
2018-07-10,14:04:45,144040,2,144080,144090,2,10640,31638
2018-07-10,14:04:46,144050,1,144080,144090,2,10640,31638
2018-07-10,14:04:47,144050,1,144080,144090,2,10640,31638
2018-07-10,14:04:50,144040,2,144050,144090,2,10642,31638
2018-07-10,14:04:50,144040,2,144050,144080,1,10642,31638
2018-07-10,14:04:54,144050,1,144050,144080,1,10642,31638
2018-07-10,14:04:55,144050,1,144050,144080,1,10642,31638
2018-07-10,14:04:55,144050,1,144050,144080,2,10642,31638
2018-07-10,14:04:57,144050,1,144050,144080,2,10642,31638
2018-07-10,14:05:03,144040,2,144050,144050,89,10644,31640
2018-07-10,14:05:03,144010,11,144030,144030,3,10650,31642
2018-07-10,14:05:04,144010,1,144010,144030,4,10670,31662
2018-07-10,14:05:04,143980,2,144000,144010,1,10682,31662
2018-07-10,14:05:05,143980,1,143980,144010,1,10684,31662
2018-07-10,14:05:05,143960,1,143980,144010,2,10688,31664
2018-07-10,14:05:06,143960,1,143980,144000,2,10688,31664
2018-07-10,14:05:07,143960,1,143980,144000,3,10688,31664
2018-07-10,14:05:08,143960,1,143980,144000,3,10688,31664
2018-07-10,14:05:08,143960,1,144000,144000,2,10690,31662
2018-07-10,14:05:10,143960,1,144000,143990,4,10690,31662
2018-07-10,14:05:10,143960,1,144000,143990,2,10694,31662
2018-07-10,14:05:11,143960,1,144000,143990,3,10694,31662
2018-07-10,14:05:11,143960,1,144000,143990,3,10694,31662
2018-07-10,14:05:12,143990,2,143990,144000,3,10702,31658
2018-07-10,14:05:13,143950,6,143990,144000,2,10708,31660
2018-07-10,14:05:13,143960,1,143990,143980,1,10710,31660
2018-07-10,14:05:14,143980,1,143990,144000,2,10716,31656
2018-07-10,14:05:14,143960,1,144000,144000,1,10718,31656
2018-07-10,14:05:15,144000,7,144000,144010,1,10720,31656
2018-07-10,14:05:15,144000,8,144010,144050,90,10724,31654
2018-07-10,14:05:16,144020,1,144010,144040,2,10724,31654
2018-07-10,14:05:16,144000,7,144030,144030,1,10726,31654
2018-07-10,14:05:17,144000,7,144030,144030,1,10726,31654
2018-07-10,14:05:17,144000,7,144030,144030,1,10726,31654
2018-07-10,14:05:18,144000,7,144030,144030,1,10726,31654
2018-07-10,14:05:18,144000,2,144000,144030,1,10736,31664
2018-07-10,14:05:19,143980,1,144000,144030,1,10740,31664
2018-07-10,14:05:19,143980,1,144000,144030,1,10740,31664
2018-07-10,14:05:22,143980,1,144000,144030,1,10740,31664
2018-07-10,14:05:22,143980,2,144000,144030,1,10740,31664
2018-07-10,14:05:23,143980,2,144000,144030,1,10740,31664
2018-07-10,14:05:27,143980,2,144000,144030,1,10740,31664
2018-07-10,14:05:28,143980,2,144030,144040,3,10742,31664
2018-07-10,14:05:28,143990,1,144030,144040,4,10742,31664
2018-07-10,14:05:29,143990,1,144030,144040,5,10742,31664
2018-07-10,14:05:29,143990,1,144030,144040,5,10742,31664
2018-07-10,14:05:30,143990,1,144030,144030,1,10742,31664
2018-07-10,14:05:31,143980,2,144030,144030,1,10742,31664
2018-07-10,14:05:31,144030,1,144030,144040,5,10744,31662
2018-07-10,14:05:32,143980,2,144030,144020,2,10746,31660
2018-07-10,14:05:32,143980,2,144030,144020,2,10746,31660
2018-07-10,14:05:33,143980,2,144030,144020,2,10746,31660
2018-07-10,14:05:33,143980,2,144030,144020,2,10746,31660
2018-07-10,14:05:34,143980,2,144030,144020,2,10746,31660
2018-07-10,14:05:35,143980,2,144020,144020,1,10748,31662
2018-07-10,14:05:36,143980,2,144020,144020,1,10748,31662
2018-07-10,14:05:36,143980,2,144020,144010,1,10748,31662
2018-07-10,14:05:39,143980,2,144020,144010,1,10748,31662
2018-07-10,14:05:39,143980,2,144020,144010,1,10748,31662
2018-07-10,14:05:40,143980,2,144020,144010,1,10748,31662
2018-07-10,14:05:42,143980,2,144020,144010,1,10748,31662
2018-07-10,14:05:42,143990,1,144020,144010,1,10748,31662
2018-07-10,14:05:43,143980,1,143990,144010,2,10750,31660
2018-07-10,14:05:43,143960,1,143980,144010,2,10752,31660
2018-07-10,14:05:45,143960,1,143980,144000,1,10752,31660
2018-07-10,14:05:45,143960,2,143980,144000,1,10752,31660
2018-07-10,14:05:48,144000,1,144000,144010,1,10754,31660
2018-07-10,14:05:49,143960,1,144000,144020,1,10760,31662
2018-07-10,14:05:49,143960,2,143970,143990,1,10762,31662
2018-07-10,14:05:50,143960,2,143970,143990,1,10764,31664
2018-07-10,14:05:50,143960,1,143960,143990,1,10766,31664
2018-07-10,14:05:51,143960,1,143960,143990,1,10766,31664
2018-07-10,14:05:54,143960,1,143960,143990,1,10766,31664
2018-07-10,14:05:54,143960,1,143960,143990,1,10766,31664
2018-07-10,14:06:00,143990,1,143990,144020,1,10768,31664
2018-07-10,14:06:01,143990,1,143990,144020,1,10768,31664
2018-07-10,14:06:01,143990,2,143990,144020,1,10768,31664
2018-07-10,14:06:07,144000,8,143990,144020,1,10768,31664
2018-07-10,14:06:07,144000,8,144020,144030,1,10770,31664
2018-07-10,14:06:12,144000,8,144020,144030,1,10770,31664
2018-07-10,14:06:17,144000,8,144030,144050,90,10772,31664
2018-07-10,14:06:17,144000,8,144030,144040,1,10772,31664
2018-07-10,14:06:18,144000,8,144030,144040,2,10772,31664
2018-07-10,14:06:19,144000,1,144000,144040,2,10786,31664
2018-07-10,14:06:19,143990,2,144000,144000,1,10788,31662
2018-07-10,14:06:20,143950,5,143990,144030,1,10792,31660
2018-07-10,14:06:20,143960,1,143990,143980,1,10792,31660
2018-07-10,14:06:21,143980,6,143980,144050,90,10804,31664
2018-07-10,14:06:21,144000,6,143980,144040,2,10804,31664
2018-07-10,14:06:22,144020,6,143980,144040,2,10804,31664
2018-07-10,14:06:22,144040,4,144040,144050,90,10808,31664
2018-07-10,14:06:23,143990,2,144040,144040,4,10816,31664
2018-07-10,14:06:23,143990,1,144040,144030,1,10816,31664
2018-07-10,14:06:25,143960,1,143990,144030,1,10818,31664
2018-07-10,14:06:26,143970,1,143990,144020,1,10818,31664
2018-07-10,14:06:27,143970,1,143990,144020,1,10818,31664
2018-07-10,14:06:28,143970,1,143990,144020,1,10818,31664
2018-07-10,14:06:31,143960,1,143970,144020,1,10820,31666
2018-07-10,14:06:31,143960,1,143970,144010,1,10820,31666
2018-07-10,14:06:35,143970,3,143970,144010,1,10820,31666
2018-07-10,14:06:35,143970,3,143970,144020,1,10820,31666
2018-07-10,14:06:38,143970,3,143970,144020,1,10820,31666
2018-07-10,14:06:38,143970,3,143970,144020,1,10820,31666
2018-07-10,14:06:40,143970,3,143970,144020,1,10820,31666
2018-07-10,14:06:41,143980,1,143970,144020,1,10820,31666
2018-07-10,14:06:41,143980,1,143970,144030,2,10820,31666
2018-07-10,14:06:43,143980,1,143970,144030,2,10820,31666
2018-07-10,14:06:44,143980,1,143970,144030,3,10820,31666
2018-07-10,14:06:44,143980,1,143970,144020,1,10820,31666
2018-07-10,14:06:49,143980,1,144020,144030,4,10822,31666
2018-07-10,14:07:03,143980,1,144020,144020,1,10822,31666
2018-07-10,14:07:03,143980,1,144020,144030,4,10824,31668
2018-07-10,14:07:04,143980,1,144020,144020,1,10824,31668
2018-07-10,14:07:08,143980,1,144020,144010,1,10824,31668
2018-07-10,14:07:08,143980,1,144020,144010,1,10824,31668
2018-07-10,14:07:09,143980,1,144020,144010,2,10824,31668
2018-07-10,14:07:09,143980,1,144020,144010,3,10824,31668
2018-07-10,14:07:10,143970,4,144020,144010,3,10824,31668
2018-07-10,14:07:13,143970,4,144020,144010,3,10824,31668
2018-07-10,14:07:18,143970,4,144020,144010,3,10824,31668
2018-07-10,14:07:19,143980,1,144020,144010,3,10824,31668
2018-07-10,14:07:19,143990,1,144020,144010,3,10824,31668
2018-07-10,14:07:20,143990,1,144020,144010,3,10824,31668
2018-07-10,14:07:23,143990,1,144020,144010,3,10824,31668
2018-07-10,14:07:26,143990,1,144020,144010,3,10824,31668
2018-07-10,14:07:29,143990,1,144020,144010,3,10824,31668
2018-07-10,14:07:37,143990,1,144020,144010,3,10824,31668
2018-07-10,14:07:58,143970,4,143980,143980,2,10830,31662
2018-07-10,14:07:59,143980,4,143980,144010,1,10836,31662
2018-07-10,14:07:59,144000,2,143980,144010,2,10836,31662
2018-07-10,14:08:00,143980,2,144000,144010,3,10840,31662
2018-07-10,14:08:00,143980,1,143970,144010,3,10850,31658
2018-07-10,14:08:01,143980,1,143970,144000,1,10850,31658
2018-07-10,14:08:02,143960,1,143970,143970,3,10854,31656
2018-07-10,14:08:03,143960,1,143970,143970,2,10856,31656
2018-07-10,14:08:03,143960,1,143970,143970,1,10860,31656
2018-07-10,14:08:04,143970,1,143970,144000,1,10864,31656
2018-07-10,14:08:04,143950,12,143950,144000,1,10874,31652
2018-07-10,14:08:05,143960,2,143950,144000,1,10874,31652
2018-07-10,14:08:05,143970,2,143950,144000,1,10874,31652
2018-07-10,14:08:11,143970,2,143950,144000,1,10874,31652
2018-07-10,14:08:17,143970,3,143950,144000,1,10874,31652
2018-07-10,14:08:22,143970,3,143950,144000,1,10874,31652
2018-07-10,14:08:23,143970,3,143950,144000,2,10874,31652
2018-07-10,14:08:26,143970,3,144000,144000,1,10876,31650
2018-07-10,14:08:26,143970,3,144000,144010,1,10878,31650
2018-07-10,14:08:27,143980,1,144010,144040,1,10880,31650
2018-07-10,14:08:27,143990,1,144010,144030,1,10880,31650
2018-07-10,14:08:28,143980,1,144010,144030,1,10880,31650
2018-07-10,14:08:29,143980,1,144010,144030,1,10880,31650
2018-07-10,14:08:30,143980,1,144010,144030,1,10880,31650
2018-07-10,14:08:31,143980,1,144010,144030,1,10880,31650
2018-07-10,14:08:35,143970,4,143980,143980,3,10882,31652
2018-07-10,14:08:35,143970,5,143980,144040,1,10890,31656
2018-07-10,14:08:36,143980,2,143980,144030,1,10890,31656
2018-07-10,14:08:36,143980,2,144030,144040,2,10892,31656
2018-07-10,14:08:37,143980,2,144030,144030,1,10892,31656
2018-07-10,14:08:45,143990,1,144030,144030,1,10892,31656
2018-07-10,14:08:46,143970,2,143970,144030,1,10902,31654
2018-07-10,14:08:47,143970,2,143970,144020,1,10902,31654
2018-07-10,14:08:47,143970,2,143970,144010,1,10902,31654
2018-07-10,14:08:48,143970,2,143970,144000,1,10902,31654
2018-07-10,14:08:53,143970,3,143970,144000,1,10902,31654
2018-07-10,14:08:53,143980,1,143970,144000,1,10902,31654
2018-07-10,14:09:01,144000,1,144000,144010,1,10904,31654
2018-07-10,14:09:02,144000,1,144000,144030,1,10904,31654
2018-07-10,14:09:10,143970,3,144000,144000,1,10906,31656
2018-07-10,14:09:10,143970,3,144000,144000,1,10906,31656
2018-07-10,14:09:11,143980,1,144000,144000,1,10906,31656
2018-07-10,14:09:20,143980,1,144000,144030,1,10908,31658
2018-07-10,14:09:21,143970,3,144000,144030,1,10908,31658
2018-07-10,14:09:21,143970,3,144000,144020,1,10908,31658
2018-07-10,14:09:23,143970,3,144000,144010,1,10908,31658
2018-07-10,14:09:25,143970,1,143970,144010,1,10912,31656
2018-07-10,14:09:26,143970,1,143970,144000,1,10912,31656
2018-07-10,14:09:27,143960,3,143970,144000,1,10914,31656
2018-07-10,14:09:28,143960,1,143970,144000,1,10914,31656
2018-07-10,14:09:29,143960,3,143970,144000,1,10914,31656
2018-07-10,14:09:33,143960,1,143970,144000,1,10914,31656
2018-07-10,14:09:34,143960,3,143970,144000,1,10914,31656
2018-07-10,14:09:39,143960,2,143970,144000,1,10914,31656
2018-07-10,14:09:48,144000,1,144000,144010,1,10916,31656
2018-07-10,14:09:49,143960,2,144000,144000,3,10922,31658
2018-07-10,14:09:49,143960,4,144000,144000,3,10922,31658
2018-07-10,14:09:50,143970,1,144000,144000,3,10922,31658
2018-07-10,14:09:55,143960,4,143970,144000,3,10924,31658
2018-07-10,14:09:56,143960,4,143970,144000,3,10924,31658
2018-07-10,14:09:57,143960,4,143970,144000,1,10924,31658
2018-07-10,14:09:58,143960,2,143970,144000,1,10924,31658
2018-07-10,14:10:01,143970,1,143970,144000,1,10924,31658
2018-07-10,14:10:02,143970,1,143970,144000,1,10924,31658
2018-07-10,14:10:06,143970,1,143970,144000,1,10924,31658
2018-07-10,14:10:09,143970,1,143970,144000,1,10924,31658
2018-07-10,14:10:11,143970,1,143970,144000,1,10924,31658
2018-07-10,14:10:13,143970,1,143970,144000,1,10924,31658
2018-07-10,14:10:25,143960,4,143970,144000,1,10926,31658
2018-07-10,14:10:28,143960,4,143970,144000,1,10926,31658
2018-07-10,14:10:29,143960,3,143970,144000,1,10926,31658
2018-07-10,14:10:30,144000,1,144000,144010,1,10928,31660
2018-07-10,14:10:30,143960,3,144000,144000,1,10930,31660
2018-07-10,14:10:32,143960,3,144000,144000,1,10930,31660
2018-07-10,14:10:35,143960,3,144000,144010,1,10932,31658
2018-07-10,14:10:36,143970,1,144000,144010,1,10932,31658
2018-07-10,14:10:37,144000,2,144000,144010,1,10932,31658
2018-07-10,14:10:38,144000,2,144000,144010,1,10932,31658
2018-07-10,14:10:42,144000,2,144000,144010,2,10932,31658
2018-07-10,14:10:43,143970,1,144000,143990,2,10936,31660
2018-07-10,14:10:43,143970,1,144000,143990,2,10936,31660
2018-07-10,14:10:51,143970,1,144000,144000,2,10936,31660
2018-07-10,14:10:52,143970,1,144000,144000,2,10936,31660
2018-07-10,14:11:00,143970,1,144000,144000,2,10936,31660
2018-07-10,14:11:01,143970,1,144000,144000,2,10936,31660
2018-07-10,14:11:05,143970,1,144000,144000,2,10936,31660
2018-07-10,14:11:15,143970,11,144000,144000,2,10936,31660
2018-07-10,14:11:16,143980,1,144000,144000,1,10938,31660
2018-07-10,14:11:16,144000,1,144000,144010,2,10940,31660
2018-07-10,14:11:17,144000,1,144000,144010,2,10940,31660
2018-07-10,14:11:18,144000,1,144000,144010,3,10940,31660
2018-07-10,14:11:18,144000,1,144000,144010,4,10940,31660
2018-07-10,14:11:22,144000,1,144000,144010,4,10940,31660
2018-07-10,14:11:23,144000,1,144000,144010,4,10940,31660
2018-07-10,14:11:24,143980,3,144000,144010,4,10940,31660
2018-07-10,14:11:25,143980,3,144000,144000,1,10940,31660
2018-07-10,14:11:25,143980,3,144000,144010,4,10940,31660
2018-07-10,14:11:43,143980,2,144000,144010,4,10940,31660
2018-07-10,14:11:43,143980,2,144000,144010,5,10940,31660
2018-07-10,14:11:44,143980,2,144000,144000,1,10940,31660
2018-07-10,14:11:44,143980,2,144000,144000,1,10940,31660
2018-07-10,14:11:45,143980,2,144000,144000,2,10940,31660
2018-07-10,14:11:46,143980,2,144000,144000,1,10942,31658
2018-07-10,14:11:49,143990,1,144000,144000,1,10942,31658
2018-07-10,14:11:50,143990,2,144000,144000,1,10942,31658
2018-07-10,14:11:59,143990,2,144000,144010,4,10944,31658
2018-07-10,14:12:00,143990,1,144000,144010,4,10944,31658
2018-07-10,14:12:08,143990,1,144000,144010,5,10944,31658
2018-07-10,14:12:09,143990,1,144000,144010,6,10944,31658
2018-07-10,14:12:09,143980,2,143990,143990,1,10946,31660
2018-07-10,14:12:12,143980,9,143990,143990,1,10946,31660
2018-07-10,14:12:13,143980,10,143990,144010,6,10948,31660
2018-07-10,14:12:14,143980,10,143990,144010,6,10948,31660
2018-07-10,14:12:14,143980,10,143990,144010,5,10948,31660
2018-07-10,14:12:20,143980,3,143990,144010,5,10948,31660
2018-07-10,14:12:20,143980,3,144010,144020,1,10960,31664
2018-07-10,14:12:21,143980,3,144010,144020,1,10960,31664
2018-07-10,14:12:22,144010,1,144010,144020,1,10960,31664
2018-07-10,14:12:23,143980,2,144010,144020,1,10962,31664
2018-07-10,14:12:26,143980,7,144010,144020,1,10962,31664
2018-07-10,14:12:27,143990,1,144010,144020,1,10962,31664
2018-07-10,14:12:32,143990,2,144010,144020,1,10962,31664
2018-07-10,14:12:39,143990,2,144010,144020,1,10962,31664
2018-07-10,14:12:40,143990,2,144010,144020,2,10962,31664
2018-07-10,14:12:47,143990,2,144010,144020,1,10962,31664
2018-07-10,14:12:47,144000,1,144010,144020,1,10962,31664
2018-07-10,14:12:52,144000,1,144020,144040,2,10964,31662
2018-07-10,14:12:52,144000,1,144020,144040,3,10964,31662
2018-07-10,14:12:53,144000,1,144020,144030,1,10964,31662
2018-07-10,14:13:00,144000,1,144020,144030,1,10964,31662
2018-07-10,14:13:01,143990,2,144020,144030,1,10964,31662
2018-07-10,14:13:06,143990,2,144020,144030,1,10964,31662
2018-07-10,14:13:08,143990,2,144020,144030,2,10964,31662
2018-07-10,14:13:12,143990,2,144020,144020,1,10964,31662
2018-07-10,14:13:13,143990,2,144020,144020,4,10964,31662
2018-07-10,14:13:14,143990,2,144020,144020,4,10964,31662
2018-07-10,14:13:24,143990,2,144020,144020,4,10964,31662
2018-07-10,14:13:29,143990,2,144020,144020,3,10966,31664
2018-07-10,14:13:53,143990,3,144020,144020,3,10966,31664
2018-07-10,14:13:53,144000,1,144020,144020,3,10966,31664
2018-07-10,14:13:54,144000,1,144020,144020,3,10966,31664
2018-07-10,14:14:00,144000,1,144020,144020,3,10966,31664
2018-07-10,14:14:03,144000,1,144020,144020,3,10966,31664
2018-07-10,14:14:08,144000,1,144020,144020,2,10968,31666
2018-07-10,14:14:09,143990,3,144020,144020,1,10970,31666
2018-07-10,14:14:09,143990,3,144020,144040,4,10972,31668
2018-07-10,14:14:10,143990,3,144020,144040,4,10972,31668
2018-07-10,14:14:23,144000,3,144020,144040,4,10972,31668
2018-07-10,14:14:24,144000,3,144020,144040,5,10972,31668
2018-07-10,14:14:24,144000,4,144020,144040,5,10972,31668
2018-07-10,14:14:27,144000,1,144020,144040,5,10972,31668
2018-07-10,14:14:27,144000,1,144020,144030,1,10972,31668
2018-07-10,14:14:28,144000,2,144020,144030,1,10972,31668
2018-07-10,14:14:28,144000,2,144020,144030,2,10972,31668
2018-07-10,14:14:40,143990,2,144000,144000,3,10976,31672
2018-07-10,14:14:40,143990,1,144000,144030,1,10982,31672
2018-07-10,14:14:41,143990,1,144000,144030,2,10982,31672
2018-07-10,14:14:46,143990,1,144000,144030,2,10982,31672
2018-07-10,14:14:47,143990,1,144000,144030,2,10982,31672
2018-07-10,14:15:05,143990,2,144000,144030,2,10982,31672
2018-07-10,14:15:10,143990,1,143990,144030,2,10984,31672
2018-07-10,14:15:13,144000,2,143990,144030,2,10984,31672
2018-07-10,14:15:17,144000,1,143990,144030,2,10986,31670
2018-07-10,14:15:18,144000,1,144000,144030,2,10988,31668
2018-07-10,14:15:23,144000,1,144000,144030,2,10988,31668
2018-07-10,14:15:24,144000,1,144000,144030,2,10988,31668
2018-07-10,14:15:27,144000,1,144000,144030,2,10988,31668
2018-07-10,14:15:35,144020,1,144000,144030,2,10988,31668
2018-07-10,14:15:36,143980,7,143990,144030,2,10992,31668
2018-07-10,14:15:36,143990,1,143990,144030,2,10992,31668
2018-07-10,14:15:37,143990,1,143990,144030,2,10992,31668
2018-07-10,14:15:37,143990,2,143990,144030,2,10992,31668
2018-07-10,14:15:45,143990,1,143990,144030,2,10994,31668
2018-07-10,14:15:50,143990,1,143990,144030,3,10994,31668
2018-07-10,14:15:51,144000,1,143990,144020,1,10994,31668
2018-07-10,14:15:51,144000,1,143990,144020,1,10994,31668
2018-07-10,14:15:52,144000,2,143990,144020,2,10994,31668
2018-07-10,14:15:52,144000,1,144000,144020,2,10996,31666
2018-07-10,14:15:53,143980,7,144000,144000,2,10998,31666
2018-07-10,14:15:53,143980,7,144000,144000,2,10998,31666
2018-07-10,14:15:54,143990,1,144000,144000,3,10998,31666
2018-07-10,14:15:54,143990,1,144000,144000,1,10998,31666
2018-07-10,14:15:55,144000,1,144000,144020,1,11000,31666
2018-07-10,14:15:55,144000,1,144000,144020,1,11000,31666
2018-07-10,14:15:59,144000,1,144000,144020,1,11000,31666
2018-07-10,14:16:04,144000,1,144000,144020,1,11000,31666
2018-07-10,14:16:15,143980,7,144000,144020,1,11002,31666
2018-07-10,14:16:15,143980,7,144000,144020,2,11002,31666
2018-07-10,14:16:18,143990,1,144000,144020,2,11002,31666
2018-07-10,14:16:20,143980,7,144000,144020,2,11002,31666
2018-07-10,14:16:21,143980,7,144000,144020,2,11002,31666
2018-07-10,14:16:22,144000,17,144000,144020,2,11002,31666
2018-07-10,14:16:22,144010,2,144020,144030,2,11006,31668
2018-07-10,14:16:23,144000,17,144010,144040,4,11012,31664
2018-07-10,14:16:23,144010,1,144010,144040,4,11012,31664
2018-07-10,14:16:24,144000,17,144010,144040,4,11012,31664
2018-07-10,14:16:24,144010,3,144010,144040,2,11012,31664
2018-07-10,14:16:28,144010,3,144010,144040,2,11012,31664
2018-07-10,14:16:29,144010,3,144010,144040,2,11012,31664
2018-07-10,14:16:30,144010,3,144010,144040,2,11012,31664
2018-07-10,14:16:31,144020,1,144010,144040,2,11012,31664
2018-07-10,14:16:31,144010,3,144020,144040,2,11014,31666
2018-07-10,14:16:32,144010,3,144020,144040,3,11016,31664
2018-07-10,14:16:33,144010,3,144020,144030,1,11016,31664
2018-07-10,14:16:34,144010,2,144010,144030,1,11018,31662
2018-07-10,14:16:35,144010,1,144010,144030,1,11020,31660
2018-07-10,14:16:37,144010,3,144010,144030,1,11020,31660
2018-07-10,14:16:37,144010,3,144030,144040,3,11022,31658
2018-07-10,14:16:39,144010,2,144010,144040,3,11024,31656
2018-07-10,14:16:40,144010,4,144010,144040,4,11024,31656
2018-07-10,14:16:41,144010,4,144010,144030,1,11024,31656
2018-07-10,14:16:42,144010,4,144010,144040,4,11024,31656
2018-07-10,14:16:43,144020,1,144010,144040,4,11024,31656
2018-07-10,14:16:43,144010,4,144040,144040,3,11028,31656
2018-07-10,14:16:44,144020,1,144010,144030,1,11030,31654
2018-07-10,14:16:45,144010,3,144020,144040,3,11034,31654
2018-07-10,14:16:46,144020,1,144020,144040,3,11034,31654
2018-07-10,14:16:46,144010,3,144020,144040,3,11036,31654
2018-07-10,14:16:47,144010,3,144020,144030,1,11036,31654
2018-07-10,14:16:50,144010,3,144030,144040,3,11038,31654
2018-07-10,14:16:52,144020,1,144030,144040,3,11038,31654
2018-07-10,14:16:52,144010,3,144020,144040,3,11040,31654
2018-07-10,14:16:53,144010,3,144020,144030,1,11040,31654
2018-07-10,14:17:00,144010,3,144020,144030,1,11040,31654
2018-07-10,14:17:00,144010,1,144020,144030,1,11040,31654
2018-07-10,14:17:01,144010,3,144020,144030,1,11040,31654
2018-07-10,14:17:01,144010,3,144040,144050,93,11048,31646
2018-07-10,14:17:03,144020,1,144040,144050,93,11048,31646
2018-07-10,14:17:03,144010,3,144020,144040,1,11050,31646
2018-07-10,14:17:04,144010,3,144040,144050,93,11052,31648
2018-07-10,14:17:04,144020,1,144040,144040,1,11052,31648
2018-07-10,14:17:05,144010,3,144020,144030,1,11054,31646
2018-07-10,14:17:07,144010,3,144020,144030,1,11054,31646
2018-07-10,14:17:08,144010,3,144020,144030,1,11054,31646
2018-07-10,14:17:09,144010,1,144020,144030,1,11054,31646
2018-07-10,14:17:10,144010,4,144020,144030,1,11054,31646
2018-07-10,14:17:11,144020,1,144020,144030,1,11054,31646
2018-07-10,14:17:11,144010,3,144020,144030,1,11056,31646
2018-07-10,14:17:12,144010,4,144020,144030,1,11056,31646
2018-07-10,14:17:13,144020,1,144020,144030,1,11056,31646
2018-07-10,14:17:13,144020,1,144020,144030,1,11056,31646
2018-07-10,14:17:14,144020,1,144020,144030,1,11058,31646
2018-07-10,14:17:15,144010,3,144020,144020,1,11060,31646
2018-07-10,14:17:15,144020,1,144020,144040,1,11062,31648
2018-07-10,14:17:19,144020,18,144020,144040,2,11062,31648
2018-07-10,14:17:20,144020,18,144040,144050,92,11064,31648
2018-07-10,14:17:21,144040,2,144040,144050,92,11064,31648
2018-07-10,14:17:22,144040,1,144050,144050,90,11070,31646
2018-07-10,14:17:22,144020,18,144040,144050,90,11076,31648
2018-07-10,14:17:27,144020,18,144040,144040,1,11076,31648
2018-07-10,14:17:28,144020,18,144040,144040,1,11076,31648
2018-07-10,14:17:32,144020,18,144040,144040,1,11076,31648
2018-07-10,14:17:35,144020,17,144020,144040,1,11078,31646
2018-07-10,14:17:35,144020,16,144020,144040,1,11080,31644
2018-07-10,14:17:36,144020,14,144020,144040,1,11084,31640
2018-07-10,14:17:36,144020,12,144020,144040,1,11088,31640
2018-07-10,14:17:37,144020,10,144020,144040,3,11092,31640
2018-07-10,14:17:37,144010,1,144020,144020,7,11112,31626
2018-07-10,14:17:38,144000,2,144010,144010,1,11114,31624
2018-07-10,14:17:38,143980,5,144000,144000,3,11122,31628
2018-07-10,14:17:39,143980,5,144000,144000,3,11122,31628
2018-07-10,14:17:40,143980,5,144000,144000,1,11126,31628
2018-07-10,14:17:41,144010,2,144000,144030,1,11126,31628
2018-07-10,14:17:41,144010,2,144000,144030,1,11126,31628
2018-07-10,14:17:43,144010,2,144000,144020,1,11126,31628
2018-07-10,14:17:44,144010,2,144000,144020,1,11126,31628
2018-07-10,14:17:49,144000,2,144000,144020,1,11126,31628
2018-07-10,14:18:04,144000,2,144020,144030,1,11128,31626
2018-07-10,14:18:06,144000,2,144020,144030,2,11128,31626
2018-07-10,14:18:06,144000,2,144020,144030,3,11128,31626
2018-07-10,14:18:09,144000,2,144020,144020,1,11128,31626
2018-07-10,14:18:10,144000,2,144020,144020,1,11128,31626
2018-07-10,14:18:10,144000,2,144020,144020,2,11128,31626
2018-07-10,14:18:14,144000,3,144020,144020,2,11128,31626
2018-07-10,14:18:20,144000,3,144020,144020,1,11128,31626
2018-07-10,14:18:21,144000,2,144020,144020,1,11128,31626
2018-07-10,14:18:22,144000,2,144020,144040,3,11130,31626
2018-07-10,14:18:23,144000,2,144020,144030,1,11130,31626
2018-07-10,14:18:31,144000,2,144020,144020,1,11130,31626
2018-07-10,14:18:35,144000,2,144020,144030,1,11132,31626
2018-07-10,14:18:37,144000,2,144020,144030,1,11132,31626
2018-07-10,14:18:49,144000,2,144020,144030,2,11132,31626
2018-07-10,14:18:51,144010,1,144020,144030,2,11132,31626
2018-07-10,14:18:52,144010,1,144020,144030,1,11132,31626
2018-07-10,14:18:53,144000,2,144020,144030,1,11132,31626
2018-07-10,14:18:54,144020,1,144020,144030,1,11132,31626
2018-07-10,14:18:54,144000,2,144020,144030,1,11134,31624
2018-07-10,14:18:55,144000,1,144000,144030,1,11136,31622
2018-07-10,14:18:57,144000,1,144000,144030,2,11136,31622
2018-07-10,14:18:59,144000,1,144000,144030,2,11136,31622
2018-07-10,14:18:59,144000,1,144000,144020,1,11136,31622
2018-07-10,14:19:05,144000,1,144000,144020,2,11136,31622
2018-07-10,14:19:05,144000,2,144000,144020,2,11136,31622
2018-07-10,14:19:06,144000,2,144000,144020,20,11136,31622
2018-07-10,14:19:07,143990,1,144010,144020,20,11144,31626
2018-07-10,14:19:07,143990,1,144010,144010,2,11144,31626
2018-07-10,14:19:08,143990,1,144010,144010,2,11144,31626
2018-07-10,14:19:08,143990,1,144010,144010,2,11144,31626
2018-07-10,14:19:09,143990,1,144010,144000,1,11144,31626
2018-07-10,14:19:09,143990,1,144000,144010,2,11146,31626
2018-07-10,14:19:11,143990,1,144000,144010,2,11146,31626
2018-07-10,14:19:12,143990,1,144000,144010,20,11146,31626
2018-07-10,14:19:13,143980,5,143990,144010,2,11148,31628
2018-07-10,14:19:14,143980,5,143990,144010,1,11148,31628
2018-07-10,14:19:14,143990,1,143990,144020,1,11148,31628
2018-07-10,14:19:16,143990,2,143990,144020,1,11148,31628
2018-07-10,14:19:17,143990,2,143990,144010,1,11148,31628
2018-07-10,14:19:18,143990,2,143990,144010,1,11148,31628
2018-07-10,14:19:19,143990,2,143990,144010,1,11148,31628
2018-07-10,14:19:22,143990,1,143990,144010,1,11148,31628
2018-07-10,14:19:23,143990,1,143990,144010,1,11148,31628
2018-07-10,14:19:28,143990,1,143990,144010,1,11148,31628
2018-07-10,14:19:28,143980,5,143990,144010,1,11148,31628
2018-07-10,14:19:30,143980,5,143990,144010,1,11148,31628
2018-07-10,14:19:33,144000,1,143990,144010,1,11148,31628
2018-07-10,14:19:34,143980,5,144000,144010,1,11150,31630
2018-07-10,14:19:36,143980,5,144000,144010,2,11150,31630
2018-07-10,14:19:46,143990,1,144000,144010,2,11150,31630
2018-07-10,14:19:48,143990,1,144000,144010,1,11150,31630
2018-07-10,14:19:52,143990,1,144000,144010,1,11150,31630
2018-07-10,14:19:52,143990,1,144010,144020,1,11152,31628
2018-07-10,14:19:55,143990,1,144010,144020,3,11152,31628
2018-07-10,14:19:56,143990,20,144010,144020,3,11152,31628
2018-07-10,14:19:57,144000,2,144020,144020,1,11156,31626
2018-07-10,14:19:57,144000,3,144030,144030,1,11160,31626
2018-07-10,14:19:58,144010,1,144030,144040,3,11162,31624
2018-07-10,14:19:58,144010,1,144030,144040,3,11162,31624
2018-07-10,14:19:59,144020,1,144030,144030,1,11162,31624
2018-07-10,14:19:59,144010,1,144020,144040,3,11172,31622
2018-07-10,14:20:00,144010,1,144020,144040,4,11172,31622
2018-07-10,14:20:00,144010,1,144020,144040,5,11172,31622
2018-07-10,14:20:01,144000,2,144020,144020,1,11172,31622
2018-07-10,14:20:01,144000,2,144020,144040,4,11174,31622
2018-07-10,14:20:02,144000,2,144020,144030,1,11174,31622
2018-07-10,14:20:02,144000,2,144020,144030,1,11174,31622
2018-07-10,14:20:03,144000,2,144020,144030,4,11174,31622
2018-07-10,14:20:03,144000,2,144020,144030,3,11174,31622
2018-07-10,14:20:04,144000,2,144020,144030,3,11174,31622
2018-07-10,14:20:04,144000,2,144020,144030,3,11174,31622
2018-07-10,14:20:09,144010,1,144000,144030,3,11176,31622
2018-07-10,14:20:10,144000,1,144010,144010,1,11178,31620
2018-07-10,14:20:10,143990,2,144000,144010,1,11180,31620
2018-07-10,14:20:11,143990,2,144000,144010,2,11180,31620
2018-07-10,14:20:12,143990,2,144010,144010,1,11182,31618
2018-07-10,14:20:13,143990,2,144010,144030,2,11184,31620
2018-07-10,14:20:13,143990,2,144010,144030,3,11184,31620
2018-07-10,14:20:14,143990,2,144010,144020,2,11184,31620
2018-07-10,14:20:14,143990,2,144010,144020,1,11184,31620
2018-07-10,14:20:15,143990,21,144010,144020,1,11184,31620
2018-07-10,14:20:16,144000,1,144010,144030,3,11184,31620
2018-07-10,14:20:16,144000,1,144010,144030,2,11184,31620
2018-07-10,14:20:18,144000,1,144010,144030,1,11184,31620
2018-07-10,14:20:19,144000,1,144010,144020,1,11184,31620
2018-07-10,14:20:21,144000,1,144010,144020,1,11184,31620
2018-07-10,14:20:24,143990,2,144000,144020,1,11186,31620
2018-07-10,14:20:31,144000,2,144000,144020,1,11186,31620
2018-07-10,14:20:31,144000,2,144000,144010,1,11186,31620
2018-07-10,14:20:32,144000,1,144000,144010,1,11188,31620
2018-07-10,14:20:32,143990,2,144000,144010,1,11190,31618
2018-07-10,14:20:47,143990,2,144010,144020,1,11192,31620
2018-07-10,14:20:49,143990,2,144010,144020,1,11192,31620
2018-07-10,14:20:50,143990,2,144010,144020,1,11192,31620
2018-07-10,14:20:51,143990,21,144010,144020,1,11192,31620
2018-07-10,14:20:52,144000,1,144010,144030,1,11192,31620
2018-07-10,14:20:52,144000,2,144010,144030,1,11192,31620
2018-07-10,14:20:54,144000,2,144010,144030,2,11192,31620
2018-07-10,14:20:54,144000,2,144010,144030,2,11192,31620
2018-07-10,14:20:55,144000,2,144010,144020,1,11192,31620
2018-07-10,14:21:03,144000,2,144010,144020,1,11192,31620
2018-07-10,14:21:04,144000,1,144010,144020,1,11192,31620
2018-07-10,14:21:06,143990,2,144000,144020,1,11194,31620
2018-07-10,14:21:12,143990,2,144000,144020,1,11194,31620
2018-07-10,14:21:21,143990,2,144000,144020,1,11194,31620
2018-07-10,14:21:25,144010,2,144000,144020,1,11194,31620
2018-07-10,14:21:26,144010,2,144000,144020,1,11194,31620
2018-07-10,14:21:28,144010,22,144000,144020,1,11194,31620
2018-07-10,14:21:29,144020,2,144020,144040,5,11196,31620
2018-07-10,14:21:29,144020,1,144020,144040,5,11198,31620
2018-07-10,14:21:30,144010,2,144020,144040,6,11200,31620
2018-07-10,14:21:30,144010,1,144010,144030,1,11202,31618
2018-07-10,14:21:31,143990,2,144010,144030,1,11204,31616
2018-07-10,14:21:32,143990,2,144010,144030,2,11204,31616
2018-07-10,14:21:32,143990,2,144010,144020,1,11204,31616
2018-07-10,14:21:33,143990,22,144010,144020,1,11204,31616
2018-07-10,14:21:34,144000,1,144020,144030,2,11206,31616
2018-07-10,14:21:35,144000,1,144020,144030,2,11206,31616
2018-07-10,14:21:36,144000,1,144020,144030,3,11206,31616
2018-07-10,14:21:37,144000,1,144020,144030,3,11206,31616
2018-07-10,14:21:37,144000,1,144020,144030,3,11206,31616
2018-07-10,14:21:43,144000,1,144020,144020,1,11210,31616
2018-07-10,14:21:46,144010,2,144020,144020,1,11210,31616
2018-07-10,14:21:46,144010,1,144010,144020,1,11212,31616
2018-07-10,14:21:47,143990,2,144010,144020,1,11214,31614
2018-07-10,14:21:50,143990,2,144010,144030,3,11214,31614
2018-07-10,14:21:50,144000,1,144010,144030,3,11214,31614
2018-07-10,14:21:51,144000,1,144010,144020,3,11214,31614
2018-07-10,14:21:53,144000,1,144010,144030,3,11214,31614
2018-07-10,14:21:53,144000,1,144010,144020,3,11214,31614
2018-07-10,14:21:54,143990,2,144010,144020,3,11214,31614
2018-07-10,14:21:55,143990,2,144010,144010,3,11214,31614
2018-07-10,14:21:56,143990,2,144010,144020,3,11214,31614
2018-07-10,14:21:56,144000,7,144010,144020,3,11214,31614
2018-07-10,14:21:57,144000,7,144010,144020,3,11214,31614
2018-07-10,14:21:58,144000,7,144010,144030,2,11214,31614
2018-07-10,14:21:58,144010,1,144010,144030,2,11214,31614
2018-07-10,14:22:00,144010,1,144010,144030,1,11214,31614
2018-07-10,14:22:04,144010,1,144010,144040,7,11214,31614
2018-07-10,14:22:05,144000,7,144010,144040,8,11214,31614
2018-07-10,14:22:05,144000,7,144010,144030,1,11214,31614
2018-07-10,14:22:07,144000,7,144010,144030,1,11214,31614
2018-07-10,14:22:08,144030,1,144030,144040,7,11216,31612
2018-07-10,14:22:08,144000,6,144000,144010,2,11220,31608
2018-07-10,14:22:09,144000,6,144010,144030,3,11224,31604
2018-07-10,14:22:16,144000,6,144010,144030,1,11224,31604
2018-07-10,14:22:17,144010,5,144010,144030,1,11224,31604
2018-07-10,14:22:17,144020,1,144010,144030,1,11224,31604
2018-07-10,14:22:18,144010,1,144020,144040,5,11228,31606
2018-07-10,14:22:18,144010,1,144020,144040,6,11228,31606
2018-07-10,14:22:19,144010,1,144020,144030,1,11228,31606
2018-07-10,14:22:20,144010,1,144020,144030,2,11228,31606
2018-07-10,14:22:21,144000,6,144020,144030,2,11228,31606
2018-07-10,14:22:22,144000,6,144020,144030,1,11228,31606
2018-07-10,14:22:22,144000,6,144030,144010,1,11230,31606
2018-07-10,14:22:23,144010,2,144010,144040,7,11232,31604
2018-07-10,14:22:24,144010,2,144010,144030,1,11232,31604
2018-07-10,14:22:28,144010,24,144030,144040,7,11234,31602
2018-07-10,14:22:28,144020,1,144030,144040,5,11234,31602
2018-07-10,14:22:29,144030,2,144030,144040,5,11234,31602
2018-07-10,14:22:30,144030,2,144030,144040,5,11234,31602
2018-07-10,14:22:30,144030,2,144030,144040,5,11234,31602
2018-07-10,14:22:39,144030,2,144030,144040,5,11234,31602
2018-07-10,14:22:40,144030,1,144030,144040,6,11234,31602
2018-07-10,14:22:40,144020,1,144030,144040,6,11236,31602
2018-07-10,14:22:41,144010,2,144030,144040,7,11236,31602
2018-07-10,14:22:41,144010,2,144030,144040,8,11236,31602
2018-07-10,14:22:44,144010,24,144030,144040,8,11236,31602
2018-07-10,14:22:44,144020,2,144040,144040,5,11238,31604
2018-07-10,14:22:45,144020,2,144040,144040,5,11238,31604
2018-07-10,14:22:46,144020,2,144040,144040,5,11238,31604
2018-07-10,14:22:47,144030,1,144040,144040,5,11238,31604
2018-07-10,14:22:48,144030,1,144040,144040,5,11238,31604
2018-07-10,14:22:48,144020,1,144030,144040,5,11240,31606
2018-07-10,14:22:49,144010,2,144020,144040,6,11242,31604
2018-07-10,14:22:49,144010,2,144020,144030,1,11242,31604
2018-07-10,14:22:51,144010,24,144020,144030,1,11242,31604
2018-07-10,14:22:51,144020,1,144030,144040,5,11244,31602
2018-07-10,14:22:52,144020,1,144030,144040,5,11244,31602
2018-07-10,14:22:53,144020,1,144030,144040,6,11244,31602
2018-07-10,14:22:53,144020,1,144030,144040,7,11244,31602
2018-07-10,14:22:54,144010,2,144020,144040,7,11246,31602
2018-07-10,14:22:54,144010,2,144020,144040,8,11246,31602
2018-07-10,14:22:55,144010,2,144020,144030,1,11246,31602
2018-07-10,14:22:56,144010,2,144020,144030,1,11246,31602
2018-07-10,14:22:59,144010,24,144020,144030,1,11246,31602
2018-07-10,14:22:59,144010,24,144020,144040,5,11246,31602
2018-07-10,14:23:01,144010,24,144020,144040,6,11246,31602
2018-07-10,14:23:07,144020,1,144020,144040,6,11246,31602
2018-07-10,14:23:08,144020,1,144020,144040,6,11246,31602
2018-07-10,14:23:09,144020,1,144020,144040,7,11246,31602
2018-07-10,14:23:09,144010,2,144020,144020,1,11248,31600
2018-07-10,14:23:10,144010,1,144010,144020,1,11250,31602
2018-07-10,14:23:10,143990,3,144010,144020,1,11252,31604
2018-07-10,14:23:12,143990,3,144010,144020,1,11252,31604
2018-07-10,14:23:12,143990,3,144010,144020,1,11252,31604
2018-07-10,14:23:13,143990,3,144010,144010,1,11252,31604
2018-07-10,14:23:16,143990,25,144010,144010,1,11252,31604
2018-07-10,14:23:16,144000,2,144020,144030,1,11256,31604
2018-07-10,14:23:17,144000,2,144020,144030,1,11256,31604
2018-07-10,14:23:18,144010,5,144020,144030,1,11256,31604
2018-07-10,14:23:18,144030,1,144030,144040,4,11258,31606
2018-07-10,14:23:19,144010,5,144030,144040,4,11260,31606
2018-07-10,14:23:19,144010,5,144030,144040,5,11260,31606
2018-07-10,14:23:21,144030,2,144030,144040,5,11260,31606
2018-07-10,14:23:21,144030,2,144030,144040,4,11260,31606
2018-07-10,14:23:22,144030,1,144030,144040,4,11262,31608
2018-07-10,14:23:23,144010,5,144030,144040,4,11264,31610
2018-07-10,14:23:23,144010,5,144030,144030,1,11264,31610
2018-07-10,14:23:24,144010,6,144030,144030,1,11264,31610
2018-07-10,14:23:25,144010,6,144030,144030,1,11264,31610
2018-07-10,14:23:33,144020,6,144030,144030,1,11264,31610
2018-07-10,14:23:33,144020,6,144030,144040,4,11266,31610
2018-07-10,14:23:37,144020,6,144030,144040,1,11266,31610
2018-07-10,14:23:37,144020,6,144030,144040,1,11266,31610
2018-07-10,14:23:38,144020,6,144030,144040,1,11266,31610
2018-07-10,14:23:39,144020,6,144030,144040,1,11266,31610
2018-07-10,14:23:41,144030,1,144030,144040,1,11266,31610
2018-07-10,14:23:42,144030,1,144030,144040,2,11266,31610
2018-07-10,14:23:43,144030,1,144030,144040,3,11266,31610
2018-07-10,14:23:43,144030,1,144030,144040,4,11266,31610
2018-07-10,14:23:44,144030,1,144030,144040,3,11266,31610
2018-07-10,14:23:44,144030,1,144040,144050,90,11272,31616
2018-07-10,14:23:47,144030,1,144040,144050,90,11272,31616
2018-07-10,14:23:55,144030,2,144040,144050,90,11272,31616
2018-07-10,14:23:56,144030,3,144040,144050,90,11272,31616
2018-07-10,14:23:56,144030,2,144030,144050,90,11274,31614
2018-07-10,14:24:02,144030,2,144030,144040,1,11274,31614
2018-07-10,14:24:03,144020,7,144030,144040,1,11280,31610
2018-07-10,14:24:03,144020,6,144030,144040,1,11280,31610
2018-07-10,14:24:05,144020,6,144040,144050,90,11282,31608
2018-07-10,14:24:05,144020,28,144040,144050,90,11282,31608
2018-07-10,14:24:06,144030,1,144040,144050,90,11282,31608
2018-07-10,14:24:07,144030,3,144040,144050,90,11282,31608
2018-07-10,14:24:09,144030,24,144040,144050,90,11282,31608
2018-07-10,14:24:09,144030,24,144040,144050,90,11282,31608
2018-07-10,14:24:10,144030,24,144040,144050,90,11282,31608
2018-07-10,14:24:10,144040,1,144040,144050,90,11282,31608
2018-07-10,14:24:11,144040,1,144050,144050,79,11304,31624
2018-07-10,14:24:11,144030,1,144050,144050,62,11346,31658
2018-07-10,14:24:12,144020,6,144050,144050,45,11384,31692
2018-07-10,14:24:12,144030,1,144050,144050,45,11384,31692
2018-07-10,14:24:13,144030,1,144050,144050,44,11386,31692
2018-07-10,14:24:14,144030,1,144050,144040,1,11386,31692
2018-07-10,14:24:14,144010,5,144030,144040,1,11388,31692
2018-07-10,14:24:15,144010,5,144030,144040,2,11388,31692
2018-07-10,14:24:16,144010,5,144030,144040,2,11388,31692
2018-07-10,14:24:16,144010,5,144030,144040,3,11388,31692
2018-07-10,14:24:18,144010,27,144030,144040,3,11388,31692
2018-07-10,14:24:18,144020,1,144040,144040,2,11390,31692
2018-07-10,14:24:19,144020,1,144040,144040,2,11390,31692
2018-07-10,14:24:20,144010,5,144020,144040,2,11392,31690
2018-07-10,14:24:21,144020,1,144020,144040,2,11392,31690
2018-07-10,14:24:22,144020,1,144020,144040,3,11392,31690
2018-07-10,14:24:22,144010,5,144020,144040,3,11394,31688
2018-07-10,14:24:24,144010,5,144020,144040,4,11394,31688
2018-07-10,14:24:25,144010,5,144020,144030,1,11394,31688
2018-07-10,14:24:25,144010,5,144020,144030,2,11394,31688
2018-07-10,14:24:26,144010,4,144010,144030,2,11396,31686
2018-07-10,14:24:27,144010,4,144010,144030,2,11396,31686
2018-07-10,14:24:28,144020,6,144010,144030,2,11396,31686
2018-07-10,14:24:28,144010,4,144020,144030,1,11408,31674
2018-07-10,14:24:31,144010,4,144020,144030,1,11408,31674
2018-07-10,14:24:34,144010,4,144020,144030,1,11408,31674
2018-07-10,14:24:38,144010,4,144020,144030,1,11408,31674
2018-07-10,14:24:38,144010,4,144020,144030,1,11408,31674
2018-07-10,14:24:39,144010,4,144020,144030,2,11408,31674
2018-07-10,14:24:46,144010,4,144020,144030,2,11408,31674
2018-07-10,14:24:51,144010,4,144030,144030,1,11410,31674
2018-07-10,14:24:54,144010,26,144030,144030,1,11410,31674
2018-07-10,14:24:55,144010,26,144030,144040,3,11412,31676
2018-07-10,14:24:58,144020,1,144030,144040,3,11412,31676
2018-07-10,14:24:58,144010,4,144020,144040,3,11414,31676
2018-07-10,14:24:59,144010,4,144020,144040,4,11414,31676
2018-07-10,14:24:59,144010,4,144020,144030,1,11414,31676
2018-07-10,14:25:00,144010,3,144010,144030,1,11416,31674
2018-07-10,14:25:04,144010,3,144010,144030,1,11416,31674
2018-07-10,14:25:05,144010,23,144010,144030,1,11416,31674
2018-07-10,14:25:05,144010,3,144010,144030,1,11416,31674
2018-07-10,14:25:32,144010,3,144030,144040,3,11418,31672
2018-07-10,14:25:34,144010,3,144030,144040,4,11418,31672
2018-07-10,14:25:34,144010,3,144030,144040,4,11418,31672
2018-07-10,14:25:35,144010,3,144030,144030,1,11418,31672
2018-07-10,14:25:40,144010,3,144030,144030,1,11418,31672
2018-07-10,14:25:47,144010,3,144030,144030,1,11418,31672
2018-07-10,14:25:47,144010,3,144030,144030,2,11418,31672
2018-07-10,14:25:56,144010,3,144030,144030,1,11418,31672
2018-07-10,14:25:58,144010,3,144030,144020,1,11418,31672
2018-07-10,14:25:58,144010,3,144030,144040,3,11418,31672
2018-07-10,14:25:59,144010,3,144030,144040,4,11418,31672
2018-07-10,14:26:07,144010,3,144030,144030,1,11418,31672
2018-07-10,14:26:08,144010,3,144030,144030,1,11418,31672
2018-07-10,14:26:08,144010,3,144030,144030,2,11418,31672
2018-07-10,14:26:09,144000,2,144010,144030,2,11424,31670
2018-07-10,14:26:09,144000,2,144010,144020,1,11424,31670
2018-07-10,14:26:10,144000,2,144010,144020,1,11424,31670
2018-07-10,14:26:10,144000,2,144010,144020,2,11424,31670
2018-07-10,14:26:11,144000,1,144010,144020,2,11424,31670
2018-07-10,14:26:11,143990,1,144000,144020,2,11426,31670
2018-07-10,14:26:18,143990,1,144000,144020,2,11426,31670
2018-07-10,14:26:20,143990,1,144000,144010,1,11426,31670
2018-07-10,14:26:20,143990,1,144000,144010,1,11426,31670
2018-07-10,14:26:21,143990,1,144000,144000,1,11426,31670
2018-07-10,14:26:21,143990,1,144000,144020,1,11426,31670
2018-07-10,14:26:22,143990,1,144000,144020,2,11426,31670
2018-07-10,14:26:25,143990,1,144000,144020,3,11426,31670
2018-07-10,14:26:25,143990,1,144000,144010,1,11426,31670
2018-07-10,14:26:26,143990,1,144000,144010,1,11426,31670
2018-07-10,14:26:26,143990,1,144000,144010,2,11426,31670
2018-07-10,14:26:27,143990,1,144000,144010,1,11426,31670
2018-07-10,14:26:31,143990,1,144000,144000,1,11426,31670
2018-07-10,14:26:32,143990,1,144000,144000,1,11426,31670
2018-07-10,14:26:32,143990,1,144000,144000,2,11426,31670
2018-07-10,14:26:34,143980,5,143990,144000,1,11428,31668
2018-07-10,14:26:35,143990,1,143990,144000,1,11428,31668
2018-07-10,14:26:36,143980,5,143990,144000,1,11430,31666
2018-07-10,14:26:39,144000,1,144000,144020,1,11432,31666
2018-07-10,14:26:39,144000,1,144000,144040,3,11432,31666
2018-07-10,14:26:40,144000,1,144000,144030,1,11432,31666
2018-07-10,14:26:43,144000,1,144000,144030,2,11432,31666
2018-07-10,14:26:43,144000,1,144000,144020,1,11432,31666
2018-07-10,14:26:44,143980,5,144000,144020,1,11434,31664
2018-07-10,14:26:46,143980,5,144000,144020,1,11434,31664
2018-07-10,14:26:46,143980,5,144000,144000,2,11434,31664
2018-07-10,14:26:49,143980,5,144000,144000,2,11434,31664
2018-07-10,14:26:53,143980,5,144000,144020,1,11438,31664
2018-07-10,14:26:57,143980,5,144000,144020,1,11438,31664
2018-07-10,14:26:57,143980,5,144000,144020,1,11438,31664
2018-07-10,14:26:58,144000,2,144000,144020,1,11438,31664
2018-07-10,14:26:59,144000,2,144000,144030,2,11438,31664
2018-07-10,14:27:01,144000,2,144000,144030,2,11438,31664
2018-07-10,14:27:04,144000,2,144000,144030,2,11438,31664
2018-07-10,14:27:14,143980,6,144000,144000,1,11442,31662
2018-07-10,14:27:33,143980,7,144000,144000,1,11442,31662
2018-07-10,14:27:37,143980,7,144000,144000,1,11442,31662
2018-07-10,14:27:44,143980,7,144000,144000,1,11442,31662
2018-07-10,14:28:03,143980,6,144000,144000,1,11442,31662
2018-07-10,14:28:04,143980,6,144000,144030,2,11444,31664
2018-07-10,14:28:04,143990,1,144000,144030,2,11444,31664
2018-07-10,14:28:14,144030,3,144030,144040,4,11448,31662
2018-07-10,14:28:15,143990,1,144030,144030,3,11454,31662
2018-07-10,14:28:28,144000,1,144030,144030,3,11454,31662
2018-07-10,14:28:32,144000,2,144030,144030,3,11454,31662
2018-07-10,14:28:44,144000,3,144030,144030,3,11454,31662
2018-07-10,14:28:45,144000,3,144030,144030,4,11454,31662
2018-07-10,14:28:52,144000,2,144000,144030,4,11456,31664
2018-07-10,14:28:58,144000,2,144000,144030,4,11456,31664
2018-07-10,14:28:59,144000,2,144000,144030,4,11456,31664
2018-07-10,14:29:04,144000,1,144000,144030,4,11456,31664
2018-07-10,14:29:22,144010,1,144000,144030,4,11456,31664
2018-07-10,14:29:23,144010,1,144000,144030,1,11456,31664
2018-07-10,14:29:33,144000,1,144000,144030,1,11456,31664
2018-07-10,14:29:40,144000,1,144000,144030,1,11456,31664
2018-07-10,14:29:43,143990,1,144000,144030,1,11458,31666
2018-07-10,14:29:52,143990,1,144000,144030,1,11458,31666
2018-07-10,14:29:53,143990,2,144000,144030,1,11458,31666
2018-07-10,14:29:55,143990,2,144000,144030,2,11458,31666
2018-07-10,14:29:57,144000,1,144000,144030,2,11458,31666
2018-07-10,14:30:02,144000,1,144000,144020,3,11458,31666
2018-07-10,14:30:02,144000,1,144000,144020,3,11458,31666
2018-07-10,14:30:03,144000,1,144000,144020,4,11458,31666
2018-07-10,14:30:04,143990,2,144000,144020,4,11460,31666
2018-07-10,14:30:05,143990,1,144000,144010,1,11460,31666
2018-07-10,14:30:05,143990,1,144000,144010,1,11460,31666
2018-07-10,14:30:06,143990,1,144000,144010,2,11460,31666
2018-07-10,14:30:10,143990,1,144000,144010,2,11460,31666
2018-07-10,14:30:11,143980,5,143990,144010,2,11462,31668
2018-07-10,14:30:17,144010,2,144010,144020,3,11468,31672
2018-07-10,14:30:17,144010,2,144020,144030,2,11486,31666
2018-07-10,14:30:18,144010,2,144030,144040,4,11490,31666
2018-07-10,14:30:24,144010,2,144030,144040,6,11490,31666
2018-07-10,14:30:25,144010,2,144030,144030,1,11490,31666
2018-07-10,14:30:26,144010,2,144030,144030,1,11490,31666
2018-07-10,14:30:27,143980,5,144010,144030,1,11494,31670
2018-07-10,14:30:28,143990,1,144010,144030,1,11494,31670
2018-07-10,14:30:31,143990,1,144010,144030,2,11494,31670
2018-07-10,14:30:38,144030,1,144030,144040,6,11498,31670
2018-07-10,14:30:39,143990,1,144030,144040,4,11500,31668
2018-07-10,14:30:39,143990,1,144030,144040,5,11500,31668
2018-07-10,14:30:40,144000,1,144030,144040,5,11500,31668
2018-07-10,14:30:46,144000,2,144030,144040,5,11500,31668
2018-07-10,14:30:46,144000,2,144030,144040,6,11500,31668
2018-07-10,14:30:48,144000,2,144030,144040,24,11500,31668
2018-07-10,14:30:48,144000,2,144030,144030,1,11500,31668
2018-07-10,14:30:49,144000,1,144030,144030,1,11500,31668
2018-07-10,14:30:50,144000,2,144030,144030,1,11500,31668
2018-07-10,14:30:56,144010,5,144030,144030,1,11500,31668
2018-07-10,14:30:56,144020,1,144030,144040,6,11502,31668
2018-07-10,14:30:57,144020,1,144030,144040,5,11502,31668
2018-07-10,14:30:57,144020,1,144030,144040,3,11502,31668
2018-07-10,14:30:58,144020,1,144030,144040,3,11502,31668
2018-07-10,14:30:58,144020,1,144030,144040,3,11502,31668
2018-07-10,14:31:00,144020,1,144030,144040,2,11502,31668
2018-07-10,14:31:00,144020,1,144030,144030,1,11502,31668
2018-07-10,14:31:09,144020,1,144030,144040,2,11504,31670
2018-07-10,14:31:13,144020,2,144030,144040,2,11504,31670
2018-07-10,14:31:17,144020,2,144040,144040,1,11506,31672
2018-07-10,14:31:23,144020,2,144040,144040,2,11506,31672
2018-07-10,14:31:26,144020,2,144040,144040,2,11506,31672
2018-07-10,14:31:27,144020,4,144040,144040,2,11506,31672
2018-07-10,14:31:43,144020,4,144040,144040,2,11506,31672
2018-07-10,14:31:49,144030,3,144020,144040,2,11510,31672
2018-07-10,14:31:50,144020,1,144030,144040,2,11516,31670
2018-07-10,14:31:50,144020,1,144020,144040,3,11518,31670
2018-07-10,14:31:51,144000,2,144020,144020,2,11520,31670
2018-07-10,14:31:56,144000,2,144020,144020,2,11520,31670
2018-07-10,14:31:58,144010,1,144020,144020,2,11520,31670
2018-07-10,14:31:59,144010,1,144020,144040,3,11524,31670
2018-07-10,14:32:08,144010,1,144020,144040,3,11524,31670
2018-07-10,14:32:08,144010,1,144020,144040,4,11524,31670
2018-07-10,14:32:09,144000,2,144040,144050,43,11534,31668
2018-07-10,14:32:10,144000,2,144040,144040,1,11534,31668
2018-07-10,14:32:10,144010,1,144040,144040,1,11534,31668
2018-07-10,14:32:56,144010,1,144040,144040,1,11534,31668
2018-07-10,14:32:57,144010,1,144040,144040,2,11534,31668
2018-07-10,14:32:57,144010,1,144040,144040,2,11534,31668
2018-07-10,14:33:03,144010,1,144040,144030,1,11534,31668
2018-07-10,14:33:04,144010,1,144040,144030,1,11534,31668
2018-07-10,14:33:04,144010,1,144040,144030,2,11534,31668
2018-07-10,14:33:22,144010,1,144040,144030,3,11534,31668
2018-07-10,14:33:22,144000,2,144040,144030,2,11534,31668
2018-07-10,14:33:29,144000,2,144040,144030,2,11534,31668
2018-07-10,14:33:37,144000,24,144040,144030,2,11534,31668
2018-07-10,14:33:37,144010,1,144040,144050,43,11538,31666
2018-07-10,14:33:38,144010,2,144040,144050,43,11538,31666
2018-07-10,14:33:38,144020,1,144040,144050,43,11538,31666
2018-07-10,14:33:45,144020,1,144040,144040,1,11538,31666
2018-07-10,14:33:45,144020,1,144040,144030,3,11538,31666
2018-07-10,14:33:46,144000,2,144040,144030,3,11538,31666
2018-07-10,14:33:53,144000,2,144040,144030,3,11538,31666
2018-07-10,14:33:57,144000,2,144040,144050,43,11538,31666
2018-07-10,14:33:58,144010,1,144040,144050,43,11538,31666
2018-07-10,14:33:59,144010,1,144040,144040,1,11538,31666
2018-07-10,14:34:00,144010,1,144050,144050,39,11548,31666
2018-07-10,14:34:01,144010,1,144050,144050,37,11552,31666
2018-07-10,14:34:13,144010,2,144050,144050,37,11552,31666
2018-07-10,14:34:20,144010,2,144050,144050,37,11552,31666
2018-07-10,14:34:24,144010,2,144050,144050,36,11554,31668
2018-07-10,14:34:37,144010,2,144050,144050,36,11554,31668
2018-07-10,14:34:39,144010,2,144050,144050,36,11554,31668
2018-07-10,14:34:42,144010,2,144050,144050,36,11554,31668
2018-07-10,14:34:51,144010,2,144050,144050,36,11554,31668
2018-07-10,14:34:58,144010,2,144050,144050,37,11554,31668
2018-07-10,14:35:00,144010,4,144050,144050,37,11554,31668
2018-07-10,14:35:23,144010,4,144050,144040,1,11554,31668
2018-07-10,14:35:23,144010,4,144050,144040,1,11562,31666
2018-07-10,14:35:30,144010,4,144050,144040,1,11562,31666
2018-07-10,14:35:58,144010,4,144040,144050,34,11564,31666
2018-07-10,14:36:35,144010,4,144040,144040,13,11564,31666
2018-07-10,14:36:36,144010,3,144040,144040,14,11564,31666
2018-07-10,14:36:36,144010,3,144040,144040,14,11564,31666
2018-07-10,14:36:39,144010,3,144040,144030,1,11564,31666
2018-07-10,14:36:40,144010,3,144040,144030,1,11564,31666
2018-07-10,14:36:40,144010,3,144040,144030,2,11564,31666
2018-07-10,14:36:49,144020,3,144040,144030,2,11564,31666
2018-07-10,14:36:51,144020,3,144040,144030,1,11564,31666
2018-07-10,14:36:51,144020,2,144020,144030,1,11566,31666
2018-07-10,14:36:52,144010,3,144020,144030,1,11570,31666
2018-07-10,14:36:55,144010,3,144020,144020,13,11570,31666
2018-07-10,14:36:55,144000,3,144010,144020,14,11576,31662
2018-07-10,14:36:56,143990,1,144000,144000,2,11584,31664
2018-07-10,14:36:56,143980,7,143990,144000,2,11586,31662
2018-07-10,14:36:57,143990,1,143990,144000,3,11586,31662
2018-07-10,14:36:57,143980,7,143990,144000,3,11588,31662
2018-07-10,14:36:58,143980,7,143990,144000,3,11588,31662
2018-07-10,14:37:01,143990,1,143990,144000,3,11588,31662
2018-07-10,14:37:03,143990,1,144000,144020,13,11594,31662
2018-07-10,14:37:04,144000,1,144000,144020,13,11594,31662
2018-07-10,14:37:04,144000,1,144000,144020,13,11594,31662
2018-07-10,14:37:07,144000,1,144000,144020,13,11594,31662
2018-07-10,14:37:08,144000,1,144000,144020,13,11594,31662
2018-07-10,14:37:10,144000,2,144000,144020,13,11594,31662
2018-07-10,14:37:15,144000,2,144000,144020,13,11594,31662
2018-07-10,14:37:16,144010,1,144000,144020,13,11594,31662
2018-07-10,14:37:19,144010,1,144020,144020,5,11610,31650
2018-07-10,14:37:20,144030,4,144020,144050,34,11620,31648
2018-07-10,14:37:22,144030,4,144020,144050,34,11620,31648
2018-07-10,14:37:28,144020,4,144020,144050,34,11620,31648
2018-07-10,14:38:14,144020,4,144020,144050,34,11620,31648
2018-07-10,14:38:31,144020,4,144020,144040,1,11620,31648
2018-07-10,14:38:33,144000,1,144020,144020,4,11620,31648
2018-07-10,14:38:36,143980,6,144000,144040,1,11622,31648
2018-07-10,14:38:36,143990,1,144000,144040,1,11622,31648
2018-07-10,14:38:37,143990,2,144000,144040,1,11622,31648
2018-07-10,14:38:37,144000,1,144000,144040,1,11622,31648
2018-07-10,14:38:43,144010,1,144000,144040,1,11622,31648
2018-07-10,14:38:58,144010,1,144000,144040,1,11622,31648
2018-07-10,14:39:07,144010,1,144000,144040,1,11622,31648
2018-07-10,14:39:30,144010,1,144000,144040,2,11622,31648
2018-07-10,14:39:30,144010,1,144000,144040,2,11622,31648
2018-07-10,14:39:51,144010,1,144000,144040,2,11622,31648
2018-07-10,14:39:52,144010,1,144000,144040,2,11622,31648
2018-07-10,14:40:00,144020,2,144000,144040,2,11622,31648
2018-07-10,14:40:00,144020,3,144050,144050,33,11628,31652
2018-07-10,14:40:01,144020,4,144050,144050,33,11628,31652
2018-07-10,14:40:01,144020,4,144050,144050,33,11628,31652
2018-07-10,14:40:02,144020,4,144050,144050,34,11628,31652
2018-07-10,14:40:02,144020,2,144050,144050,32,11632,31656
2018-07-10,14:40:11,144020,1,144020,144050,32,11634,31656
2018-07-10,14:40:12,144020,2,144020,144050,32,11634,31656
2018-07-10,14:40:23,144020,2,144020,144050,32,11634,31656
2018-07-10,14:40:29,144020,2,144050,144050,27,11644,31666
2018-07-10,14:40:29,144020,2,144030,144050,23,11654,31674
2018-07-10,14:40:32,144020,2,144030,144040,1,11654,31674
2018-07-10,14:40:33,144020,2,144040,144050,23,11656,31674
2018-07-10,14:40:39,144010,2,144020,144050,23,11660,31670
2018-07-10,14:40:39,144010,2,144020,144040,1,11660,31670
2018-07-10,14:40:47,144010,2,144020,144040,2,11660,31670
2018-07-10,14:40:48,144020,1,144020,144040,2,11660,31670
2018-07-10,14:40:50,144020,2,144020,144040,2,11660,31670
2018-07-10,14:40:51,144020,2,144020,144040,1,11660,31670
2018-07-10,14:41:07,144020,2,144040,144050,23,11662,31668
2018-07-10,14:41:08,144020,2,144040,144050,24,11662,31668
2018-07-10,14:41:08,144020,2,144040,144050,25,11662,31668
2018-07-10,14:41:12,144020,3,144040,144050,25,11662,31668
2018-07-10,14:41:14,144030,1,144040,144050,25,11662,31668
2018-07-10,14:41:16,144030,1,144040,144050,25,11662,31668
2018-07-10,14:41:28,144030,1,144040,144040,1,11662,31668
2018-07-10,14:41:28,144040,1,144040,144050,23,11664,31668
2018-07-10,14:41:29,144040,1,144040,144050,24,11664,31668
2018-07-10,14:41:29,144030,1,144040,144050,25,11666,31666
2018-07-10,14:41:30,144030,1,144040,144050,25,11674,31660
2018-07-10,14:41:30,144030,1,144040,144050,25,11674,31660
2018-07-10,14:41:31,144030,1,144040,144050,25,11674,31660
2018-07-10,14:41:40,144030,1,144040,144040,1,11674,31660
2018-07-10,14:41:40,144040,2,144040,144050,23,11676,31660
2018-07-10,14:41:41,144040,2,144050,144050,22,11680,31664
2018-07-10,14:41:41,144040,2,144050,144050,1,11724,31690
2018-07-10,14:41:42,144060,1,144050,144100,3,11726,31690
2018-07-10,14:41:42,144060,2,144050,144090,1,11726,31690
2018-07-10,14:41:43,144060,2,144050,144090,1,11726,31690
2018-07-10,14:41:46,144070,1,144050,144090,1,11726,31690
2018-07-10,14:41:47,144070,1,144050,144090,1,11726,31690
2018-07-10,14:41:48,144070,1,144050,144090,1,11726,31690
2018-07-10,14:41:49,144070,1,144050,144090,1,11726,31690
2018-07-10,14:41:52,144070,1,144050,144090,1,11726,31690
2018-07-10,14:41:53,144070,2,144050,144090,1,11726,31690
2018-07-10,14:41:53,144070,3,144050,144090,1,11726,31690
2018-07-10,14:41:57,144070,2,144070,144090,1,11728,31690
2018-07-10,14:41:58,144070,2,144090,144100,3,11730,31688
2018-07-10,14:41:58,144070,2,144100,144100,2,11732,31688
2018-07-10,14:41:59,144070,2,144100,144100,2,11732,31688
2018-07-10,14:42:01,144070,2,144100,144100,2,11732,31688
2018-07-10,14:42:02,144070,2,144100,144100,2,11732,31688
2018-07-10,14:42:03,144070,2,144100,144100,2,11732,31688
2018-07-10,14:42:05,144070,2,144100,144100,2,11732,31688
2018-07-10,14:42:08,144070,2,144100,144090,1,11732,31688
2018-07-10,14:42:09,144070,2,144100,144090,1,11732,31688
2018-07-10,14:42:12,144060,4,144070,144090,1,11736,31684
2018-07-10,14:42:14,144060,3,144070,144090,1,11736,31684
2018-07-10,14:42:18,144090,14,144090,144100,2,11738,31686
2018-07-10,14:42:19,144090,2,144100,144120,3,11766,31694
2018-07-10,14:42:19,144060,3,144090,144110,1,11770,31694
2018-07-10,14:42:20,144060,3,144100,144110,1,11774,31694
2018-07-10,14:42:22,144110,1,144110,144120,3,11776,31692
2018-07-10,14:42:23,144060,3,144110,144110,1,11788,31692
2018-07-10,14:42:23,144070,1,144110,144110,1,11788,31692
2018-07-10,14:42:25,144110,9,144110,144120,3,11790,31694
2018-07-10,14:42:26,144110,8,144110,144120,3,11792,31696
2018-07-10,14:42:26,144070,1,144110,144120,3,11812,31706
2018-07-10,14:42:27,144070,1,144110,144120,3,11818,31708
2018-07-10,14:42:28,144070,1,144110,144110,1,11818,31708
2018-07-10,14:42:32,144070,1,144110,144120,3,11820,31708
2018-07-10,14:42:33,144070,2,144110,144120,3,11820,31708
2018-07-10,14:42:33,144080,1,144110,144120,3,11820,31708
2018-07-10,14:42:35,144090,1,144110,144120,3,11820,31708
2018-07-10,14:42:36,144100,1,144110,144120,3,11820,31708
2018-07-10,14:42:40,144110,1,144110,144120,3,11820,31708
2018-07-10,14:42:41,144120,1,144120,144130,1,11826,31708
2018-07-10,14:42:42,144080,1,144100,144100,1,11834,31702
2018-07-10,14:42:42,144080,1,144100,144100,1,11840,31698
2018-07-10,14:42:43,144080,1,144100,144130,1,11842,31696
2018-07-10,14:42:47,144080,1,144100,144130,1,11842,31696
2018-07-10,14:42:48,144080,1,144100,144130,1,11842,31696
2018-07-10,14:42:49,144080,1,144100,144120,2,11842,31696
2018-07-10,14:42:49,144080,1,144100,144120,3,11842,31696
2018-07-10,14:42:54,144060,4,144080,144120,3,11844,31694
2018-07-10,14:42:54,144070,1,144080,144110,1,11844,31694
2018-07-10,14:42:55,144070,1,144080,144120,3,11844,31694
2018-07-10,14:42:57,144070,2,144080,144080,1,11844,31694
2018-07-10,14:42:58,144100,3,144080,144120,2,11846,31694
2018-07-10,14:42:58,144080,3,144080,144120,3,11854,31696
2018-07-10,14:42:59,144070,2,144120,144150,1,11860,31694
2018-07-10,14:42:59,144080,1,144120,144140,1,11860,31694
2018-07-10,14:43:00,144080,1,144120,144140,1,11860,31694
2018-07-10,14:43:01,144090,1,144120,144130,1,11860,31694
2018-07-10,14:43:04,144090,1,144120,144130,1,11860,31694
2018-07-10,14:43:05,144100,1,144120,144130,1,11860,31694
2018-07-10,14:43:06,144100,1,144120,144140,1,11860,31694
2018-07-10,14:43:06,144090,1,144120,144140,1,11860,31694
2018-07-10,14:43:07,144100,1,144120,144140,1,11860,31694
2018-07-10,14:43:08,144100,1,144120,144140,1,11860,31694
2018-07-10,14:43:11,144100,1,144120,144140,1,11860,31694
2018-07-10,14:43:14,144090,1,144100,144100,2,11862,31694
2018-07-10,14:43:14,144120,3,144100,144140,1,11868,31694
2018-07-10,14:43:15,144100,4,144120,144120,4,11876,31694
2018-07-10,14:43:15,144080,1,144120,144140,1,11884,31694
2018-07-10,14:43:16,144080,1,144120,144130,1,11884,31694
2018-07-10,14:43:16,144080,1,144120,144120,1,11884,31694
2018-07-10,14:43:17,144080,1,144120,144110,1,11884,31694
2018-07-10,14:43:17,144080,1,144110,144120,1,11886,31694
2018-07-10,14:43:27,144080,1,144110,144120,1,11886,31694
2018-07-10,14:43:28,144080,1,144110,144120,1,11886,31694
2018-07-10,14:43:32,144080,1,144110,144120,1,11886,31694
2018-07-10,14:43:44,144080,1,144110,144120,1,11886,31694
2018-07-10,14:43:48,144080,1,144110,144120,1,11886,31694
2018-07-10,14:43:49,144080,2,144110,144120,1,11886,31694
2018-07-10,14:43:51,144080,2,144120,144130,1,11888,31694
2018-07-10,14:43:54,144140,8,144140,144150,2,11892,31696
2018-07-10,14:43:54,144070,1,144140,144140,2,11910,31708
2018-07-10,14:43:55,144080,1,144140,144130,2,11910,31708
2018-07-10,14:43:55,144090,1,144140,144130,2,11910,31708
2018-07-10,14:43:56,144090,1,144140,144130,1,11910,31708
2018-07-10,14:43:56,144100,1,144140,144130,1,11910,31708
2018-07-10,14:43:57,144100,1,144140,144140,2,11910,31708
2018-07-10,14:44:01,144100,1,144140,144140,1,11912,31710
2018-07-10,14:44:12,144100,1,144140,144140,1,11912,31710
2018-07-10,14:44:13,144100,1,144140,144140,2,11912,31710
2018-07-10,14:44:16,144100,1,144140,144140,3,11912,31710
2018-07-10,14:44:16,144100,1,144140,144140,2,11912,31710
2018-07-10,14:44:19,144100,1,144140,144140,2,11912,31710
2018-07-10,14:44:21,144100,2,144140,144140,2,11912,31710
2018-07-10,14:44:26,144100,2,144140,144130,1,11912,31710
2018-07-10,14:44:27,144100,1,144140,144130,1,11912,31710
2018-07-10,14:44:30,144100,1,144140,144130,1,11912,31710
2018-07-10,14:44:33,144110,1,144140,144130,1,11912,31710
2018-07-10,14:44:34,144110,1,144140,144130,1,11912,31710
2018-07-10,14:44:34,144110,2,144140,144130,1,11912,31710
2018-07-10,14:44:35,144110,2,144140,144120,1,11912,31710
2018-07-10,14:44:35,144120,1,144120,144130,1,11914,31710
2018-07-10,14:44:36,144110,2,144120,144130,1,11916,31710
2018-07-10,14:44:37,144120,1,144120,144130,1,11916,31710
2018-07-10,14:44:40,144110,2,144120,144120,4,11918,31708
2018-07-10,14:44:41,144100,1,144110,144120,4,11922,31710
2018-07-10,14:44:41,144080,1,144100,144100,1,11924,31710
2018-07-10,14:44:42,144070,1,144100,144120,4,11926,31708
2018-07-10,14:44:42,144070,1,144110,144120,4,11928,31706
2018-07-10,14:44:43,144070,1,144110,144110,1,11928,31706
2018-07-10,14:44:44,144070,1,144110,144110,2,11928,31706
2018-07-10,14:44:47,144070,1,144110,144110,1,11928,31706
2018-07-10,14:44:47,144080,1,144110,144110,1,11928,31706
2018-07-10,14:44:48,144080,1,144110,144120,5,11928,31706
2018-07-10,14:44:49,144080,1,144110,144100,1,11928,31706
2018-07-10,14:44:55,144080,1,144110,144100,1,11928,31706
2018-07-10,14:45:02,144080,1,144110,144100,1,11928,31706
2018-07-10,14:45:03,144070,1,144080,144100,1,11930,31706
2018-07-10,14:45:03,144080,1,144080,144100,1,11930,31706
2018-07-10,14:45:04,144070,1,144080,144100,1,11932,31706
2018-07-10,14:45:07,144080,1,144080,144100,1,11932,31706
2018-07-10,14:45:10,144080,1,144080,144120,6,11932,31706
2018-07-10,14:45:11,144080,1,144080,144110,1,11932,31706
2018-07-10,14:45:14,144080,1,144080,144110,2,11932,31706
2018-07-10,14:45:16,144070,1,144080,144110,2,11934,31706
2018-07-10,14:45:19,144070,1,144080,144100,1,11934,31706
2018-07-10,14:45:23,144070,1,144080,144100,2,11934,31706
2018-07-10,14:45:43,144070,1,144080,144100,1,11934,31706
2018-07-10,14:45:55,144070,1,144080,144100,2,11934,31706
2018-07-10,14:45:58,144070,1,144080,144100,2,11934,31706
2018-07-10,14:46:00,144070,3,144080,144100,2,11934,31706
2018-07-10,14:46:08,144070,4,144080,144100,2,11934,31706
2018-07-10,14:46:22,144070,4,144080,144100,2,11934,31706
2018-07-10,14:46:23,144070,4,144080,144100,2,11934,31706
2018-07-10,14:46:35,144070,4,144080,144100,2,11934,31706
2018-07-10,14:46:41,144070,4,144080,144100,2,11934,31706
2018-07-10,14:46:52,144070,4,144080,144100,2,11934,31706
2018-07-10,14:46:54,144070,4,144080,144100,2,11934,31706
2018-07-10,14:46:57,144070,5,144080,144100,2,11934,31706
2018-07-10,14:46:59,144080,1,144080,144100,2,11934,31706
2018-07-10,14:47:00,144080,1,144080,144100,2,11934,31706
2018-07-10,14:47:01,144070,4,144080,144100,2,11934,31706
2018-07-10,14:47:02,144080,1,144080,144100,2,11934,31706
2018-07-10,14:47:04,144070,3,144070,144100,2,11936,31706
2018-07-10,14:47:05,144080,1,144070,144100,2,11936,31706
2018-07-10,14:47:07,144070,3,144070,144100,2,11936,31706
2018-07-10,14:47:10,144070,3,144070,144100,2,11936,31706
2018-07-10,14:47:14,144070,3,144070,144100,2,11936,31706
2018-07-10,14:47:22,144080,1,144070,144100,2,11936,31706
2018-07-10,14:47:38,144080,7,144070,144100,2,11936,31706
2018-07-10,14:47:39,144090,1,144100,144130,1,11948,31708
2018-07-10,14:47:48,144090,1,144100,144130,1,11948,31708
2018-07-10,14:47:54,144090,1,144100,144120,1,11948,31708
2018-07-10,14:47:54,144100,1,144100,144120,1,11948,31708
2018-07-10,14:47:55,144100,1,144100,144120,1,11948,31708
2018-07-10,14:47:55,144100,2,144100,144120,1,11948,31708
2018-07-10,14:48:03,144100,2,144100,144120,1,11948,31708
2018-07-10,14:48:04,144100,2,144100,144120,1,11948,31708
2018-07-10,14:48:04,144100,2,144120,144130,1,11950,31710
2018-07-10,14:48:05,144080,7,144100,144130,1,11952,31710
2018-07-10,14:48:05,144090,1,144100,144130,1,11952,31710
2018-07-10,14:48:08,144100,1,144100,144130,1,11952,31710
2018-07-10,14:48:09,144090,1,144100,144130,1,11952,31710
2018-07-10,14:48:15,144090,1,144100,144130,1,11952,31710
2018-07-10,14:48:26,144090,1,144100,144130,1,11952,31710
2018-07-10,14:49:00,144090,1,144100,144130,1,11952,31710
2018-07-10,14:49:01,144090,2,144100,144130,1,11952,31710
2018-07-10,14:49:20,144090,2,144100,144130,1,11952,31710
2018-07-10,14:49:21,144090,2,144100,144120,1,11952,31710
2018-07-10,14:49:28,144090,2,144100,144120,1,11952,31710
2018-07-10,14:49:32,144090,3,144100,144120,1,11952,31710
2018-07-10,14:49:34,144090,4,144100,144120,2,11952,31710
2018-07-10,14:49:34,144090,5,144100,144120,2,11952,31710
2018-07-10,14:49:50,144090,5,144100,144120,2,11952,31710
2018-07-10,14:49:51,144090,6,144100,144120,2,11952,31710
2018-07-10,14:49:51,144090,5,144090,144120,2,11954,31710
2018-07-10,14:50:03,144090,5,144120,144130,1,11958,31708
2018-07-10,14:50:04,144100,1,144120,144130,1,11958,31708
2018-07-10,14:50:04,144110,1,144120,144130,1,11958,31708
2018-07-10,14:50:05,144110,5,144120,144130,1,11958,31708
2018-07-10,14:50:05,144130,2,144130,144140,1,11960,31708
2018-07-10,14:50:06,144140,1,144140,144160,1,11962,31710
2018-07-10,14:50:06,144140,2,144130,144160,1,11968,31704
2018-07-10,14:50:07,144140,1,144140,144160,1,11972,31704
2018-07-10,14:50:07,144100,1,144140,144160,1,11974,31704
2018-07-10,14:50:08,144100,1,144140,144150,1,11974,31704
2018-07-10,14:50:09,144100,1,144140,144140,5,11974,31704
2018-07-10,14:50:15,144090,1,144100,144100,1,11976,31704
2018-07-10,14:50:15,144080,6,144090,144090,1,11982,31700
2018-07-10,14:50:16,144100,2,144090,144140,5,11984,31700
2018-07-10,14:50:16,144100,2,144090,144130,1,11984,31700
2018-07-10,14:50:17,144100,2,144090,144130,2,11984,31700
2018-07-10,14:50:18,144100,2,144090,144120,1,11984,31700
2018-07-10,14:50:18,144100,2,144120,144130,2,11986,31700
2018-07-10,14:50:19,144100,2,144130,144130,1,11988,31700
2018-07-10,14:50:22,144100,2,144130,144130,1,11988,31700
2018-07-10,14:50:22,144100,3,144130,144130,1,11988,31700
2018-07-10,14:50:24,144100,3,144130,144130,1,11988,31700
2018-07-10,14:50:30,144100,2,144100,144130,2,11990,31698
2018-07-10,14:50:32,144100,2,144100,144130,3,11990,31698
2018-07-10,14:50:35,144100,2,144130,144130,2,11992,31698
2018-07-10,14:50:37,144100,1,144100,144130,2,11994,31696
2018-07-10,14:50:47,144100,1,144100,144130,2,11994,31696
2018-07-10,14:51:06,144100,1,144100,144130,2,11994,31696
2018-07-10,14:51:09,144100,1,144100,144130,2,11994,31696
2018-07-10,14:51:09,144100,3,144100,144130,2,11994,31696
2018-07-10,14:51:10,144100,3,144100,144130,2,11994,31696
2018-07-10,14:51:13,144100,3,144100,144120,1,11994,31696
2018-07-10,14:51:14,144100,3,144100,144110,1,11994,31696
2018-07-10,14:51:16,144100,3,144100,144110,1,11994,31696
2018-07-10,14:51:16,144100,3,144100,144110,1,11994,31696
2018-07-10,14:51:18,144100,2,144100,144110,1,11996,31696
2018-07-10,14:51:19,144080,6,144100,144110,1,12000,31696
2018-07-10,14:51:19,144080,6,144100,144120,1,12000,31696
2018-07-10,14:51:20,144080,6,144100,144090,1,12000,31696
2018-07-10,14:51:20,144080,6,144090,144120,1,12002,31696
2018-07-10,14:51:21,144080,1,144080,144120,1,12012,31686
2018-07-10,14:51:22,144060,6,144080,144110,1,12014,31684
2018-07-10,14:51:23,144060,6,144110,144120,1,12016,31684
2018-07-10,14:51:24,144070,2,144110,144120,1,12016,31684
2018-07-10,14:51:24,144080,1,144110,144120,1,12016,31684
2018-07-10,14:51:30,144080,1,144110,144120,1,12016,31684
2018-07-10,14:51:30,144070,2,144080,144120,1,12018,31684
2018-07-10,14:51:31,144070,2,144080,144110,1,12018,31684
2018-07-10,14:51:31,144070,1,144080,144110,1,12018,31684
2018-07-10,14:51:32,144060,6,144080,144110,1,12018,31684
2018-07-10,14:51:33,144080,1,144080,144110,1,12018,31684
2018-07-10,14:51:34,144080,1,144080,144110,1,12018,31684
2018-07-10,14:51:41,144080,1,144080,144110,1,12018,31684
2018-07-10,14:51:42,144080,1,144080,144110,1,12018,31684
2018-07-10,14:51:48,144080,1,144080,144100,1,12018,31684
2018-07-10,14:51:50,144080,1,144080,144100,1,12018,31684
2018-07-10,14:51:54,144090,3,144080,144100,1,12020,31684
2018-07-10,14:51:55,144110,1,144110,144120,1,12024,31680
2018-07-10,14:51:55,144070,1,144110,144120,1,12026,31678
2018-07-10,14:51:56,144080,1,144110,144120,1,12026,31678
2018-07-10,14:52:04,144100,1,144110,144120,1,12026,31678
2018-07-10,14:52:07,144100,1,144110,144130,2,12026,31678
2018-07-10,14:52:16,144080,1,144100,144100,4,12028,31676
2018-07-10,14:52:17,144070,1,144080,144100,4,12030,31674
2018-07-10,14:52:19,144080,1,144080,144100,4,12030,31674
2018-07-10,14:52:21,144080,2,144080,144100,4,12030,31674
2018-07-10,14:52:30,144080,2,144080,144100,4,12030,31674
2018-07-10,14:52:31,144080,1,144080,144100,4,12032,31672
2018-07-10,14:52:31,144070,1,144080,144100,4,12034,31674
2018-07-10,14:52:33,144070,1,144080,144080,1,12034,31674
2018-07-10,14:52:41,144060,7,144070,144080,1,12036,31672
2018-07-10,14:52:47,144060,7,144070,144100,4,12036,31672
2018-07-10,14:52:48,144060,7,144070,144070,2,12036,31672
2018-07-10,14:52:49,144020,2,144020,144070,2,12056,31656
2018-07-10,14:52:50,144020,2,144020,144060,1,12056,31656
2018-07-10,14:52:50,144000,1,144020,144060,1,12060,31652
2018-07-10,14:52:51,144010,1,144020,144050,1,12060,31652
2018-07-10,14:52:51,144010,1,144020,144060,1,12060,31652
2018-07-10,14:52:53,144000,1,144010,144060,1,12062,31652
2018-07-10,14:52:54,144000,1,144010,144050,1,12062,31652
2018-07-10,14:52:57,144010,1,144010,144050,1,12062,31652
2018-07-10,14:52:58,144010,1,144010,144060,1,12062,31652
2018-07-10,14:52:59,144000,1,144010,144060,1,12064,31652
2018-07-10,14:52:59,144000,1,144010,144050,1,12064,31652
2018-07-10,14:53:00,144000,1,144010,144040,1,12064,31652
2018-07-10,14:53:02,144000,1,144010,144040,1,12064,31652
2018-07-10,14:53:02,144000,1,144010,144040,1,12064,31652
2018-07-10,14:53:04,144000,1,144010,144040,1,12064,31652
2018-07-10,14:53:09,144000,2,144010,144040,1,12064,31652
2018-07-10,14:53:13,144010,1,144010,144040,1,12064,31652
2018-07-10,14:53:13,144000,2,144010,144040,1,12066,31650
2018-07-10,14:53:17,144000,2,144010,144040,1,12066,31650
2018-07-10,14:53:17,144000,2,144010,144040,2,12066,31650
2018-07-10,14:53:18,144000,2,144010,144010,2,12066,31650
2018-07-10,14:53:18,144000,1,144010,144010,2,12066,31650
2018-07-10,14:53:19,144000,1,144010,144010,1,12070,31646
2018-07-10,14:53:19,144000,1,144010,144040,1,12072,31646
2018-07-10,14:53:21,144000,2,144010,144040,1,12072,31646
2018-07-10,14:53:24,144000,2,144010,144040,1,12072,31646
2018-07-10,14:53:25,143990,1,144000,144000,18,12076,31646
2018-07-10,14:53:25,143960,2,144000,144040,1,12128,31626
2018-07-10,14:53:26,143970,1,144000,144040,1,12128,31626
2018-07-10,14:53:26,143980,2,144000,144030,3,12128,31626
2018-07-10,14:53:30,143980,2,144000,144020,1,12128,31626
2018-07-10,14:53:30,143980,1,144030,144030,1,12136,31624
2018-07-10,14:53:32,143990,1,144030,144030,1,12136,31624
2018-07-10,14:53:34,143990,2,144030,144030,1,12136,31624
2018-07-10,14:53:47,143990,2,144030,144030,1,12136,31624
2018-07-10,14:53:50,143990,2,144030,144040,1,12138,31624
2018-07-10,14:53:51,144000,1,144030,144040,1,12138,31624
2018-07-10,14:53:53,144000,1,144030,144040,1,12138,31624
2018-07-10,14:53:55,144000,2,144030,144040,1,12138,31624
2018-07-10,14:53:57,144000,3,144030,144040,1,12138,31624
2018-07-10,14:53:57,144000,2,144000,144040,1,12140,31622
2018-07-10,14:53:59,144000,2,144000,144030,1,12140,31622
2018-07-10,14:53:59,144000,2,144000,144030,1,12140,31622
2018-07-10,14:54:00,144000,1,144000,144030,1,12140,31622
2018-07-10,14:54:03,144000,2,144000,144030,1,12140,31622
2018-07-10,14:54:03,144000,2,144000,144030,1,12140,31622
2018-07-10,14:54:06,144000,2,144030,144040,1,12142,31622
2018-07-10,14:54:06,144000,5,144030,144040,1,12142,31622
2018-07-10,14:54:07,144000,5,144030,144050,1,12142,31622
2018-07-10,14:54:08,144010,1,144030,144050,1,12142,31622
2018-07-10,14:54:10,144030,1,144030,144050,1,12142,31622
2018-07-10,14:54:10,144030,1,144030,144050,1,12142,31622
2018-07-10,14:54:11,144030,1,144030,144050,1,12142,31622
2018-07-10,14:54:11,144010,1,144030,144050,1,12144,31620
2018-07-10,14:54:21,144010,1,144030,144050,1,12144,31620
2018-07-10,14:54:35,144010,1,144050,144060,2,12146,31620
2018-07-10,14:54:36,144010,1,144050,144050,1,12146,31620
2018-07-10,14:54:37,144010,2,144050,144050,1,12146,31620
2018-07-10,14:54:39,144010,3,144050,144050,1,12146,31620
2018-07-10,14:54:39,144010,4,144050,144050,1,12146,31620
2018-07-10,14:54:41,144010,4,144050,144050,1,12146,31620
2018-07-10,14:54:42,144010,5,144050,144050,1,12146,31620
2018-07-10,14:54:43,144020,1,144050,144060,2,12146,31620
2018-07-10,14:54:44,144020,1,144050,144060,2,12146,31620
2018-07-10,14:54:45,144020,2,144050,144060,2,12146,31620
2018-07-10,14:54:46,144020,2,144050,144050,1,12146,31620
2018-07-10,14:54:46,144030,1,144050,144050,1,12146,31620
2018-07-10,14:54:47,144030,1,144050,144060,2,12148,31618
2018-07-10,14:54:56,144030,2,144050,144060,2,12148,31618
2018-07-10,14:54:57,144040,1,144050,144060,2,12148,31618
2018-07-10,14:54:58,144040,2,144050,144060,2,12148,31618
2018-07-10,14:54:59,144040,3,144050,144060,2,12148,31618
2018-07-10,14:54:59,144060,1,144060,144130,2,12152,31618
2018-07-10,14:55:00,144060,1,144060,144120,1,12154,31618
2018-07-10,14:55:00,144060,1,144060,144110,2,12154,31618
2018-07-10,14:55:01,144060,1,144060,144100,1,12154,31618
2018-07-10,14:55:01,144060,1,144060,144090,1,12154,31618
2018-07-10,14:55:02,144060,2,144060,144080,1,12154,31618
2018-07-10,14:55:05,144060,3,144060,144080,1,12154,31618
2018-07-10,14:55:05,144060,1,144060,144080,1,12158,31618
2018-07-10,14:55:06,144040,2,144060,144080,1,12160,31620
2018-07-10,14:55:06,144040,2,144060,144070,1,12160,31620
2018-07-10,14:55:07,144040,2,144060,144070,1,12160,31620
2018-07-10,14:55:07,144040,2,144060,144060,1,12160,31620
2018-07-10,14:55:09,144040,3,144060,144060,1,12160,31620
2018-07-10,14:55:10,144040,4,144060,144070,1,12162,31618
2018-07-10,14:55:11,144040,5,144060,144070,1,12162,31618
2018-07-10,14:55:11,144040,5,144050,144070,1,12164,31616
2018-07-10,14:55:12,144040,6,144050,144070,1,12164,31616
2018-07-10,14:55:15,144040,6,144050,144070,1,12164,31616
2018-07-10,14:55:16,144040,6,144050,144070,1,12164,31616
2018-07-10,14:55:19,144040,6,144050,144070,1,12164,31616
2018-07-10,14:55:20,144040,6,144050,144070,1,12164,31616
2018-07-10,14:55:21,144040,6,144070,144080,1,12166,31614
2018-07-10,14:55:22,144050,1,144070,144080,1,12166,31614
2018-07-10,14:55:23,144050,1,144070,144080,1,12166,31614
2018-07-10,14:55:23,144050,2,144070,144080,1,12166,31614
2018-07-10,14:55:25,144050,2,144080,144090,1,12168,31616
2018-07-10,14:55:26,144060,1,144080,144090,1,12168,31616
2018-07-10,14:55:26,144060,1,144080,144090,1,12168,31616
2018-07-10,14:55:27,144060,2,144080,144090,1,12168,31616
2018-07-10,14:55:28,144060,2,144080,144090,1,12168,31616
2018-07-10,14:55:31,144060,2,144080,144090,1,12168,31616
2018-07-10,14:55:36,144060,2,144080,144090,1,12168,31616
2018-07-10,14:55:38,144060,2,144080,144090,1,12168,31616
2018-07-10,14:55:40,144060,3,144080,144090,1,12168,31616
2018-07-10,14:55:41,144060,4,144080,144090,1,12168,31616
2018-07-10,14:55:41,144060,5,144080,144090,1,12168,31616
2018-07-10,14:55:42,144060,6,144080,144090,1,12168,31616
2018-07-10,14:55:43,144060,2,144060,144090,1,12178,31612
2018-07-10,14:55:50,144060,17,144060,144090,1,12178,31612
2018-07-10,14:55:50,144060,2,144060,144090,1,12178,31612
2018-07-10,14:56:00,144060,2,144060,144090,1,12178,31612
2018-07-10,14:56:02,144050,1,144060,144060,1,12182,31612
2018-07-10,14:56:03,144030,1,144050,144060,1,12184,31614
2018-07-10,14:56:06,144030,2,144050,144060,1,12184,31614
2018-07-10,14:56:06,144040,1,144050,144060,1,12184,31614
2018-07-10,14:56:15,144060,3,144060,144090,1,12186,31612
2018-07-10,14:56:15,144060,3,144060,144070,1,12186,31612
2018-07-10,14:56:16,144060,4,144060,144070,1,12186,31612
2018-07-10,14:56:19,144060,4,144060,144070,1,12186,31612
2018-07-10,14:56:23,144060,5,144060,144070,1,12186,31612
2018-07-10,14:56:23,144060,5,144070,144090,1,12188,31612
2018-07-10,14:56:28,144060,5,144070,144090,1,12188,31612
2018-07-10,14:56:30,144060,5,144070,144090,1,12188,31612
2018-07-10,14:56:31,144060,5,144070,144090,1,12188,31612
2018-07-10,14:56:31,144060,6,144070,144090,1,12188,31612
2018-07-10,14:56:33,144060,5,144070,144090,1,12188,31612
2018-07-10,14:56:34,144060,4,144070,144090,1,12188,31612
2018-07-10,14:56:39,144070,2,144070,144090,1,12188,31612
2018-07-10,14:56:39,144070,2,144070,144090,1,12188,31612
2018-07-10,14:56:44,144070,1,144070,144090,1,12190,31610
2018-07-10,14:56:56,144070,1,144070,144090,1,12190,31610
2018-07-10,14:57:10,144070,1,144070,144090,1,12190,31610
2018-07-10,14:57:11,144030,1,144060,144090,1,12200,31602
2018-07-10,14:57:11,144010,3,144030,144090,1,12202,31602
2018-07-10,14:57:12,144020,2,144030,144090,1,12202,31602
2018-07-10,14:57:12,144030,1,144030,144090,1,12202,31602
2018-07-10,14:57:13,144030,2,144030,144090,1,12202,31602
2018-07-10,14:57:13,144040,1,144030,144090,1,12202,31602
2018-07-10,14:57:15,144040,1,144090,144100,1,12204,31600
2018-07-10,14:57:15,144040,1,144090,144100,1,12204,31600
2018-07-10,14:57:16,144040,1,144090,144090,1,12204,31600
2018-07-10,14:57:20,144040,1,144090,144090,1,12204,31600
2018-07-10,14:57:27,144040,1,144090,144090,1,12204,31600
2018-07-10,14:57:28,144040,1,144090,144090,1,12204,31600
2018-07-10,14:57:31,144040,1,144090,144090,1,12204,31600
2018-07-10,14:57:31,144060,1,144090,144090,1,12204,31600
2018-07-10,14:57:36,144060,1,144090,144090,2,12204,31600
2018-07-10,14:57:38,144060,1,144090,144080,2,12204,31600
2018-07-10,14:57:38,144060,1,144090,144080,2,12204,31600
2018-07-10,14:57:44,144040,1,144060,144080,2,12206,31600
2018-07-10,14:57:44,144040,1,144060,144070,1,12206,31600
2018-07-10,14:57:46,144040,1,144060,144070,1,12206,31600
2018-07-10,14:57:51,144060,1,144060,144070,1,12206,31600
2018-07-10,14:57:51,144040,1,144060,144080,2,12208,31600
2018-07-10,14:57:52,144040,1,144060,144070,1,12208,31600
2018-07-10,14:57:52,144040,1,144060,144060,1,12208,31600
2018-07-10,14:57:53,144030,1,144060,144060,1,12208,31600
2018-07-10,14:57:53,144030,1,144060,144060,1,12208,31600
2018-07-10,14:57:57,144030,1,144060,144060,1,12208,31600
2018-07-10,14:58:00,144030,1,144050,144070,2,12210,31598
2018-07-10,14:58:01,144040,1,144070,144060,1,12212,31596
2018-07-10,14:58:01,144010,3,144050,144060,1,12216,31594
2018-07-10,14:58:02,144010,3,144050,144050,1,12216,31594
2018-07-10,14:58:02,144010,3,144050,144040,1,12216,31594
2018-07-10,14:58:03,144020,1,144050,144030,1,12216,31594
2018-07-10,14:58:03,144020,1,144030,144090,1,12218,31592
2018-07-10,14:58:04,144020,1,144030,144080,1,12218,31592
2018-07-10,14:58:04,144030,1,144030,144080,1,12218,31592
2018-07-10,14:58:08,144030,1,144030,144060,2,12218,31592
2018-07-10,14:58:09,144030,1,144030,144050,1,12218,31592
2018-07-10,14:58:09,144020,1,144030,144050,1,12218,31592
2018-07-10,14:58:11,144020,1,144060,144060,1,12222,31592
2018-07-10,14:58:11,144010,3,144020,144060,1,12224,31592
2018-07-10,14:58:12,144010,3,144020,144050,1,12224,31592
2018-07-10,14:58:16,144050,1,144050,144060,1,12226,31592
2018-07-10,14:58:17,144010,3,144050,144050,2,12228,31592
2018-07-10,14:58:19,144020,1,144050,144050,2,12228,31592
2018-07-10,14:58:21,144020,1,144050,144050,2,12228,31592
2018-07-10,14:58:22,144050,1,144050,144060,1,12232,31588
2018-07-10,14:58:23,144050,1,144060,144080,2,12234,31586
2018-07-10,14:58:24,144050,2,144060,144080,2,12234,31586
2018-07-10,14:58:24,144050,2,144080,144090,1,12238,31584
2018-07-10,14:58:25,144050,1,144050,144090,1,12240,31584
2018-07-10,14:58:26,144050,2,144050,144090,1,12240,31584
2018-07-10,14:58:32,144050,1,144050,144100,1,12246,31586
2018-07-10,14:58:33,144020,2,144050,144110,6,12250,31586
2018-07-10,14:58:33,144030,1,144050,144100,1,12250,31586
2018-07-10,14:58:34,144020,2,144030,144110,6,12254,31586
2018-07-10,14:58:34,144030,2,144030,144100,2,12254,31586
2018-07-10,14:58:35,144030,2,144030,144100,2,12254,31586
2018-07-10,14:58:36,144030,2,144030,144100,2,12254,31586
2018-07-10,14:58:39,144030,2,144030,144090,1,12254,31586
2018-07-10,14:58:40,144030,2,144030,144090,1,12254,31586
2018-07-10,14:58:41,144030,2,144030,144080,1,12254,31586
2018-07-10,14:58:42,144030,2,144080,144090,1,12256,31586
2018-07-10,14:58:43,144040,1,144080,144090,1,12256,31586
2018-07-10,14:58:44,144090,1,144090,144110,6,12260,31586
2018-07-10,14:58:45,144030,2,144090,144110,6,12262,31584
2018-07-10,14:58:45,144040,1,144090,144100,1,12262,31584
2018-07-10,14:58:46,144050,1,144090,144100,1,12262,31584
2018-07-10,14:58:46,144050,1,144090,144100,1,12262,31584
2018-07-10,14:58:47,144060,1,144090,144100,1,12262,31584
2018-07-10,14:58:49,144060,1,144090,144100,1,12262,31584
2018-07-10,14:58:51,144060,1,144090,144100,1,12262,31584
2018-07-10,14:58:52,144100,1,144100,144110,6,12264,31582
2018-07-10,14:58:53,144060,1,144100,144100,1,12266,31580
2018-07-10,14:58:53,144060,2,144100,144100,1,12266,31580
2018-07-10,14:58:54,144060,2,144100,144100,1,12266,31580
2018-07-10,14:58:54,144060,1,144100,144100,1,12266,31580
2018-07-10,14:58:57,144050,2,144060,144060,9,12268,31578
2018-07-10,14:58:58,144050,2,144060,144100,1,12268,31578
2018-07-10,14:58:58,144050,1,144060,144100,1,12268,31578
2018-07-10,14:58:59,144050,1,144060,144100,2,12268,31578
2018-07-10,14:58:59,144050,1,144060,144090,1,12268,31578
2018-07-10,14:59:00,144050,1,144060,144090,1,12268,31578
2018-07-10,14:59:01,144050,1,144060,144090,1,12268,31578
2018-07-10,14:59:01,144050,1,144060,144080,1,12268,31578
2018-07-10,14:59:02,144050,1,144060,144080,1,12268,31578
2018-07-10,14:59:03,144040,2,144050,144080,1,12270,31580
2018-07-10,14:59:04,144060,1,144050,144080,1,12270,31580
2018-07-10,14:59:05,144040,2,144050,144080,1,12272,31580
2018-07-10,14:59:05,144040,1,144050,144080,1,12272,31580
2018-07-10,14:59:06,144050,1,144050,144080,1,12272,31580
2018-07-10,14:59:09,144050,1,144050,144080,1,12272,31580
2018-07-10,14:59:15,144050,1,144050,144080,1,12272,31580
2018-07-10,14:59:16,144040,1,144050,144080,1,12272,31580
2018-07-10,14:59:19,144040,1,144050,144080,1,12272,31580
2018-07-10,14:59:20,144040,2,144080,144090,1,12274,31578
2018-07-10,14:59:21,144050,1,144080,144090,1,12274,31578
2018-07-10,14:59:23,144040,2,144050,144090,1,12276,31578
2018-07-10,14:59:23,144040,1,144050,144080,1,12276,31578
2018-07-10,14:59:26,144040,1,144050,144080,1,12276,31578
2018-07-10,14:59:26,144050,1,144080,144090,1,12280,31578
2018-07-10,14:59:27,144080,1,144080,144090,1,12280,31578
2018-07-10,14:59:27,144050,1,144080,144080,1,12282,31580
2018-07-10,14:59:28,144060,1,144080,144080,1,12282,31580
2018-07-10,14:59:28,144050,1,144080,144080,1,12282,31580
2018-07-10,14:59:29,144050,1,144080,144080,1,12282,31580
2018-07-10,14:59:30,144050,1,144080,144090,1,12284,31580
2018-07-10,14:59:30,144050,1,144100,144110,6,12288,31580
2018-07-10,14:59:31,144050,1,144100,144110,6,12288,31580
2018-07-10,14:59:31,144060,3,144100,144110,6,12288,31580
2018-07-10,14:59:33,144060,3,144100,144110,6,12288,31580
2018-07-10,14:59:34,144060,3,144100,144110,6,12288,31580
2018-07-10,14:59:34,144060,2,144060,144110,6,12290,31578
2018-07-10,14:59:35,144060,2,144060,144110,6,12290,31578
2018-07-10,14:59:35,144060,2,144060,144110,6,12290,31578
2018-07-10,14:59:36,144060,2,144060,144100,1,12290,31578
2018-07-10,14:59:37,144060,2,144100,144110,6,12292,31578
2018-07-10,14:59:37,144060,2,144100,144110,6,12292,31578
2018-07-10,14:59:38,144050,1,144060,144110,6,12296,31580
2018-07-10,14:59:39,144050,1,144060,144100,2,12296,31580
2018-07-10,14:59:39,144050,1,144060,144100,3,12296,31580
2018-07-10,14:59:40,144050,1,144060,144100,4,12296,31580
2018-07-10,14:59:41,144070,1,144100,144100,2,12298,31580
2018-07-10,14:59:41,144050,1,144070,144100,2,12300,31578
2018-07-10,14:59:42,144050,1,144060,144100,1,12302,31578
2018-07-10,14:59:43,144050,1,144060,144090,1,12302,31578
2018-07-10,14:59:43,144050,1,144060,144070,1,12302,31578
2018-07-10,14:59:45,144050,1,144090,144100,2,12306,31578
2018-07-10,14:59:45,144050,1,144090,144060,1,12306,31578
2018-07-10,14:59:46,144060,1,144060,144100,1,12310,31580
2018-07-10,14:59:46,144080,1,144060,144100,1,12310,31580
2018-07-10,14:59:47,144090,1,144060,144100,1,12310,31580
2018-07-10,14:59:47,144090,4,144090,144100,1,12312,31578
2018-07-10,14:59:48,144090,4,144090,144110,6,12312,31578
2018-07-10,14:59:48,144090,3,144090,144110,6,12314,31576
2018-07-10,14:59:49,144050,1,144090,144110,6,12320,31570
2018-07-10,14:59:50,144050,1,144090,144110,6,12320,31570
2018-07-10,14:59:51,144100,2,144090,144110,6,12320,31570
2018-07-10,14:59:51,144050,1,144100,144090,2,12324,31570
2018-07-10,14:59:52,144050,1,144100,144090,1,12326,31570
2018-07-10,14:59:52,144050,1,144100,144090,1,12326,31570
2018-07-10,14:59:55,144050,1,144100,144090,1,12326,31570
2018-07-10,14:59:56,144050,1,144100,144090,1,12326,31570
2018-07-10,14:59:57,144050,1,144100,144090,1,12326,31570
2018-07-10,14:59:57,144050,1,144100,144090,1,12326,31570
2018-07-10,14:59:59,144050,1,144100,144090,1,12326,31570
2018-07-10,15:00:00,144050,1,144100,144090,1,12326,31570
2018-07-10,15:18:56,144050,1,144100,144090,1,12326,31570
